priority_code,priority_name,table_name,table_comment,field_order,field_name,field_comment,data_type,length,scale,nullable,default_value,dict_code,primary_key,foreign_key,foreign_key_ref,unique_key_part,remark
P0,核心运行层,pro_plant_master,工厂主数据表,1,plant_id,工厂ID,bigint,20,,N,,,Y,N,,N,主键，建议使用雪花ID或数据库统一ID生成策略。
P0,核心运行层,pro_plant_master,工厂主数据表,2,plant_code,工厂编码,varchar,64,,N,,,N,N,,Y,基础版字段定义，后续可按数据库规范细化。
P0,核心运行层,pro_plant_master,工厂主数据表,3,plant_name,工厂名称,varchar,128,,N,,,N,N,,N,基础版字段定义，后续可按数据库规范细化。
P0,核心运行层,pro_plant_master,工厂主数据表,4,plant_type,工厂类型,varchar,32,,Y,,type_dict,N,N,,N,基础版字段定义，后续可按数据库规范细化。
P0,核心运行层,pro_plant_master,工厂主数据表,5,address,地址,varchar,500,,Y,,,N,N,,N,基础版字段定义，后续可按数据库规范细化。
P0,核心运行层,pro_plant_master,工厂主数据表,6,status,状态,varchar,20,,N,0,status_dict,N,N,,N,基础版字段定义，后续可按数据库规范细化。
P0,核心运行层,pro_plant_master,工厂主数据表,7,sort_no,排序号,int,11,,N,0,,N,N,,N,基础版字段定义，后续可按数据库规范细化。
P0,核心运行层,pro_plant_master,工厂主数据表,8,create_by,创建人,varchar,64,,N,,,N,N,,N,基础版字段定义，后续可按数据库规范细化。
P0,核心运行层,pro_plant_master,工厂主数据表,9,create_time,创建时间,datetime,,,N,,,N,N,,N,基础版字段定义，后续可按数据库规范细化。
P0,核心运行层,pro_plant_master,工厂主数据表,10,update_by,更新人,varchar,64,,Y,,,N,N,,N,基础版字段定义，后续可按数据库规范细化。
P0,核心运行层,pro_plant_master,工厂主数据表,11,update_time,更新时间,datetime,,,Y,,,N,N,,N,基础版字段定义，后续可按数据库规范细化。
P0,核心运行层,pro_plant_master,工厂主数据表,12,del_flag,逻辑删除标识,char,1,,N,'0',sys_del_flag,N,N,,,0存在 2删除
P0,核心运行层,pro_plant_master,工厂主数据表,13,remark,备注,varchar,500,,Y,,,N,N,,N,基础版字段定义，后续可按数据库规范细化。
P0,核心运行层,pro_workshop_master,车间主数据表,1,workshop_id,车间ID,bigint,20,,N,,,Y,N,,N,主键，建议使用雪花ID或数据库统一ID生成策略。
P0,核心运行层,pro_workshop_master,车间主数据表,2,plant_id,工厂ID,bigint,20,,N,,,N,Y,pro_plant_master.plant_id,Y,基础版字段定义，后续可按数据库规范细化。
P0,核心运行层,pro_workshop_master,车间主数据表,3,workshop_code,车间编码,varchar,64,,N,,,N,N,,Y,基础版字段定义，后续可按数据库规范细化。
P0,核心运行层,pro_workshop_master,车间主数据表,4,workshop_name,车间名称,varchar,128,,N,,,N,N,,N,基础版字段定义，后续可按数据库规范细化。
P0,核心运行层,pro_workshop_master,车间主数据表,5,workshop_type,车间类型,varchar,32,,Y,,type_dict,N,N,,N,基础版字段定义，后续可按数据库规范细化。
P0,核心运行层,pro_workshop_master,车间主数据表,6,status,状态,varchar,20,,N,0,status_dict,N,N,,N,基础版字段定义，后续可按数据库规范细化。
P0,核心运行层,pro_workshop_master,车间主数据表,7,sort_no,排序号,int,11,,N,0,,N,N,,N,基础版字段定义，后续可按数据库规范细化。
P0,核心运行层,pro_workshop_master,车间主数据表,8,create_by,创建人,varchar,64,,N,,,N,N,,N,基础版字段定义，后续可按数据库规范细化。
P0,核心运行层,pro_workshop_master,车间主数据表,9,create_time,创建时间,datetime,,,N,,,N,N,,N,基础版字段定义，后续可按数据库规范细化。
P0,核心运行层,pro_workshop_master,车间主数据表,10,update_by,更新人,varchar,64,,Y,,,N,N,,N,基础版字段定义，后续可按数据库规范细化。
P0,核心运行层,pro_workshop_master,车间主数据表,11,update_time,更新时间,datetime,,,Y,,,N,N,,N,基础版字段定义，后续可按数据库规范细化。
P0,核心运行层,pro_workshop_master,车间主数据表,12,del_flag,逻辑删除标识,char,1,,N,'0',sys_del_flag,N,N,,,0存在 2删除
P0,核心运行层,pro_workshop_master,车间主数据表,13,remark,备注,varchar,500,,Y,,,N,N,,N,基础版字段定义，后续可按数据库规范细化。
P0,核心运行层,pro_production_line_master,产线主数据表,1,line_id,产线ID,bigint,20,,N,,,Y,N,,N,主键，建议使用雪花ID或数据库统一ID生成策略。
P0,核心运行层,pro_production_line_master,产线主数据表,2,plant_id,工厂ID,bigint,20,,N,,,N,Y,pro_plant_master.plant_id,N,基础版字段定义，后续可按数据库规范细化。
P0,核心运行层,pro_production_line_master,产线主数据表,3,workshop_id,车间ID,bigint,20,,N,,,N,Y,pro_workshop_master.workshop_id,Y,基础版字段定义，后续可按数据库规范细化。
P0,核心运行层,pro_production_line_master,产线主数据表,4,line_code,产线编码,varchar,64,,N,,,N,N,,Y,基础版字段定义，后续可按数据库规范细化。
P0,核心运行层,pro_production_line_master,产线主数据表,5,line_name,产线名称,varchar,128,,N,,,N,N,,N,基础版字段定义，后续可按数据库规范细化。
P0,核心运行层,pro_production_line_master,产线主数据表,6,line_type,产线类型,varchar,32,,Y,,type_dict,N,N,,N,基础版字段定义，后续可按数据库规范细化。
P0,核心运行层,pro_production_line_master,产线主数据表,7,status,状态,varchar,20,,N,0,status_dict,N,N,,N,基础版字段定义，后续可按数据库规范细化。
P0,核心运行层,pro_production_line_master,产线主数据表,8,sort_no,排序号,int,11,,N,0,,N,N,,N,基础版字段定义，后续可按数据库规范细化。
P0,核心运行层,pro_production_line_master,产线主数据表,9,create_by,创建人,varchar,64,,N,,,N,N,,N,基础版字段定义，后续可按数据库规范细化。
P0,核心运行层,pro_production_line_master,产线主数据表,10,create_time,创建时间,datetime,,,N,,,N,N,,N,基础版字段定义，后续可按数据库规范细化。
P0,核心运行层,pro_production_line_master,产线主数据表,11,update_by,更新人,varchar,64,,Y,,,N,N,,N,基础版字段定义，后续可按数据库规范细化。
P0,核心运行层,pro_production_line_master,产线主数据表,12,update_time,更新时间,datetime,,,Y,,,N,N,,N,基础版字段定义，后续可按数据库规范细化。
P0,核心运行层,pro_production_line_master,产线主数据表,13,del_flag,逻辑删除标识,char,1,,N,'0',sys_del_flag,N,N,,,0存在 2删除
P0,核心运行层,pro_production_line_master,产线主数据表,14,remark,备注,varchar,500,,Y,,,N,N,,N,基础版字段定义，后续可按数据库规范细化。
P0,核心运行层,pro_work_center_master,工作中心主数据表,1,work_center_id,工作中心ID,bigint,20,,N,,,Y,N,,N,主键，建议使用雪花ID或数据库统一ID生成策略。
P0,核心运行层,pro_work_center_master,工作中心主数据表,2,plant_id,工厂ID,bigint,20,,N,,,N,Y,pro_plant_master.plant_id,Y,基础版字段定义，后续可按数据库规范细化。
P0,核心运行层,pro_work_center_master,工作中心主数据表,3,workshop_id,车间ID,bigint,20,,N,,,N,Y,pro_workshop_master.workshop_id,N,基础版字段定义，后续可按数据库规范细化。
P0,核心运行层,pro_work_center_master,工作中心主数据表,4,line_id,产线ID,bigint,20,,N,,,N,Y,pro_production_line_master.line_id,N,基础版字段定义，后续可按数据库规范细化。
P0,核心运行层,pro_work_center_master,工作中心主数据表,5,work_center_code,工作中心编码,varchar,64,,N,,,N,N,,Y,基础版字段定义，后续可按数据库规范细化。
P0,核心运行层,pro_work_center_master,工作中心主数据表,6,work_center_name,工作中心名称,varchar,128,,N,,,N,N,,N,基础版字段定义，后续可按数据库规范细化。
P0,核心运行层,pro_work_center_master,工作中心主数据表,7,work_center_type,工作中心类型,varchar,32,,Y,,type_dict,N,N,,N,基础版字段定义，后续可按数据库规范细化。
P0,核心运行层,pro_work_center_master,工作中心主数据表,8,capacity_unit,产能单位,varchar,64,,Y,,,N,N,,N,基础版字段定义，后续可按数据库规范细化。
P0,核心运行层,pro_work_center_master,工作中心主数据表,9,status,状态,varchar,20,,N,0,status_dict,N,N,,N,基础版字段定义，后续可按数据库规范细化。
P0,核心运行层,pro_work_center_master,工作中心主数据表,10,create_by,创建人,varchar,64,,N,,,N,N,,N,基础版字段定义，后续可按数据库规范细化。
P0,核心运行层,pro_work_center_master,工作中心主数据表,11,create_time,创建时间,datetime,,,N,,,N,N,,N,基础版字段定义，后续可按数据库规范细化。
P0,核心运行层,pro_work_center_master,工作中心主数据表,12,update_by,更新人,varchar,64,,Y,,,N,N,,N,基础版字段定义，后续可按数据库规范细化。
P0,核心运行层,pro_work_center_master,工作中心主数据表,13,update_time,更新时间,datetime,,,Y,,,N,N,,N,基础版字段定义，后续可按数据库规范细化。
P0,核心运行层,pro_work_center_master,工作中心主数据表,14,del_flag,逻辑删除标识,char,1,,N,'0',sys_del_flag,N,N,,,0存在 2删除
P0,核心运行层,pro_work_center_master,工作中心主数据表,15,remark,备注,varchar,500,,Y,,,N,N,,N,基础版字段定义，后续可按数据库规范细化。
P0,核心运行层,pro_material_master,物料主数据表,1,material_id,物料ID,bigint,20,,N,,,Y,N,,N,主键，建议使用雪花ID或数据库统一ID生成策略。
P0,核心运行层,pro_material_master,物料主数据表,2,material_code,物料编码,varchar,64,,N,,,N,N,,Y,基础版字段定义，后续可按数据库规范细化。
P0,核心运行层,pro_material_master,物料主数据表,3,material_name,物料名称,varchar,128,,N,,,N,N,,N,基础版字段定义，后续可按数据库规范细化。
P0,核心运行层,pro_material_master,物料主数据表,4,material_type,物料类型,varchar,32,,Y,,mes_material_type,N,N,,N,基础版字段定义，后续可按数据库规范细化。
P0,核心运行层,pro_material_master,物料主数据表,5,spec_model,规格型号,varchar,64,,Y,,,N,N,,N,基础版字段定义，后续可按数据库规范细化。
P0,核心运行层,pro_material_master,物料主数据表,6,base_uom,基本单位,varchar,20,,Y,,mes_uom,N,N,,N,基础版字段定义，后续可按数据库规范细化。
P0,核心运行层,pro_material_master,物料主数据表,7,batch_managed_flag,是否批次管理,char,1,,N,N,sys_yes_no,N,N,,N,基础版字段定义，后续可按数据库规范细化。
P0,核心运行层,pro_material_master,物料主数据表,8,serial_managed_flag,是否序列号管理,char,1,,N,N,sys_yes_no,N,N,,N,基础版字段定义，后续可按数据库规范细化。
P0,核心运行层,pro_material_master,物料主数据表,9,status,状态,varchar,20,,N,0,status_dict,N,N,,N,基础版字段定义，后续可按数据库规范细化。
P0,核心运行层,pro_material_master,物料主数据表,10,create_by,创建人,varchar,64,,N,,,N,N,,N,基础版字段定义，后续可按数据库规范细化。
P0,核心运行层,pro_material_master,物料主数据表,11,create_time,创建时间,datetime,,,N,,,N,N,,N,基础版字段定义，后续可按数据库规范细化。
P0,核心运行层,pro_material_master,物料主数据表,12,update_by,更新人,varchar,64,,Y,,,N,N,,N,基础版字段定义，后续可按数据库规范细化。
P0,核心运行层,pro_material_master,物料主数据表,13,update_time,更新时间,datetime,,,Y,,,N,N,,N,基础版字段定义，后续可按数据库规范细化。
P0,核心运行层,pro_material_master,物料主数据表,14,del_flag,逻辑删除标识,char,1,,N,'0',sys_del_flag,N,N,,,0存在 2删除
P0,核心运行层,pro_material_master,物料主数据表,15,remark,备注,varchar,500,,Y,,,N,N,,N,基础版字段定义，后续可按数据库规范细化。
P0,核心运行层,pro_bom_header,BOM头表,1,bom_id,BOM ID,bigint,20,,N,,,Y,N,,N,主键，建议使用雪花ID或数据库统一ID生成策略。
P0,核心运行层,pro_bom_header,BOM头表,2,plant_id,工厂ID,bigint,20,,N,,,N,Y,pro_plant_master.plant_id,Y,基础版字段定义，后续可按数据库规范细化。
P0,核心运行层,pro_bom_header,BOM头表,3,material_id,物料ID,bigint,20,,N,,,N,Y,pro_material_master.material_id,Y,基础版字段定义，后续可按数据库规范细化。
P0,核心运行层,pro_bom_header,BOM头表,4,bom_code,BOM编码,varchar,64,,N,,,N,N,,Y,基础版字段定义，后续可按数据库规范细化。
P0,核心运行层,pro_bom_header,BOM头表,5,bom_version,BOM版本,varchar,32,,N,,,N,N,,Y,基础版字段定义，后续可按数据库规范细化。
P0,核心运行层,pro_bom_header,BOM头表,6,bom_usage,BOM用途,varchar,64,,Y,,mes_bom_usage,N,N,,Y,基础版字段定义，后续可按数据库规范细化。
P0,核心运行层,pro_bom_header,BOM头表,7,effective_from,生效开始时间,datetime,,,Y,,,N,N,,N,基础版字段定义，后续可按数据库规范细化。
P0,核心运行层,pro_bom_header,BOM头表,8,effective_to,生效结束时间,datetime,,,Y,,,N,N,,N,基础版字段定义，后续可按数据库规范细化。
P0,核心运行层,pro_bom_header,BOM头表,9,bom_status,BOM状态,varchar,20,,N,0,status_dict,N,N,,N,基础版字段定义，后续可按数据库规范细化。
P0,核心运行层,pro_bom_header,BOM头表,10,base_qty,基准数量,decimal,18,6,N,0,,N,N,,N,基础版字段定义，后续可按数据库规范细化。
P0,核心运行层,pro_bom_header,BOM头表,11,base_uom,基本单位,varchar,20,,Y,,mes_uom,N,N,,N,基础版字段定义，后续可按数据库规范细化。
P0,核心运行层,pro_bom_header,BOM头表,12,create_by,创建人,varchar,64,,N,,,N,N,,N,基础版字段定义，后续可按数据库规范细化。
P0,核心运行层,pro_bom_header,BOM头表,13,create_time,创建时间,datetime,,,N,,,N,N,,N,基础版字段定义，后续可按数据库规范细化。
P0,核心运行层,pro_bom_header,BOM头表,14,update_by,更新人,varchar,64,,Y,,,N,N,,N,基础版字段定义，后续可按数据库规范细化。
P0,核心运行层,pro_bom_header,BOM头表,15,update_time,更新时间,datetime,,,Y,,,N,N,,N,基础版字段定义，后续可按数据库规范细化。
P0,核心运行层,pro_bom_header,BOM头表,16,del_flag,逻辑删除标识,char,1,,N,'0',sys_del_flag,N,N,,,0存在 2删除
P0,核心运行层,pro_bom_header,BOM头表,17,remark,备注,varchar,500,,Y,,,N,N,,N,基础版字段定义，后续可按数据库规范细化。
P0,核心运行层,pro_bom_item,BOM明细表,1,bom_item_id,BOM明细ID,bigint,20,,N,,,Y,N,,N,主键，建议使用雪花ID或数据库统一ID生成策略。
P0,核心运行层,pro_bom_item,BOM明细表,2,bom_id,BOM ID,bigint,20,,N,,,N,Y,pro_bom_header.bom_id,Y,基础版字段定义，后续可按数据库规范细化。
P0,核心运行层,pro_bom_item,BOM明细表,3,item_no,项目号,varchar,64,,N,,,N,N,,Y,基础版字段定义，后续可按数据库规范细化。
P0,核心运行层,pro_bom_item,BOM明细表,4,component_material_id,组件物料ID,bigint,20,,N,,,N,Y,pro_material_master.material_id,N,基础版字段定义，后续可按数据库规范细化。
P0,核心运行层,pro_bom_item,BOM明细表,5,component_qty,组件数量,decimal,18,6,N,0,,N,N,,N,基础版字段定义，后续可按数据库规范细化。
P0,核心运行层,pro_bom_item,BOM明细表,6,component_uom,组件单位,varchar,20,,Y,,mes_uom,N,N,,N,基础版字段定义，后续可按数据库规范细化。
P0,核心运行层,pro_bom_item,BOM明细表,7,scrap_rate,损耗率,decimal,18,6,Y,,,N,N,,N,基础版字段定义，后续可按数据库规范细化。
P0,核心运行层,pro_bom_item,BOM明细表,8,item_type,项目类型,varchar,32,,Y,,type_dict,N,N,,N,基础版字段定义，后续可按数据库规范细化。
P0,核心运行层,pro_bom_item,BOM明细表,9,effective_from,生效开始时间,datetime,,,Y,,,N,N,,N,基础版字段定义，后续可按数据库规范细化。
P0,核心运行层,pro_bom_item,BOM明细表,10,effective_to,生效结束时间,datetime,,,Y,,,N,N,,N,基础版字段定义，后续可按数据库规范细化。
P0,核心运行层,pro_bom_item,BOM明细表,11,item_status,项目状态,varchar,20,,N,0,status_dict,N,N,,N,基础版字段定义，后续可按数据库规范细化。
P0,核心运行层,pro_bom_item,BOM明细表,12,create_by,创建人,varchar,64,,N,,,N,N,,N,基础版字段定义，后续可按数据库规范细化。
P0,核心运行层,pro_bom_item,BOM明细表,13,create_time,创建时间,datetime,,,N,,,N,N,,N,基础版字段定义，后续可按数据库规范细化。
P0,核心运行层,pro_bom_item,BOM明细表,14,update_by,更新人,varchar,64,,Y,,,N,N,,N,基础版字段定义，后续可按数据库规范细化。
P0,核心运行层,pro_bom_item,BOM明细表,15,update_time,更新时间,datetime,,,Y,,,N,N,,N,基础版字段定义，后续可按数据库规范细化。
P0,核心运行层,pro_bom_item,BOM明细表,16,del_flag,逻辑删除标识,char,1,,N,'0',sys_del_flag,N,N,,,0存在 2删除
P0,核心运行层,pro_bom_item,BOM明细表,17,remark,备注,varchar,500,,Y,,,N,N,,N,基础版字段定义，后续可按数据库规范细化。
P0,核心运行层,pro_bom_item_operation_map,BOM行项目工序映射表,1,bom_item_op_map_id,BOM工序映射ID,bigint,20,,N,,,Y,N,,N,主键，建议使用雪花ID或数据库统一ID生成策略。
P0,核心运行层,pro_bom_item_operation_map,BOM行项目工序映射表,2,bom_item_id,BOM明细ID,bigint,20,,N,,,N,Y,pro_bom_item.bom_item_id,Y,基础版字段定义，后续可按数据库规范细化。
P0,核心运行层,pro_bom_item_operation_map,BOM行项目工序映射表,3,operation_id,工序ID,bigint,20,,N,,,N,Y,pro_routing_operation.operation_id,Y,基础版字段定义，后续可按数据库规范细化。
P0,核心运行层,pro_bom_item_operation_map,BOM行项目工序映射表,4,issue_method,发料方式,varchar,64,,Y,,,N,N,,N,基础版字段定义，后续可按数据库规范细化。
P0,核心运行层,pro_bom_item_operation_map,BOM行项目工序映射表,5,issue_qty,发料数量,decimal,18,6,N,0,,N,N,,N,基础版字段定义，后续可按数据库规范细化。
P0,核心运行层,pro_bom_item_operation_map,BOM行项目工序映射表,6,issue_uom,发料单位,varchar,20,,Y,,mes_uom,N,N,,N,基础版字段定义，后续可按数据库规范细化。
P0,核心运行层,pro_bom_item_operation_map,BOM行项目工序映射表,7,backflush_flag,是否倒冲,char,1,,N,N,sys_yes_no,N,N,,N,基础版字段定义，后续可按数据库规范细化。
P0,核心运行层,pro_bom_item_operation_map,BOM行项目工序映射表,8,mandatory_flag,是否必需,char,1,,N,N,sys_yes_no,N,N,,N,基础版字段定义，后续可按数据库规范细化。
P0,核心运行层,pro_bom_item_operation_map,BOM行项目工序映射表,9,status,状态,varchar,20,,N,0,status_dict,N,N,,N,基础版字段定义，后续可按数据库规范细化。
P0,核心运行层,pro_bom_item_operation_map,BOM行项目工序映射表,10,create_by,创建人,varchar,64,,N,,,N,N,,N,基础版字段定义，后续可按数据库规范细化。
P0,核心运行层,pro_bom_item_operation_map,BOM行项目工序映射表,11,create_time,创建时间,datetime,,,N,,,N,N,,N,基础版字段定义，后续可按数据库规范细化。
P0,核心运行层,pro_bom_item_operation_map,BOM行项目工序映射表,12,update_by,更新人,varchar,64,,Y,,,N,N,,N,基础版字段定义，后续可按数据库规范细化。
P0,核心运行层,pro_bom_item_operation_map,BOM行项目工序映射表,13,update_time,更新时间,datetime,,,Y,,,N,N,,N,基础版字段定义，后续可按数据库规范细化。
P0,核心运行层,pro_bom_item_operation_map,BOM行项目工序映射表,14,del_flag,逻辑删除标识,char,1,,N,'0',sys_del_flag,N,N,,,0存在 2删除
P0,核心运行层,pro_bom_item_operation_map,BOM行项目工序映射表,15,remark,备注,varchar,500,,Y,,,N,N,,N,基础版字段定义，后续可按数据库规范细化。
P0,核心运行层,pro_routing_header,工艺路线头表,1,routing_id,工艺路线ID,bigint,20,,N,,,Y,N,,N,主键，建议使用雪花ID或数据库统一ID生成策略。
P0,核心运行层,pro_routing_header,工艺路线头表,2,plant_id,工厂ID,bigint,20,,N,,,N,Y,pro_plant_master.plant_id,Y,基础版字段定义，后续可按数据库规范细化。
P0,核心运行层,pro_routing_header,工艺路线头表,3,material_id,物料ID,bigint,20,,N,,,N,Y,pro_material_master.material_id,Y,基础版字段定义，后续可按数据库规范细化。
P0,核心运行层,pro_routing_header,工艺路线头表,4,routing_code,工艺路线编码,varchar,64,,N,,,N,N,,Y,基础版字段定义，后续可按数据库规范细化。
P0,核心运行层,pro_routing_header,工艺路线头表,5,routing_version,工艺路线版本,varchar,32,,N,,,N,N,,Y,基础版字段定义，后续可按数据库规范细化。
P0,核心运行层,pro_routing_header,工艺路线头表,6,routing_type,工艺路线类型,varchar,32,,Y,,type_dict,N,N,,N,基础版字段定义，后续可按数据库规范细化。
P0,核心运行层,pro_routing_header,工艺路线头表,7,effective_from,生效开始时间,datetime,,,Y,,,N,N,,N,基础版字段定义，后续可按数据库规范细化。
P0,核心运行层,pro_routing_header,工艺路线头表,8,effective_to,生效结束时间,datetime,,,Y,,,N,N,,N,基础版字段定义，后续可按数据库规范细化。
P0,核心运行层,pro_routing_header,工艺路线头表,9,routing_status,工艺路线状态,varchar,20,,N,0,status_dict,N,N,,N,基础版字段定义，后续可按数据库规范细化。
P0,核心运行层,pro_routing_header,工艺路线头表,10,create_by,创建人,varchar,64,,N,,,N,N,,N,基础版字段定义，后续可按数据库规范细化。
P0,核心运行层,pro_routing_header,工艺路线头表,11,create_time,创建时间,datetime,,,N,,,N,N,,N,基础版字段定义，后续可按数据库规范细化。
P0,核心运行层,pro_routing_header,工艺路线头表,12,update_by,更新人,varchar,64,,Y,,,N,N,,N,基础版字段定义，后续可按数据库规范细化。
P0,核心运行层,pro_routing_header,工艺路线头表,13,update_time,更新时间,datetime,,,Y,,,N,N,,N,基础版字段定义，后续可按数据库规范细化。
P0,核心运行层,pro_routing_header,工艺路线头表,14,del_flag,逻辑删除标识,char,1,,N,'0',sys_del_flag,N,N,,,0存在 2删除
P0,核心运行层,pro_routing_header,工艺路线头表,15,remark,备注,varchar,500,,Y,,,N,N,,N,基础版字段定义，后续可按数据库规范细化。
P0,核心运行层,pro_routing_operation,工艺工序表,1,operation_id,工序ID,bigint,20,,N,,,Y,N,,N,主键，建议使用雪花ID或数据库统一ID生成策略。
P0,核心运行层,pro_routing_operation,工艺工序表,2,routing_id,工艺路线ID,bigint,20,,N,,,N,Y,pro_routing_header.routing_id,Y,基础版字段定义，后续可按数据库规范细化。
P0,核心运行层,pro_routing_operation,工艺工序表,3,operation_no,工序号,varchar,64,,N,,,N,N,,Y,基础版字段定义，后续可按数据库规范细化。
P0,核心运行层,pro_routing_operation,工艺工序表,4,operation_code,工序编码,varchar,64,,N,,,N,N,,N,基础版字段定义，后续可按数据库规范细化。
P0,核心运行层,pro_routing_operation,工艺工序表,5,operation_name,工序名称,varchar,128,,N,,,N,N,,N,基础版字段定义，后续可按数据库规范细化。
P0,核心运行层,pro_routing_operation,工艺工序表,6,work_center_id,工作中心ID,bigint,20,,N,,,N,Y,pro_work_center_master.work_center_id,N,基础版字段定义，后续可按数据库规范细化。
P0,核心运行层,pro_routing_operation,工艺工序表,7,standard_time,标准工时,decimal,18,2,Y,0,,N,N,,N,基础版字段定义，后续可按数据库规范细化。
P0,核心运行层,pro_routing_operation,工艺工序表,8,time_uom,时间单位,varchar,20,,Y,,mes_uom,N,N,,N,基础版字段定义，后续可按数据库规范细化。
P0,核心运行层,pro_routing_operation,工艺工序表,9,operation_type,工序类型,varchar,32,,Y,,type_dict,N,N,,N,基础版字段定义，后续可按数据库规范细化。
P0,核心运行层,pro_routing_operation,工艺工序表,10,operation_status,工序状态,varchar,20,,N,0,status_dict,N,N,,N,基础版字段定义，后续可按数据库规范细化。
P0,核心运行层,pro_routing_operation,工艺工序表,11,create_by,创建人,varchar,64,,N,,,N,N,,N,基础版字段定义，后续可按数据库规范细化。
P0,核心运行层,pro_routing_operation,工艺工序表,12,create_time,创建时间,datetime,,,N,,,N,N,,N,基础版字段定义，后续可按数据库规范细化。
P0,核心运行层,pro_routing_operation,工艺工序表,13,update_by,更新人,varchar,64,,Y,,,N,N,,N,基础版字段定义，后续可按数据库规范细化。
P0,核心运行层,pro_routing_operation,工艺工序表,14,update_time,更新时间,datetime,,,Y,,,N,N,,N,基础版字段定义，后续可按数据库规范细化。
P0,核心运行层,pro_routing_operation,工艺工序表,15,del_flag,逻辑删除标识,char,1,,N,'0',sys_del_flag,N,N,,,0存在 2删除
P0,核心运行层,pro_routing_operation,工艺工序表,16,remark,备注,varchar,500,,Y,,,N,N,,N,基础版字段定义，后续可按数据库规范细化。
P0,核心运行层,pro_production_order,生产工单头表,1,prod_order_id,生产工单ID,bigint,20,,N,,,Y,N,,N,主键，建议使用雪花ID或数据库统一ID生成策略。
P0,核心运行层,pro_production_order,生产工单头表,2,plant_id,工厂ID,bigint,20,,N,,,N,Y,pro_plant_master.plant_id,Y,基础版字段定义，后续可按数据库规范细化。
P0,核心运行层,pro_production_order,生产工单头表,3,material_id,物料ID,bigint,20,,N,,,N,Y,pro_material_master.material_id,N,基础版字段定义，后续可按数据库规范细化。
P0,核心运行层,pro_production_order,生产工单头表,4,bom_id,BOM ID,bigint,20,,N,,,N,Y,pro_bom_header.bom_id,N,基础版字段定义，后续可按数据库规范细化。
P0,核心运行层,pro_production_order,生产工单头表,5,routing_id,工艺路线ID,bigint,20,,N,,,N,Y,pro_routing_header.routing_id,N,基础版字段定义，后续可按数据库规范细化。
P0,核心运行层,pro_production_order,生产工单头表,6,order_no,生产工单号,varchar,64,,N,,,N,N,,Y,基础版字段定义，后续可按数据库规范细化。
P0,核心运行层,pro_production_order,生产工单头表,7,order_type,工单类型,varchar,32,,Y,,type_dict,N,N,,N,基础版字段定义，后续可按数据库规范细化。
P0,核心运行层,pro_production_order,生产工单头表,8,order_qty,工单数量,decimal,18,6,N,0,,N,N,,N,基础版字段定义，后续可按数据库规范细化。
P0,核心运行层,pro_production_order,生产工单头表,9,order_uom,工单单位,varchar,20,,Y,,mes_uom,N,N,,N,基础版字段定义，后续可按数据库规范细化。
P0,核心运行层,pro_production_order,生产工单头表,10,planned_start_time,计划开始时间,datetime,,,Y,,,N,N,,N,基础版字段定义，后续可按数据库规范细化。
P0,核心运行层,pro_production_order,生产工单头表,11,planned_end_time,计划结束时间,datetime,,,Y,,,N,N,,N,基础版字段定义，后续可按数据库规范细化。
P0,核心运行层,pro_production_order,生产工单头表,12,order_status,工单状态,varchar,20,,N,0,mes_order_status,N,N,,N,基础版字段定义，后续可按数据库规范细化。
P0,核心运行层,pro_production_order,生产工单头表,13,source_system,来源系统,varchar,64,,Y,,,N,N,,N,基础版字段定义，后续可按数据库规范细化。
P0,核心运行层,pro_production_order,生产工单头表,14,create_by,创建人,varchar,64,,N,,,N,N,,N,基础版字段定义，后续可按数据库规范细化。
P0,核心运行层,pro_production_order,生产工单头表,15,create_time,创建时间,datetime,,,N,,,N,N,,N,基础版字段定义，后续可按数据库规范细化。
P0,核心运行层,pro_production_order,生产工单头表,16,update_by,更新人,varchar,64,,Y,,,N,N,,N,基础版字段定义，后续可按数据库规范细化。
P0,核心运行层,pro_production_order,生产工单头表,17,update_time,更新时间,datetime,,,Y,,,N,N,,N,基础版字段定义，后续可按数据库规范细化。
P0,核心运行层,pro_production_order,生产工单头表,18,priority_level,紧急程度,varchar,2,,N,'',mes_priority_level,N,N,,N,紧急程度字典。
P0,核心运行层,pro_production_order,生产工单头表,19,batch_no,生产批号,varchar,64,,Y,,,N,N,,N,批次号
P0,核心运行层,pro_production_order,生产工单头表,20,schedule_status,排产状态,varchar,20,,Y,,mes_schedule_status,N,N,,N,排产状态字典。
P0,核心运行层,pro_production_order,生产工单头表,21,del_flag,逻辑删除标识,char,1,,N,'0',sys_del_flag,N,N,,,0存在 2删除
P0,核心运行层,pro_production_order,生产工单头表,22,remark,备注,varchar,500,,Y,,,N,N,,N,基础版字段定义，后续可按数据库规范细化。
P0,核心运行层,pro_order_component,工单组件表,1,order_component_id,工单组件ID,bigint,20,,N,,,Y,N,,N,主键，建议使用雪花ID或数据库统一ID生成策略。
P0,核心运行层,pro_order_component,工单组件表,2,prod_order_id,生产工单ID,bigint,20,,N,,,N,Y,pro_production_order.prod_order_id,Y,基础版字段定义，后续可按数据库规范细化。
P0,核心运行层,pro_order_component,工单组件表,3,order_op_id,工单工序ID,bigint,20,,N,,,N,Y,pro_order_operation.order_op_id,N,基础版字段定义，后续可按数据库规范细化。
P0,核心运行层,pro_order_component,工单组件表,4,bom_item_id,BOM明细ID,bigint,20,,N,,,N,Y,pro_bom_item.bom_item_id,N,基础版字段定义，后续可按数据库规范细化。
P0,核心运行层,pro_order_component,工单组件表,5,component_seq_no,组件序号,varchar,64,,N,,,N,N,,Y,基础版字段定义，后续可按数据库规范细化。
P0,核心运行层,pro_order_component,工单组件表,6,material_id,物料ID,bigint,20,,N,,,N,Y,pro_material_master.material_id,N,基础版字段定义，后续可按数据库规范细化。
P0,核心运行层,pro_order_component,工单组件表,7,planned_qty,计划数量,decimal,18,6,N,0,,N,N,,N,基础版字段定义，后续可按数据库规范细化。
P0,核心运行层,pro_order_component,工单组件表,8,issued_qty,已发料数量,decimal,18,6,N,0,,N,N,,N,基础版字段定义，后续可按数据库规范细化。
P0,核心运行层,pro_order_component,工单组件表,9,uom,单位,varchar,20,,Y,,mes_uom,N,N,,N,基础版字段定义，后续可按数据库规范细化。
P0,核心运行层,pro_order_component,工单组件表,10,component_source,组件来源,varchar,64,,Y,,,N,N,,N,基础版字段定义，后续可按数据库规范细化。
P0,核心运行层,pro_order_component,工单组件表,11,substitution_flag,是否替代,char,1,,N,N,sys_yes_no,N,N,,N,基础版字段定义，后续可按数据库规范细化。
P0,核心运行层,pro_order_component,工单组件表,12,cutover_flag,是否切换,char,1,,N,N,sys_yes_no,N,N,,N,基础版字段定义，后续可按数据库规范细化。
P0,核心运行层,pro_order_component,工单组件表,13,component_status,组件状态,varchar,20,,N,0,status_dict,N,N,,N,基础版字段定义，后续可按数据库规范细化。
P0,核心运行层,pro_order_component,工单组件表,14,create_by,创建人,varchar,64,,N,,,N,N,,N,基础版字段定义，后续可按数据库规范细化。
P0,核心运行层,pro_order_component,工单组件表,15,create_time,创建时间,datetime,,,N,,,N,N,,N,基础版字段定义，后续可按数据库规范细化。
P0,核心运行层,pro_order_component,工单组件表,16,update_by,更新人,varchar,64,,Y,,,N,N,,N,基础版字段定义，后续可按数据库规范细化。
P0,核心运行层,pro_order_component,工单组件表,17,update_time,更新时间,datetime,,,Y,,,N,N,,N,基础版字段定义，后续可按数据库规范细化。
P0,核心运行层,pro_order_component,工单组件表,18,del_flag,逻辑删除标识,char,1,,N,'0',sys_del_flag,N,N,,,0存在 2删除
P0,核心运行层,pro_order_component,工单组件表,19,remark,备注,varchar,500,,Y,,,N,N,,N,基础版字段定义，后续可按数据库规范细化。
P0,核心运行层,pro_order_operation,工单工序表,1,order_op_id,工单工序ID,bigint,20,,N,,,Y,N,,N,主键，建议使用雪花ID或数据库统一ID生成策略。
P0,核心运行层,pro_order_operation,工单工序表,2,prod_order_id,生产工单ID,bigint,20,,N,,,N,Y,pro_production_order.prod_order_id,Y,基础版字段定义，后续可按数据库规范细化。
P0,核心运行层,pro_order_operation,工单工序表,3,operation_id,工序ID,bigint,20,,N,,,N,Y,pro_routing_operation.operation_id,N,基础版字段定义，后续可按数据库规范细化。
P0,核心运行层,pro_order_operation,工单工序表,4,operation_no,工序号,varchar,64,,N,,,N,N,,Y,基础版字段定义，后续可按数据库规范细化。
P0,核心运行层,pro_order_operation,工单工序表,5,operation_code,工序编码,varchar,64,,N,,,N,N,,N,基础版字段定义，后续可按数据库规范细化。
P0,核心运行层,pro_order_operation,工单工序表,6,operation_name,工序名称,varchar,128,,N,,,N,N,,N,基础版字段定义，后续可按数据库规范细化。
P0,核心运行层,pro_order_operation,工单工序表,7,work_center_id,工作中心ID,bigint,20,,N,,,N,Y,pro_work_center_master.work_center_id,N,基础版字段定义，后续可按数据库规范细化。
P0,核心运行层,pro_order_operation,工单工序表,8,planned_start_time,计划开始时间,datetime,,,Y,,,N,N,,N,基础版字段定义，后续可按数据库规范细化。
P0,核心运行层,pro_order_operation,工单工序表,9,planned_end_time,计划结束时间,datetime,,,Y,,,N,N,,N,基础版字段定义，后续可按数据库规范细化。
P0,核心运行层,pro_order_operation,工单工序表,10,actual_start_time,实际开始时间,datetime,,,Y,,,N,N,,N,基础版字段定义，后续可按数据库规范细化。
P0,核心运行层,pro_order_operation,工单工序表,11,actual_end_time,实际结束时间,datetime,,,Y,,,N,N,,N,基础版字段定义，后续可按数据库规范细化。
P0,核心运行层,pro_order_operation,工单工序表,12,op_status,工序状态,varchar,20,,N,0,status_dict,N,N,,N,基础版字段定义，后续可按数据库规范细化。
P0,核心运行层,pro_order_operation,工单工序表,13,create_by,创建人,varchar,64,,N,,,N,N,,N,基础版字段定义，后续可按数据库规范细化。
P0,核心运行层,pro_order_operation,工单工序表,14,create_time,创建时间,datetime,,,N,,,N,N,,N,基础版字段定义，后续可按数据库规范细化。
P0,核心运行层,pro_order_operation,工单工序表,15,update_by,更新人,varchar,64,,Y,,,N,N,,N,基础版字段定义，后续可按数据库规范细化。
P0,核心运行层,pro_order_operation,工单工序表,16,update_time,更新时间,datetime,,,Y,,,N,N,,N,基础版字段定义，后续可按数据库规范细化。
P0,核心运行层,pro_order_operation,工单工序表,17,del_flag,逻辑删除标识,char,1,,N,'0',sys_del_flag,N,N,,,0存在 2删除
P0,核心运行层,pro_order_operation,工单工序表,18,remark,备注,varchar,500,,Y,,,N,N,,N,基础版字段定义，后续可按数据库规范细化。
P0,核心运行层,pro_operation_execution,工序执行实例表,1,op_exec_id,工序执行ID,bigint,20,,N,,,Y,N,,N,主键，建议使用雪花ID或数据库统一ID生成策略。
P0,核心运行层,pro_operation_execution,工序执行实例表,2,prod_order_id,生产工单ID,bigint,20,,N,,,N,Y,pro_production_order.prod_order_id,N,基础版字段定义，后续可按数据库规范细化。
P0,核心运行层,pro_operation_execution,工序执行实例表,3,order_op_id,工单工序ID,bigint,20,,N,,,N,Y,pro_order_operation.order_op_id,Y,基础版字段定义，后续可按数据库规范细化。
P0,核心运行层,pro_operation_execution,工序执行实例表,4,dispatch_id,派工ID,bigint,20,,N,,,N,Y,pro_shop_floor_dispatch.dispatch_id,N,基础版字段定义，后续可按数据库规范细化。
P0,核心运行层,pro_operation_execution,工序执行实例表,5,execution_no,执行次数,varchar,64,,N,,,N,N,,Y,基础版字段定义，后续可按数据库规范细化。
P0,核心运行层,pro_operation_execution,工序执行实例表,6,start_time,开始时间,datetime,,,Y,,,N,N,,N,基础版字段定义，后续可按数据库规范细化。
P0,核心运行层,pro_operation_execution,工序执行实例表,7,end_time,结束时间,datetime,,,Y,,,N,N,,N,基础版字段定义，后续可按数据库规范细化。
P0,核心运行层,pro_operation_execution,工序执行实例表,8,executor_id,执行人ID,bigint,20,,N,,,N,Y,pro_person_master.person_id,N,基础版字段定义，后续可按数据库规范细化。
P0,核心运行层,pro_operation_execution,工序执行实例表,9,equipment_id,设备ID,bigint,20,,N,,,N,Y,pro_equipment_master.equipment_id,N,基础版字段定义，后续可按数据库规范细化。
P0,核心运行层,pro_operation_execution,工序执行实例表,10,exec_status,执行状态,varchar,20,,N,0,status_dict,N,N,,N,基础版字段定义，后续可按数据库规范细化。
P0,核心运行层,pro_operation_execution,工序执行实例表,11,create_by,创建人,varchar,64,,N,,,N,N,,N,基础版字段定义，后续可按数据库规范细化。
P0,核心运行层,pro_operation_execution,工序执行实例表,12,create_time,创建时间,datetime,,,N,,,N,N,,N,基础版字段定义，后续可按数据库规范细化。
P0,核心运行层,pro_operation_execution,工序执行实例表,13,update_by,更新人,varchar,64,,Y,,,N,N,,N,基础版字段定义，后续可按数据库规范细化。
P0,核心运行层,pro_operation_execution,工序执行实例表,14,update_time,更新时间,datetime,,,Y,,,N,N,,N,基础版字段定义，后续可按数据库规范细化。
P0,核心运行层,pro_operation_execution,工序执行实例表,15,shift_id,班次ID,bigint,20,,Y,,,N,Y,pro_shift.shift_id,N,班次ID
P0,核心运行层,pro_operation_execution,工序执行实例表,16,del_flag,逻辑删除标识,char,1,,N,'0',sys_del_flag,N,N,,,0存在 2删除
P0,核心运行层,pro_operation_execution,工序执行实例表,17,remark,备注,varchar,500,,Y,,,N,N,,N,基础版字段定义，后续可按数据库规范细化。
P0,核心运行层,pro_production_report,报工表,1,report_id,报工ID,bigint,20,,N,,,Y,N,,N,主键，建议使用雪花ID或数据库统一ID生成策略。
P0,核心运行层,pro_production_report,报工表,2,prod_order_id,生产工单ID,bigint,20,,N,,,N,Y,pro_production_order.prod_order_id,N,基础版字段定义，后续可按数据库规范细化。
P0,核心运行层,pro_production_report,报工表,3,order_op_id,工单工序ID,bigint,20,,N,,,N,Y,pro_order_operation.order_op_id,N,基础版字段定义，后续可按数据库规范细化。
P0,核心运行层,pro_production_report,报工表,4,op_exec_id,工序执行ID,bigint,20,,N,,,N,Y,pro_operation_execution.op_exec_id,Y,基础版字段定义，后续可按数据库规范细化。
P0,核心运行层,pro_production_report,报工表,5,report_no,报工单号,varchar,64,,N,,,N,N,,Y,基础版字段定义，后续可按数据库规范细化。
P0,核心运行层,pro_production_report,报工表,6,good_qty,合格数量,decimal,18,6,N,0,,N,N,,N,基础版字段定义，后续可按数据库规范细化。
P0,核心运行层,pro_production_report,报工表,7,scrap_qty,报废数量,decimal,18,6,N,0,,N,N,,N,基础版字段定义，后续可按数据库规范细化。
P0,核心运行层,pro_production_report,报工表,8,rework_qty,返工数量,decimal,18,6,N,0,,N,N,,N,基础版字段定义，后续可按数据库规范细化。
P0,核心运行层,pro_production_report,报工表,9,report_uom,报工单位,varchar,20,,Y,,mes_uom,N,N,,N,基础版字段定义，后续可按数据库规范细化。
P0,核心运行层,pro_production_report,报工表,10,report_time,报工时间,datetime,,,Y,,,N,N,,N,基础版字段定义，后续可按数据库规范细化。
P0,核心运行层,pro_production_report,报工表,11,report_person_id,报工人ID,bigint,20,,N,,,N,Y,pro_person_master.person_id,N,基础版字段定义，后续可按数据库规范细化。
P0,核心运行层,pro_production_report,报工表,12,report_status,报工状态,varchar,20,,N,0,status_dict,N,N,,N,基础版字段定义，后续可按数据库规范细化。
P0,核心运行层,pro_production_report,报工表,13,create_by,创建人,varchar,64,,N,,,N,N,,N,基础版字段定义，后续可按数据库规范细化。
P0,核心运行层,pro_production_report,报工表,14,create_time,创建时间,datetime,,,N,,,N,N,,N,基础版字段定义，后续可按数据库规范细化。
P0,核心运行层,pro_production_report,报工表,15,update_by,更新人,varchar,64,,Y,,,N,N,,N,基础版字段定义，后续可按数据库规范细化。
P0,核心运行层,pro_production_report,报工表,16,update_time,更新时间,datetime,,,Y,,,N,N,,N,基础版字段定义，后续可按数据库规范细化。
P0,核心运行层,pro_production_report,报工表,17,shift_id,班次ID,bigint,20,,Y,,,N,Y,pro_shift.shift_id,N,班次ID
P0,核心运行层,pro_production_report,报工表,18,equipment_id,设备ID,bigint,20,,Y,,,N,Y,pro_equipment_master.equipment_id,N,设备ID
P0,核心运行层,pro_production_report,报工表,19,del_flag,逻辑删除标识,char,1,,N,'0',sys_del_flag,N,N,,,0存在 2删除
P0,核心运行层,pro_production_report,报工表,20,remark,备注,varchar,500,,Y,,,N,N,,N,基础版字段定义，后续可按数据库规范细化。
P0,核心运行层,pro_material_lot,物料批次表,1,material_lot_id,物料批次ID,bigint,20,,N,,,Y,N,,N,主键，建议使用雪花ID或数据库统一ID生成策略。
P0,核心运行层,pro_material_lot,物料批次表,2,material_id,物料ID,bigint,20,,N,,,N,Y,pro_material_master.material_id,Y,基础版字段定义，后续可按数据库规范细化。
P0,核心运行层,pro_material_lot,物料批次表,3,lot_no,批次号,varchar,64,,N,,,N,N,,Y,基础版字段定义，后续可按数据库规范细化。
P0,核心运行层,pro_material_lot,物料批次表,4,supplier_id,供应商ID,bigint,20,,N,,,N,Y,pro_supplier_master.supplier_id,N,基础版字段定义，后续可按数据库规范细化。
P0,核心运行层,pro_material_lot,物料批次表,5,gr_item_id,收货明细ID,bigint,20,,N,,,N,Y,pro_goods_receipt_item.gr_item_id,N,基础版字段定义，后续可按数据库规范细化。
P0,核心运行层,pro_material_lot,物料批次表,6,received_qty,接收数量,decimal,18,6,N,0,,N,N,,N,基础版字段定义，后续可按数据库规范细化。
P0,核心运行层,pro_material_lot,物料批次表,7,available_qty,可用数量,decimal,18,6,N,0,,N,N,,N,基础版字段定义，后续可按数据库规范细化。
P0,核心运行层,pro_material_lot,物料批次表,8,uom,单位,varchar,20,,Y,,mes_uom,N,N,,N,基础版字段定义，后续可按数据库规范细化。
P0,核心运行层,pro_material_lot,物料批次表,9,manufacture_date,生产日期,date,,,Y,,,N,N,,N,基础版字段定义，后续可按数据库规范细化。
P0,核心运行层,pro_material_lot,物料批次表,10,expire_date,失效日期,date,,,Y,,,N,N,,N,基础版字段定义，后续可按数据库规范细化。
P0,核心运行层,pro_material_lot,物料批次表,11,lot_status,批次状态,varchar,20,,N,0,status_dict,N,N,,N,基础版字段定义，后续可按数据库规范细化。
P0,核心运行层,pro_material_lot,物料批次表,12,create_by,创建人,varchar,64,,N,,,N,N,,N,基础版字段定义，后续可按数据库规范细化。
P0,核心运行层,pro_material_lot,物料批次表,13,create_time,创建时间,datetime,,,N,,,N,N,,N,基础版字段定义，后续可按数据库规范细化。
P0,核心运行层,pro_material_lot,物料批次表,14,update_by,更新人,varchar,64,,Y,,,N,N,,N,基础版字段定义，后续可按数据库规范细化。
P0,核心运行层,pro_material_lot,物料批次表,15,update_time,更新时间,datetime,,,Y,,,N,N,,N,基础版字段定义，后续可按数据库规范细化。
P0,核心运行层,pro_material_lot,物料批次表,16,warehouse_id,仓库ID,bigint,20,,Y,,,N,Y,pro_warehouse_master.warehouse_id,N,仓库ID
P0,核心运行层,pro_material_lot,物料批次表,17,storage_location_id,库位ID,bigint,20,,Y,,,N,Y,pro_storage_location_master.storage_location_id,N,库位ID
P0,核心运行层,pro_material_lot,物料批次表,18,del_flag,逻辑删除标识,char,1,,N,'0',sys_del_flag,N,N,,,0存在 2删除
P0,核心运行层,pro_material_lot,物料批次表,19,remark,备注,varchar,500,,Y,,,N,N,,N,基础版字段定义，后续可按数据库规范细化。
P0,核心运行层,pro_operation_consumption,工序投料表,1,op_consume_id,投料记录ID,bigint,20,,N,,,Y,N,,N,主键，建议使用雪花ID或数据库统一ID生成策略。
P0,核心运行层,pro_operation_consumption,工序投料表,2,prod_order_id,生产工单ID,bigint,20,,N,,,N,Y,pro_production_order.prod_order_id,N,基础版字段定义，后续可按数据库规范细化。
P0,核心运行层,pro_operation_consumption,工序投料表,3,order_op_id,工单工序ID,bigint,20,,N,,,N,Y,pro_order_operation.order_op_id,N,基础版字段定义，后续可按数据库规范细化。
P0,核心运行层,pro_operation_consumption,工序投料表,4,op_exec_id,工序执行ID,bigint,20,,N,,,N,Y,pro_operation_execution.op_exec_id,Y,基础版字段定义，后续可按数据库规范细化。
P0,核心运行层,pro_operation_consumption,工序投料表,5,order_component_id,工单组件ID,bigint,20,,N,,,N,Y,pro_order_component.order_component_id,Y,基础版字段定义，后续可按数据库规范细化。
P0,核心运行层,pro_operation_consumption,工序投料表,6,material_id,物料ID,bigint,20,,N,,,N,N,,N,基础版字段定义，后续可按数据库规范细化。
P0,核心运行层,pro_operation_consumption,工序投料表,7,material_lot_id,物料批次ID,bigint,20,,N,,,N,Y,pro_material_lot.material_lot_id,Y,基础版字段定义，后续可按数据库规范细化。
P0,核心运行层,pro_operation_consumption,工序投料表,8,serial_id,序列号ID,bigint,20,,N,,,N,Y,pro_serial_number.serial_id,N,基础版字段定义，后续可按数据库规范细化。
P0,核心运行层,pro_operation_consumption,工序投料表,9,consume_qty,投料数量,decimal,18,6,N,0,,N,N,,N,基础版字段定义，后续可按数据库规范细化。
P0,核心运行层,pro_operation_consumption,工序投料表,10,consume_uom,投料单位,varchar,20,,Y,,mes_uom,N,N,,N,基础版字段定义，后续可按数据库规范细化。
P0,核心运行层,pro_operation_consumption,工序投料表,11,consume_type,投料类型,varchar,32,,Y,,mes_consume_type,N,N,,N,基础版字段定义，后续可按数据库规范细化。
P0,核心运行层,pro_operation_consumption,工序投料表,12,consume_time,投料时间,datetime,,,Y,,,N,N,,Y,基础版字段定义，后续可按数据库规范细化。
P0,核心运行层,pro_operation_consumption,工序投料表,13,create_by,创建人,varchar,64,,N,,,N,N,,N,基础版字段定义，后续可按数据库规范细化。
P0,核心运行层,pro_operation_consumption,工序投料表,14,create_time,创建时间,datetime,,,N,,,N,N,,N,基础版字段定义，后续可按数据库规范细化。
P0,核心运行层,pro_operation_consumption,工序投料表,15,update_by,更新人,varchar,64,,Y,,,N,N,,N,基础版字段定义，后续可按数据库规范细化。
P0,核心运行层,pro_operation_consumption,工序投料表,16,update_time,更新时间,datetime,,,Y,,,N,N,,N,基础版字段定义，后续可按数据库规范细化。
P0,核心运行层,pro_operation_consumption,工序投料表,17,del_flag,逻辑删除标识,char,1,,N,'0',sys_del_flag,N,N,,,0存在 2删除
P0,核心运行层,pro_operation_consumption,工序投料表,18,remark,备注,varchar,500,,Y,,,N,N,,N,基础版字段定义，后续可按数据库规范细化。
P0,核心运行层,pro_sap_system,SAP系统定义表,1,sap_system_id,SAP系统ID,bigint,20,,N,,,Y,N,,N,主键，建议使用雪花ID或数据库统一ID生成策略。
P0,核心运行层,pro_sap_system,SAP系统定义表,2,sap_system_code,SAP系统编码,varchar,64,,N,,,N,N,,Y,基础版字段定义，后续可按数据库规范细化。
P0,核心运行层,pro_sap_system,SAP系统定义表,3,sap_system_name,SAP系统名称,varchar,128,,N,,,N,N,,N,基础版字段定义，后续可按数据库规范细化。
P0,核心运行层,pro_sap_system,SAP系统定义表,4,client_no,客户端号,varchar,64,,N,,,N,N,,N,基础版字段定义，后续可按数据库规范细化。
P0,核心运行层,pro_sap_system,SAP系统定义表,5,environment_type,环境类型,varchar,32,,Y,,type_dict,N,N,,N,基础版字段定义，后续可按数据库规范细化。
P0,核心运行层,pro_sap_system,SAP系统定义表,6,endpoint_url,接口地址,varchar,500,,Y,,,N,N,,N,基础版字段定义，后续可按数据库规范细化。
P0,核心运行层,pro_sap_system,SAP系统定义表,7,status,状态,varchar,20,,N,0,status_dict,N,N,,N,基础版字段定义，后续可按数据库规范细化。
P0,核心运行层,pro_sap_system,SAP系统定义表,8,create_by,创建人,varchar,64,,N,,,N,N,,N,基础版字段定义，后续可按数据库规范细化。
P0,核心运行层,pro_sap_system,SAP系统定义表,9,create_time,创建时间,datetime,,,N,,,N,N,,N,基础版字段定义，后续可按数据库规范细化。
P0,核心运行层,pro_sap_system,SAP系统定义表,10,update_by,更新人,varchar,64,,Y,,,N,N,,N,基础版字段定义，后续可按数据库规范细化。
P0,核心运行层,pro_sap_system,SAP系统定义表,11,update_time,更新时间,datetime,,,Y,,,N,N,,N,基础版字段定义，后续可按数据库规范细化。
P0,核心运行层,pro_sap_system,SAP系统定义表,12,del_flag,逻辑删除标识,char,1,,N,'0',sys_del_flag,N,N,,,0存在 2删除
P0,核心运行层,pro_sap_system,SAP系统定义表,13,remark,备注,varchar,500,,Y,,,N,N,,N,基础版字段定义，后续可按数据库规范细化。
P0,核心运行层,pro_sap_plant_ref,SAP工厂参考表,1,sap_plant_ref_id,SAP工厂参考ID,bigint,20,,N,,,Y,N,,N,主键，建议使用雪花ID或数据库统一ID生成策略。
P0,核心运行层,pro_sap_plant_ref,SAP工厂参考表,2,sap_system_id,SAP系统ID,bigint,20,,N,,,N,Y,pro_sap_system.sap_system_id,Y,基础版字段定义，后续可按数据库规范细化。
P0,核心运行层,pro_sap_plant_ref,SAP工厂参考表,3,sap_plant_code,SAP工厂编码,varchar,64,,N,,,N,N,,Y,基础版字段定义，后续可按数据库规范细化。
P0,核心运行层,pro_sap_plant_ref,SAP工厂参考表,4,sap_plant_name,SAP工厂名称,varchar,128,,N,,,N,N,,N,基础版字段定义，后续可按数据库规范细化。
P0,核心运行层,pro_sap_plant_ref,SAP工厂参考表,5,company_code,公司代码,varchar,64,,N,,,N,N,,N,基础版字段定义，后续可按数据库规范细化。
P0,核心运行层,pro_sap_plant_ref,SAP工厂参考表,6,status,状态,varchar,20,,N,0,status_dict,N,N,,N,基础版字段定义，后续可按数据库规范细化。
P0,核心运行层,pro_sap_plant_ref,SAP工厂参考表,7,last_sync_time,最后同步时间,datetime,,,Y,,,N,N,,N,基础版字段定义，后续可按数据库规范细化。
P0,核心运行层,pro_sap_plant_ref,SAP工厂参考表,8,create_by,创建人,varchar,64,,N,,,N,N,,N,基础版字段定义，后续可按数据库规范细化。
P0,核心运行层,pro_sap_plant_ref,SAP工厂参考表,9,create_time,创建时间,datetime,,,N,,,N,N,,N,基础版字段定义，后续可按数据库规范细化。
P0,核心运行层,pro_sap_plant_ref,SAP工厂参考表,10,update_by,更新人,varchar,64,,Y,,,N,N,,N,基础版字段定义，后续可按数据库规范细化。
P0,核心运行层,pro_sap_plant_ref,SAP工厂参考表,11,update_time,更新时间,datetime,,,Y,,,N,N,,N,基础版字段定义，后续可按数据库规范细化。
P0,核心运行层,pro_sap_plant_ref,SAP工厂参考表,12,del_flag,逻辑删除标识,char,1,,N,'0',sys_del_flag,N,N,,,0存在 2删除
P0,核心运行层,pro_sap_plant_ref,SAP工厂参考表,13,remark,备注,varchar,500,,Y,,,N,N,,N,基础版字段定义，后续可按数据库规范细化。
P0,核心运行层,pro_sap_material_ref,SAP物料参考表,1,sap_material_ref_id,SAP物料参考ID,bigint,20,,N,,,Y,N,,N,主键，建议使用雪花ID或数据库统一ID生成策略。
P0,核心运行层,pro_sap_material_ref,SAP物料参考表,2,sap_system_id,SAP系统ID,bigint,20,,N,,,N,Y,pro_sap_system.sap_system_id,Y,基础版字段定义，后续可按数据库规范细化。
P0,核心运行层,pro_sap_material_ref,SAP物料参考表,3,sap_material_code,SAP物料编码,varchar,64,,N,,,N,N,,Y,基础版字段定义，后续可按数据库规范细化。
P0,核心运行层,pro_sap_material_ref,SAP物料参考表,4,sap_material_name,SAP物料名称,varchar,128,,N,,,N,N,,N,基础版字段定义，后续可按数据库规范细化。
P0,核心运行层,pro_sap_material_ref,SAP物料参考表,5,plant_code,工厂编码,varchar,64,,N,,,N,N,,Y,基础版字段定义，后续可按数据库规范细化。
P0,核心运行层,pro_sap_material_ref,SAP物料参考表,6,material_type,物料类型,varchar,32,,Y,,mes_material_type,N,N,,N,基础版字段定义，后续可按数据库规范细化。
P0,核心运行层,pro_sap_material_ref,SAP物料参考表,7,base_uom,基本单位,varchar,20,,Y,,mes_uom,N,N,,N,基础版字段定义，后续可按数据库规范细化。
P0,核心运行层,pro_sap_material_ref,SAP物料参考表,8,status,状态,varchar,20,,N,0,status_dict,N,N,,N,基础版字段定义，后续可按数据库规范细化。
P0,核心运行层,pro_sap_material_ref,SAP物料参考表,9,last_sync_time,最后同步时间,datetime,,,Y,,,N,N,,N,基础版字段定义，后续可按数据库规范细化。
P0,核心运行层,pro_sap_material_ref,SAP物料参考表,10,create_by,创建人,varchar,64,,N,,,N,N,,N,基础版字段定义，后续可按数据库规范细化。
P0,核心运行层,pro_sap_material_ref,SAP物料参考表,11,create_time,创建时间,datetime,,,N,,,N,N,,N,基础版字段定义，后续可按数据库规范细化。
P0,核心运行层,pro_sap_material_ref,SAP物料参考表,12,update_by,更新人,varchar,64,,Y,,,N,N,,N,基础版字段定义，后续可按数据库规范细化。
P0,核心运行层,pro_sap_material_ref,SAP物料参考表,13,update_time,更新时间,datetime,,,Y,,,N,N,,N,基础版字段定义，后续可按数据库规范细化。
P0,核心运行层,pro_sap_material_ref,SAP物料参考表,14,del_flag,逻辑删除标识,char,1,,N,'0',sys_del_flag,N,N,,,0存在 2删除
P0,核心运行层,pro_sap_material_ref,SAP物料参考表,15,remark,备注,varchar,500,,Y,,,N,N,,N,基础版字段定义，后续可按数据库规范细化。
P0,核心运行层,pro_sap_bom_ref,SAP BOM头参考表,1,sap_bom_ref_id,SAP BOM参考ID,bigint,20,,N,,,Y,N,,N,主键，建议使用雪花ID或数据库统一ID生成策略。
P0,核心运行层,pro_sap_bom_ref,SAP BOM头参考表,2,sap_system_id,SAP系统ID,bigint,20,,N,,,N,Y,pro_sap_system.sap_system_id,Y,基础版字段定义，后续可按数据库规范细化。
P0,核心运行层,pro_sap_bom_ref,SAP BOM头参考表,3,sap_bom_no,SAP BOM编号,varchar,64,,N,,,N,N,,Y,基础版字段定义，后续可按数据库规范细化。
P0,核心运行层,pro_sap_bom_ref,SAP BOM头参考表,4,sap_bom_alt,SAP替代BOM,varchar,64,,Y,,,N,N,,Y,基础版字段定义，后续可按数据库规范细化。
P0,核心运行层,pro_sap_bom_ref,SAP BOM头参考表,5,plant_code,工厂编码,varchar,64,,N,,,N,N,,Y,基础版字段定义，后续可按数据库规范细化。
P0,核心运行层,pro_sap_bom_ref,SAP BOM头参考表,6,bom_usage,BOM用途,varchar,64,,Y,,mes_bom_usage,N,N,,Y,基础版字段定义，后续可按数据库规范细化。
P0,核心运行层,pro_sap_bom_ref,SAP BOM头参考表,7,material_code,物料编码,varchar,64,,N,,,N,N,,N,基础版字段定义，后续可按数据库规范细化。
P0,核心运行层,pro_sap_bom_ref,SAP BOM头参考表,8,valid_from,有效开始日期,varchar,64,,Y,,,N,N,,N,基础版字段定义，后续可按数据库规范细化。
P0,核心运行层,pro_sap_bom_ref,SAP BOM头参考表,9,valid_to,有效结束日期,varchar,64,,Y,,,N,N,,N,基础版字段定义，后续可按数据库规范细化。
P0,核心运行层,pro_sap_bom_ref,SAP BOM头参考表,10,status,状态,varchar,20,,N,0,status_dict,N,N,,N,基础版字段定义，后续可按数据库规范细化。
P0,核心运行层,pro_sap_bom_ref,SAP BOM头参考表,11,last_sync_time,最后同步时间,datetime,,,Y,,,N,N,,N,基础版字段定义，后续可按数据库规范细化。
P0,核心运行层,pro_sap_bom_ref,SAP BOM头参考表,12,create_by,创建人,varchar,64,,N,,,N,N,,N,基础版字段定义，后续可按数据库规范细化。
P0,核心运行层,pro_sap_bom_ref,SAP BOM头参考表,13,create_time,创建时间,datetime,,,N,,,N,N,,N,基础版字段定义，后续可按数据库规范细化。
P0,核心运行层,pro_sap_bom_ref,SAP BOM头参考表,14,update_by,更新人,varchar,64,,Y,,,N,N,,N,基础版字段定义，后续可按数据库规范细化。
P0,核心运行层,pro_sap_bom_ref,SAP BOM头参考表,15,update_time,更新时间,datetime,,,Y,,,N,N,,N,基础版字段定义，后续可按数据库规范细化。
P0,核心运行层,pro_sap_bom_ref,SAP BOM头参考表,16,del_flag,逻辑删除标识,char,1,,N,'0',sys_del_flag,N,N,,,0存在 2删除
P0,核心运行层,pro_sap_bom_ref,SAP BOM头参考表,17,remark,备注,varchar,500,,Y,,,N,N,,N,基础版字段定义，后续可按数据库规范细化。
P0,核心运行层,pro_sap_bom_item_ref,SAP BOM行参考表,1,sap_bom_item_ref_id,SAP BOM行参考ID,bigint,20,,N,,,Y,N,,N,主键，建议使用雪花ID或数据库统一ID生成策略。
P0,核心运行层,pro_sap_bom_item_ref,SAP BOM行参考表,2,sap_bom_ref_id,SAP BOM参考ID,bigint,20,,N,,,N,Y,pro_sap_bom_ref.sap_bom_ref_id,Y,基础版字段定义，后续可按数据库规范细化。
P0,核心运行层,pro_sap_bom_item_ref,SAP BOM行参考表,3,sap_item_node_no,SAP项目节点号,varchar,64,,N,,,N,N,,Y,基础版字段定义，后续可按数据库规范细化。
P0,核心运行层,pro_sap_bom_item_ref,SAP BOM行参考表,4,sap_item_no,SAP项目号,varchar,64,,N,,,N,N,,N,基础版字段定义，后续可按数据库规范细化。
P0,核心运行层,pro_sap_bom_item_ref,SAP BOM行参考表,5,component_code,组件编码,varchar,64,,N,,,N,N,,N,基础版字段定义，后续可按数据库规范细化。
P0,核心运行层,pro_sap_bom_item_ref,SAP BOM行参考表,6,component_qty,组件数量,decimal,18,6,N,0,,N,N,,N,基础版字段定义，后续可按数据库规范细化。
P0,核心运行层,pro_sap_bom_item_ref,SAP BOM行参考表,7,component_uom,组件单位,varchar,20,,Y,,mes_uom,N,N,,N,基础版字段定义，后续可按数据库规范细化。
P0,核心运行层,pro_sap_bom_item_ref,SAP BOM行参考表,8,valid_from,有效开始日期,varchar,64,,Y,,,N,N,,N,基础版字段定义，后续可按数据库规范细化。
P0,核心运行层,pro_sap_bom_item_ref,SAP BOM行参考表,9,valid_to,有效结束日期,varchar,64,,Y,,,N,N,,N,基础版字段定义，后续可按数据库规范细化。
P0,核心运行层,pro_sap_bom_item_ref,SAP BOM行参考表,10,item_status,项目状态,varchar,20,,N,0,status_dict,N,N,,N,基础版字段定义，后续可按数据库规范细化。
P0,核心运行层,pro_sap_bom_item_ref,SAP BOM行参考表,11,last_sync_time,最后同步时间,datetime,,,Y,,,N,N,,N,基础版字段定义，后续可按数据库规范细化。
P0,核心运行层,pro_sap_bom_item_ref,SAP BOM行参考表,12,create_by,创建人,varchar,64,,N,,,N,N,,N,基础版字段定义，后续可按数据库规范细化。
P0,核心运行层,pro_sap_bom_item_ref,SAP BOM行参考表,13,create_time,创建时间,datetime,,,N,,,N,N,,N,基础版字段定义，后续可按数据库规范细化。
P0,核心运行层,pro_sap_bom_item_ref,SAP BOM行参考表,14,update_by,更新人,varchar,64,,Y,,,N,N,,N,基础版字段定义，后续可按数据库规范细化。
P0,核心运行层,pro_sap_bom_item_ref,SAP BOM行参考表,15,update_time,更新时间,datetime,,,Y,,,N,N,,N,基础版字段定义，后续可按数据库规范细化。
P0,核心运行层,pro_sap_bom_item_ref,SAP BOM行参考表,16,del_flag,逻辑删除标识,char,1,,N,'0',sys_del_flag,N,N,,,0存在 2删除
P0,核心运行层,pro_sap_bom_item_ref,SAP BOM行参考表,17,remark,备注,varchar,500,,Y,,,N,N,,N,基础版字段定义，后续可按数据库规范细化。
P0,核心运行层,pro_sap_routing_ref,SAP工艺路线参考表,1,sap_routing_ref_id,SAP工艺路线参考ID,bigint,20,,N,,,Y,N,,N,主键，建议使用雪花ID或数据库统一ID生成策略。
P0,核心运行层,pro_sap_routing_ref,SAP工艺路线参考表,2,sap_system_id,SAP系统ID,bigint,20,,N,,,N,Y,pro_sap_system.sap_system_id,Y,基础版字段定义，后续可按数据库规范细化。
P0,核心运行层,pro_sap_routing_ref,SAP工艺路线参考表,3,sap_routing_group,SAP工艺路线组,varchar,64,,Y,,,N,N,,Y,基础版字段定义，后续可按数据库规范细化。
P0,核心运行层,pro_sap_routing_ref,SAP工艺路线参考表,4,sap_group_counter,SAP组计数器,varchar,64,,Y,,,N,N,,Y,基础版字段定义，后续可按数据库规范细化。
P0,核心运行层,pro_sap_routing_ref,SAP工艺路线参考表,5,plant_code,工厂编码,varchar,64,,N,,,N,N,,Y,基础版字段定义，后续可按数据库规范细化。
P0,核心运行层,pro_sap_routing_ref,SAP工艺路线参考表,6,material_code,物料编码,varchar,64,,N,,,N,N,,N,基础版字段定义，后续可按数据库规范细化。
P0,核心运行层,pro_sap_routing_ref,SAP工艺路线参考表,7,valid_from,有效开始日期,varchar,64,,Y,,,N,N,,N,基础版字段定义，后续可按数据库规范细化。
P0,核心运行层,pro_sap_routing_ref,SAP工艺路线参考表,8,valid_to,有效结束日期,varchar,64,,Y,,,N,N,,N,基础版字段定义，后续可按数据库规范细化。
P0,核心运行层,pro_sap_routing_ref,SAP工艺路线参考表,9,status,状态,varchar,20,,N,0,status_dict,N,N,,N,基础版字段定义，后续可按数据库规范细化。
P0,核心运行层,pro_sap_routing_ref,SAP工艺路线参考表,10,last_sync_time,最后同步时间,datetime,,,Y,,,N,N,,N,基础版字段定义，后续可按数据库规范细化。
P0,核心运行层,pro_sap_routing_ref,SAP工艺路线参考表,11,create_by,创建人,varchar,64,,N,,,N,N,,N,基础版字段定义，后续可按数据库规范细化。
P0,核心运行层,pro_sap_routing_ref,SAP工艺路线参考表,12,create_time,创建时间,datetime,,,N,,,N,N,,N,基础版字段定义，后续可按数据库规范细化。
P0,核心运行层,pro_sap_routing_ref,SAP工艺路线参考表,13,update_by,更新人,varchar,64,,Y,,,N,N,,N,基础版字段定义，后续可按数据库规范细化。
P0,核心运行层,pro_sap_routing_ref,SAP工艺路线参考表,14,update_time,更新时间,datetime,,,Y,,,N,N,,N,基础版字段定义，后续可按数据库规范细化。
P0,核心运行层,pro_sap_routing_ref,SAP工艺路线参考表,15,del_flag,逻辑删除标识,char,1,,N,'0',sys_del_flag,N,N,,,0存在 2删除
P0,核心运行层,pro_sap_routing_ref,SAP工艺路线参考表,16,remark,备注,varchar,500,,Y,,,N,N,,N,基础版字段定义，后续可按数据库规范细化。
P0,核心运行层,pro_sap_operation_ref,SAP工序参考表,1,sap_operation_ref_id,SAP工序参考ID,bigint,20,,N,,,Y,N,,N,主键，建议使用雪花ID或数据库统一ID生成策略。
P0,核心运行层,pro_sap_operation_ref,SAP工序参考表,2,sap_routing_ref_id,SAP工艺路线参考ID,bigint,20,,N,,,N,Y,pro_sap_routing_ref.sap_routing_ref_id,Y,基础版字段定义，后续可按数据库规范细化。
P0,核心运行层,pro_sap_operation_ref,SAP工序参考表,3,sap_operation_no,SAP工序号,varchar,64,,N,,,N,N,,Y,基础版字段定义，后续可按数据库规范细化。
P0,核心运行层,pro_sap_operation_ref,SAP工序参考表,4,sap_work_center_code,SAP工作中心编码,varchar,64,,N,,,N,N,,N,基础版字段定义，后续可按数据库规范细化。
P0,核心运行层,pro_sap_operation_ref,SAP工序参考表,5,operation_desc,工序说明,varchar,64,,Y,,,N,N,,N,基础版字段定义，后续可按数据库规范细化。
P0,核心运行层,pro_sap_operation_ref,SAP工序参考表,6,standard_time,标准工时,decimal,18,2,Y,0,,N,N,,N,基础版字段定义，后续可按数据库规范细化。
P0,核心运行层,pro_sap_operation_ref,SAP工序参考表,7,time_uom,时间单位,varchar,20,,Y,,mes_uom,N,N,,N,基础版字段定义，后续可按数据库规范细化。
P0,核心运行层,pro_sap_operation_ref,SAP工序参考表,8,status,状态,varchar,20,,N,0,status_dict,N,N,,N,基础版字段定义，后续可按数据库规范细化。
P0,核心运行层,pro_sap_operation_ref,SAP工序参考表,9,last_sync_time,最后同步时间,datetime,,,Y,,,N,N,,N,基础版字段定义，后续可按数据库规范细化。
P0,核心运行层,pro_sap_operation_ref,SAP工序参考表,10,create_by,创建人,varchar,64,,N,,,N,N,,N,基础版字段定义，后续可按数据库规范细化。
P0,核心运行层,pro_sap_operation_ref,SAP工序参考表,11,create_time,创建时间,datetime,,,N,,,N,N,,N,基础版字段定义，后续可按数据库规范细化。
P0,核心运行层,pro_sap_operation_ref,SAP工序参考表,12,update_by,更新人,varchar,64,,Y,,,N,N,,N,基础版字段定义，后续可按数据库规范细化。
P0,核心运行层,pro_sap_operation_ref,SAP工序参考表,13,update_time,更新时间,datetime,,,Y,,,N,N,,N,基础版字段定义，后续可按数据库规范细化。
P0,核心运行层,pro_sap_operation_ref,SAP工序参考表,14,del_flag,逻辑删除标识,char,1,,N,'0',sys_del_flag,N,N,,,0存在 2删除
P0,核心运行层,pro_sap_operation_ref,SAP工序参考表,15,remark,备注,varchar,500,,Y,,,N,N,,N,基础版字段定义，后续可按数据库规范细化。
P0,核心运行层,pro_sap_work_center_ref,SAP工作中心参考表,1,sap_work_center_ref_id,SAP工作中心参考ID,bigint,20,,N,,,Y,N,,N,主键，建议使用雪花ID或数据库统一ID生成策略。
P0,核心运行层,pro_sap_work_center_ref,SAP工作中心参考表,2,sap_system_id,SAP系统ID,bigint,20,,N,,,N,Y,pro_sap_system.sap_system_id,Y,基础版字段定义，后续可按数据库规范细化。
P0,核心运行层,pro_sap_work_center_ref,SAP工作中心参考表,3,sap_work_center_code,SAP工作中心编码,varchar,64,,N,,,N,N,,Y,基础版字段定义，后续可按数据库规范细化。
P0,核心运行层,pro_sap_work_center_ref,SAP工作中心参考表,4,plant_code,工厂编码,varchar,64,,N,,,N,N,,Y,基础版字段定义，后续可按数据库规范细化。
P0,核心运行层,pro_sap_work_center_ref,SAP工作中心参考表,5,work_center_name,工作中心名称,varchar,128,,N,,,N,N,,N,基础版字段定义，后续可按数据库规范细化。
P0,核心运行层,pro_sap_work_center_ref,SAP工作中心参考表,6,work_center_category,工作中心类别,varchar,64,,Y,,,N,N,,N,基础版字段定义，后续可按数据库规范细化。
P0,核心运行层,pro_sap_work_center_ref,SAP工作中心参考表,7,status,状态,varchar,20,,N,0,status_dict,N,N,,N,基础版字段定义，后续可按数据库规范细化。
P0,核心运行层,pro_sap_work_center_ref,SAP工作中心参考表,8,last_sync_time,最后同步时间,datetime,,,Y,,,N,N,,N,基础版字段定义，后续可按数据库规范细化。
P0,核心运行层,pro_sap_work_center_ref,SAP工作中心参考表,9,create_by,创建人,varchar,64,,N,,,N,N,,N,基础版字段定义，后续可按数据库规范细化。
P0,核心运行层,pro_sap_work_center_ref,SAP工作中心参考表,10,create_time,创建时间,datetime,,,N,,,N,N,,N,基础版字段定义，后续可按数据库规范细化。
P0,核心运行层,pro_sap_work_center_ref,SAP工作中心参考表,11,update_by,更新人,varchar,64,,Y,,,N,N,,N,基础版字段定义，后续可按数据库规范细化。
P0,核心运行层,pro_sap_work_center_ref,SAP工作中心参考表,12,update_time,更新时间,datetime,,,Y,,,N,N,,N,基础版字段定义，后续可按数据库规范细化。
P0,核心运行层,pro_sap_work_center_ref,SAP工作中心参考表,13,del_flag,逻辑删除标识,char,1,,N,'0',sys_del_flag,N,N,,,0存在 2删除
P0,核心运行层,pro_sap_work_center_ref,SAP工作中心参考表,14,remark,备注,varchar,500,,Y,,,N,N,,N,基础版字段定义，后续可按数据库规范细化。
P0,核心运行层,pro_sap_production_order_ref,SAP生产订单参考表,1,sap_prod_order_ref_id,SAP生产订单参考ID,bigint,20,,N,,,Y,N,,N,主键，建议使用雪花ID或数据库统一ID生成策略。
P0,核心运行层,pro_sap_production_order_ref,SAP生产订单参考表,2,sap_system_id,SAP系统ID,bigint,20,,N,,,N,Y,pro_sap_system.sap_system_id,Y,基础版字段定义，后续可按数据库规范细化。
P0,核心运行层,pro_sap_production_order_ref,SAP生产订单参考表,3,sap_order_no,SAP订单号,varchar,64,,N,,,N,N,,Y,基础版字段定义，后续可按数据库规范细化。
P0,核心运行层,pro_sap_production_order_ref,SAP生产订单参考表,4,plant_code,工厂编码,varchar,64,,N,,,N,N,,N,基础版字段定义，后续可按数据库规范细化。
P0,核心运行层,pro_sap_production_order_ref,SAP生产订单参考表,5,material_code,物料编码,varchar,64,,N,,,N,N,,N,基础版字段定义，后续可按数据库规范细化。
P0,核心运行层,pro_sap_production_order_ref,SAP生产订单参考表,6,order_qty,工单数量,decimal,18,6,N,0,,N,N,,N,基础版字段定义，后续可按数据库规范细化。
P0,核心运行层,pro_sap_production_order_ref,SAP生产订单参考表,7,order_uom,工单单位,varchar,20,,Y,,mes_uom,N,N,,N,基础版字段定义，后续可按数据库规范细化。
P0,核心运行层,pro_sap_production_order_ref,SAP生产订单参考表,8,basic_start_date,基本开始日期,date,,,Y,,,N,N,,N,基础版字段定义，后续可按数据库规范细化。
P0,核心运行层,pro_sap_production_order_ref,SAP生产订单参考表,9,basic_finish_date,基本完成日期,date,,,Y,,,N,N,,N,基础版字段定义，后续可按数据库规范细化。
P0,核心运行层,pro_sap_production_order_ref,SAP生产订单参考表,10,order_status,工单状态,varchar,20,,N,0,mes_order_status,N,N,,N,基础版字段定义，后续可按数据库规范细化。
P0,核心运行层,pro_sap_production_order_ref,SAP生产订单参考表,11,last_sync_time,最后同步时间,datetime,,,Y,,,N,N,,N,基础版字段定义，后续可按数据库规范细化。
P0,核心运行层,pro_sap_production_order_ref,SAP生产订单参考表,12,create_by,创建人,varchar,64,,N,,,N,N,,N,基础版字段定义，后续可按数据库规范细化。
P0,核心运行层,pro_sap_production_order_ref,SAP生产订单参考表,13,create_time,创建时间,datetime,,,N,,,N,N,,N,基础版字段定义，后续可按数据库规范细化。
P0,核心运行层,pro_sap_production_order_ref,SAP生产订单参考表,14,update_by,更新人,varchar,64,,Y,,,N,N,,N,基础版字段定义，后续可按数据库规范细化。
P0,核心运行层,pro_sap_production_order_ref,SAP生产订单参考表,15,update_time,更新时间,datetime,,,Y,,,N,N,,N,基础版字段定义，后续可按数据库规范细化。
P0,核心运行层,pro_sap_production_order_ref,SAP生产订单参考表,16,del_flag,逻辑删除标识,char,1,,N,'0',sys_del_flag,N,N,,,0存在 2删除
P0,核心运行层,pro_sap_production_order_ref,SAP生产订单参考表,17,remark,备注,varchar,500,,Y,,,N,N,,N,基础版字段定义，后续可按数据库规范细化。
P0,核心运行层,pro_sap_plant_map,SAP工厂映射表,1,sap_plant_map_id,SAP工厂映射ID,bigint,20,,N,,,Y,N,,N,主键，建议使用雪花ID或数据库统一ID生成策略。
P0,核心运行层,pro_sap_plant_map,SAP工厂映射表,2,sap_plant_ref_id,SAP工厂参考ID,bigint,20,,N,,,N,Y,pro_sap_plant_ref.sap_plant_ref_id,Y,基础版字段定义，后续可按数据库规范细化。
P0,核心运行层,pro_sap_plant_map,SAP工厂映射表,3,plant_id,工厂ID,bigint,20,,N,,,N,Y,pro_plant_master.plant_id,N,基础版字段定义，后续可按数据库规范细化。
P0,核心运行层,pro_sap_plant_map,SAP工厂映射表,4,map_status,映射状态,varchar,20,,N,0,status_dict,N,N,,N,基础版字段定义，后续可按数据库规范细化。
P0,核心运行层,pro_sap_plant_map,SAP工厂映射表,5,effective_from,生效开始时间,datetime,,,Y,,,N,N,,N,基础版字段定义，后续可按数据库规范细化。
P0,核心运行层,pro_sap_plant_map,SAP工厂映射表,6,effective_to,生效结束时间,datetime,,,Y,,,N,N,,N,基础版字段定义，后续可按数据库规范细化。
P0,核心运行层,pro_sap_plant_map,SAP工厂映射表,7,create_by,创建人,varchar,64,,N,,,N,N,,N,基础版字段定义，后续可按数据库规范细化。
P0,核心运行层,pro_sap_plant_map,SAP工厂映射表,8,create_time,创建时间,datetime,,,N,,,N,N,,N,基础版字段定义，后续可按数据库规范细化。
P0,核心运行层,pro_sap_plant_map,SAP工厂映射表,9,update_by,更新人,varchar,64,,Y,,,N,N,,N,基础版字段定义，后续可按数据库规范细化。
P0,核心运行层,pro_sap_plant_map,SAP工厂映射表,10,update_time,更新时间,datetime,,,Y,,,N,N,,N,基础版字段定义，后续可按数据库规范细化。
P0,核心运行层,pro_sap_plant_map,SAP工厂映射表,11,del_flag,逻辑删除标识,char,1,,N,'0',sys_del_flag,N,N,,,0存在 2删除
P0,核心运行层,pro_sap_plant_map,SAP工厂映射表,12,remark,备注,varchar,500,,Y,,,N,N,,N,基础版字段定义，后续可按数据库规范细化。
P0,核心运行层,pro_sap_material_map,SAP物料映射表,1,sap_material_map_id,SAP物料映射ID,bigint,20,,N,,,Y,N,,N,主键，建议使用雪花ID或数据库统一ID生成策略。
P0,核心运行层,pro_sap_material_map,SAP物料映射表,2,sap_material_ref_id,SAP物料参考ID,bigint,20,,N,,,N,Y,pro_sap_material_ref.sap_material_ref_id,Y,基础版字段定义，后续可按数据库规范细化。
P0,核心运行层,pro_sap_material_map,SAP物料映射表,3,material_id,物料ID,bigint,20,,N,,,N,Y,pro_material_master.material_id,N,基础版字段定义，后续可按数据库规范细化。
P0,核心运行层,pro_sap_material_map,SAP物料映射表,4,map_status,映射状态,varchar,20,,N,0,status_dict,N,N,,N,基础版字段定义，后续可按数据库规范细化。
P0,核心运行层,pro_sap_material_map,SAP物料映射表,5,effective_from,生效开始时间,datetime,,,Y,,,N,N,,N,基础版字段定义，后续可按数据库规范细化。
P0,核心运行层,pro_sap_material_map,SAP物料映射表,6,effective_to,生效结束时间,datetime,,,Y,,,N,N,,N,基础版字段定义，后续可按数据库规范细化。
P0,核心运行层,pro_sap_material_map,SAP物料映射表,7,create_by,创建人,varchar,64,,N,,,N,N,,N,基础版字段定义，后续可按数据库规范细化。
P0,核心运行层,pro_sap_material_map,SAP物料映射表,8,create_time,创建时间,datetime,,,N,,,N,N,,N,基础版字段定义，后续可按数据库规范细化。
P0,核心运行层,pro_sap_material_map,SAP物料映射表,9,update_by,更新人,varchar,64,,Y,,,N,N,,N,基础版字段定义，后续可按数据库规范细化。
P0,核心运行层,pro_sap_material_map,SAP物料映射表,10,update_time,更新时间,datetime,,,Y,,,N,N,,N,基础版字段定义，后续可按数据库规范细化。
P0,核心运行层,pro_sap_material_map,SAP物料映射表,11,del_flag,逻辑删除标识,char,1,,N,'0',sys_del_flag,N,N,,,0存在 2删除
P0,核心运行层,pro_sap_material_map,SAP物料映射表,12,remark,备注,varchar,500,,Y,,,N,N,,N,基础版字段定义，后续可按数据库规范细化。
P0,核心运行层,pro_sap_bom_map,SAP BOM头映射表,1,sap_bom_map_id,SAP BOM映射ID,bigint,20,,N,,,Y,N,,N,主键，建议使用雪花ID或数据库统一ID生成策略。
P0,核心运行层,pro_sap_bom_map,SAP BOM头映射表,2,sap_bom_ref_id,SAP BOM参考ID,bigint,20,,N,,,N,Y,pro_sap_bom_ref.sap_bom_ref_id,Y,基础版字段定义，后续可按数据库规范细化。
P0,核心运行层,pro_sap_bom_map,SAP BOM头映射表,3,bom_id,BOM ID,bigint,20,,N,,,N,Y,pro_bom_header.bom_id,N,基础版字段定义，后续可按数据库规范细化。
P0,核心运行层,pro_sap_bom_map,SAP BOM头映射表,4,map_status,映射状态,varchar,20,,N,0,status_dict,N,N,,N,基础版字段定义，后续可按数据库规范细化。
P0,核心运行层,pro_sap_bom_map,SAP BOM头映射表,5,effective_from,生效开始时间,datetime,,,Y,,,N,N,,N,基础版字段定义，后续可按数据库规范细化。
P0,核心运行层,pro_sap_bom_map,SAP BOM头映射表,6,effective_to,生效结束时间,datetime,,,Y,,,N,N,,N,基础版字段定义，后续可按数据库规范细化。
P0,核心运行层,pro_sap_bom_map,SAP BOM头映射表,7,create_by,创建人,varchar,64,,N,,,N,N,,N,基础版字段定义，后续可按数据库规范细化。
P0,核心运行层,pro_sap_bom_map,SAP BOM头映射表,8,create_time,创建时间,datetime,,,N,,,N,N,,N,基础版字段定义，后续可按数据库规范细化。
P0,核心运行层,pro_sap_bom_map,SAP BOM头映射表,9,update_by,更新人,varchar,64,,Y,,,N,N,,N,基础版字段定义，后续可按数据库规范细化。
P0,核心运行层,pro_sap_bom_map,SAP BOM头映射表,10,update_time,更新时间,datetime,,,Y,,,N,N,,N,基础版字段定义，后续可按数据库规范细化。
P0,核心运行层,pro_sap_bom_map,SAP BOM头映射表,11,del_flag,逻辑删除标识,char,1,,N,'0',sys_del_flag,N,N,,,0存在 2删除
P0,核心运行层,pro_sap_bom_map,SAP BOM头映射表,12,remark,备注,varchar,500,,Y,,,N,N,,N,基础版字段定义，后续可按数据库规范细化。
P0,核心运行层,pro_sap_bom_item_map,SAP BOM行映射表,1,sap_bom_item_map_id,SAP BOM行映射ID,bigint,20,,N,,,Y,N,,N,主键，建议使用雪花ID或数据库统一ID生成策略。
P0,核心运行层,pro_sap_bom_item_map,SAP BOM行映射表,2,sap_bom_item_ref_id,SAP BOM行参考ID,bigint,20,,N,,,N,Y,pro_sap_bom_item_ref.sap_bom_item_ref_id,Y,基础版字段定义，后续可按数据库规范细化。
P0,核心运行层,pro_sap_bom_item_map,SAP BOM行映射表,3,bom_item_id,BOM明细ID,bigint,20,,N,,,N,Y,pro_bom_item.bom_item_id,N,基础版字段定义，后续可按数据库规范细化。
P0,核心运行层,pro_sap_bom_item_map,SAP BOM行映射表,4,map_status,映射状态,varchar,20,,N,0,status_dict,N,N,,N,基础版字段定义，后续可按数据库规范细化。
P0,核心运行层,pro_sap_bom_item_map,SAP BOM行映射表,5,effective_from,生效开始时间,datetime,,,Y,,,N,N,,N,基础版字段定义，后续可按数据库规范细化。
P0,核心运行层,pro_sap_bom_item_map,SAP BOM行映射表,6,effective_to,生效结束时间,datetime,,,Y,,,N,N,,N,基础版字段定义，后续可按数据库规范细化。
P0,核心运行层,pro_sap_bom_item_map,SAP BOM行映射表,7,create_by,创建人,varchar,64,,N,,,N,N,,N,基础版字段定义，后续可按数据库规范细化。
P0,核心运行层,pro_sap_bom_item_map,SAP BOM行映射表,8,create_time,创建时间,datetime,,,N,,,N,N,,N,基础版字段定义，后续可按数据库规范细化。
P0,核心运行层,pro_sap_bom_item_map,SAP BOM行映射表,9,update_by,更新人,varchar,64,,Y,,,N,N,,N,基础版字段定义，后续可按数据库规范细化。
P0,核心运行层,pro_sap_bom_item_map,SAP BOM行映射表,10,update_time,更新时间,datetime,,,Y,,,N,N,,N,基础版字段定义，后续可按数据库规范细化。
P0,核心运行层,pro_sap_bom_item_map,SAP BOM行映射表,11,del_flag,逻辑删除标识,char,1,,N,'0',sys_del_flag,N,N,,,0存在 2删除
P0,核心运行层,pro_sap_bom_item_map,SAP BOM行映射表,12,remark,备注,varchar,500,,Y,,,N,N,,N,基础版字段定义，后续可按数据库规范细化。
P0,核心运行层,pro_sap_routing_map,SAP工艺路线映射表,1,sap_routing_map_id,SAP工艺路线映射ID,bigint,20,,N,,,Y,N,,N,主键，建议使用雪花ID或数据库统一ID生成策略。
P0,核心运行层,pro_sap_routing_map,SAP工艺路线映射表,2,sap_routing_ref_id,SAP工艺路线参考ID,bigint,20,,N,,,N,Y,pro_sap_routing_ref.sap_routing_ref_id,Y,基础版字段定义，后续可按数据库规范细化。
P0,核心运行层,pro_sap_routing_map,SAP工艺路线映射表,3,routing_id,工艺路线ID,bigint,20,,N,,,N,Y,pro_routing_header.routing_id,N,基础版字段定义，后续可按数据库规范细化。
P0,核心运行层,pro_sap_routing_map,SAP工艺路线映射表,4,map_status,映射状态,varchar,20,,N,0,status_dict,N,N,,N,基础版字段定义，后续可按数据库规范细化。
P0,核心运行层,pro_sap_routing_map,SAP工艺路线映射表,5,effective_from,生效开始时间,datetime,,,Y,,,N,N,,N,基础版字段定义，后续可按数据库规范细化。
P0,核心运行层,pro_sap_routing_map,SAP工艺路线映射表,6,effective_to,生效结束时间,datetime,,,Y,,,N,N,,N,基础版字段定义，后续可按数据库规范细化。
P0,核心运行层,pro_sap_routing_map,SAP工艺路线映射表,7,create_by,创建人,varchar,64,,N,,,N,N,,N,基础版字段定义，后续可按数据库规范细化。
P0,核心运行层,pro_sap_routing_map,SAP工艺路线映射表,8,create_time,创建时间,datetime,,,N,,,N,N,,N,基础版字段定义，后续可按数据库规范细化。
P0,核心运行层,pro_sap_routing_map,SAP工艺路线映射表,9,update_by,更新人,varchar,64,,Y,,,N,N,,N,基础版字段定义，后续可按数据库规范细化。
P0,核心运行层,pro_sap_routing_map,SAP工艺路线映射表,10,update_time,更新时间,datetime,,,Y,,,N,N,,N,基础版字段定义，后续可按数据库规范细化。
P0,核心运行层,pro_sap_routing_map,SAP工艺路线映射表,11,del_flag,逻辑删除标识,char,1,,N,'0',sys_del_flag,N,N,,,0存在 2删除
P0,核心运行层,pro_sap_routing_map,SAP工艺路线映射表,12,remark,备注,varchar,500,,Y,,,N,N,,N,基础版字段定义，后续可按数据库规范细化。
P0,核心运行层,pro_sap_operation_map,SAP工序映射表,1,sap_operation_map_id,SAP工序映射ID,bigint,20,,N,,,Y,N,,N,主键，建议使用雪花ID或数据库统一ID生成策略。
P0,核心运行层,pro_sap_operation_map,SAP工序映射表,2,sap_operation_ref_id,SAP工序参考ID,bigint,20,,N,,,N,Y,pro_sap_operation_ref.sap_operation_ref_id,Y,基础版字段定义，后续可按数据库规范细化。
P0,核心运行层,pro_sap_operation_map,SAP工序映射表,3,operation_id,工序ID,bigint,20,,N,,,N,Y,pro_routing_operation.operation_id,N,基础版字段定义，后续可按数据库规范细化。
P0,核心运行层,pro_sap_operation_map,SAP工序映射表,4,map_status,映射状态,varchar,20,,N,0,status_dict,N,N,,N,基础版字段定义，后续可按数据库规范细化。
P0,核心运行层,pro_sap_operation_map,SAP工序映射表,5,effective_from,生效开始时间,datetime,,,Y,,,N,N,,N,基础版字段定义，后续可按数据库规范细化。
P0,核心运行层,pro_sap_operation_map,SAP工序映射表,6,effective_to,生效结束时间,datetime,,,Y,,,N,N,,N,基础版字段定义，后续可按数据库规范细化。
P0,核心运行层,pro_sap_operation_map,SAP工序映射表,7,create_by,创建人,varchar,64,,N,,,N,N,,N,基础版字段定义，后续可按数据库规范细化。
P0,核心运行层,pro_sap_operation_map,SAP工序映射表,8,create_time,创建时间,datetime,,,N,,,N,N,,N,基础版字段定义，后续可按数据库规范细化。
P0,核心运行层,pro_sap_operation_map,SAP工序映射表,9,update_by,更新人,varchar,64,,Y,,,N,N,,N,基础版字段定义，后续可按数据库规范细化。
P0,核心运行层,pro_sap_operation_map,SAP工序映射表,10,update_time,更新时间,datetime,,,Y,,,N,N,,N,基础版字段定义，后续可按数据库规范细化。
P0,核心运行层,pro_sap_operation_map,SAP工序映射表,11,del_flag,逻辑删除标识,char,1,,N,'0',sys_del_flag,N,N,,,0存在 2删除
P0,核心运行层,pro_sap_operation_map,SAP工序映射表,12,remark,备注,varchar,500,,Y,,,N,N,,N,基础版字段定义，后续可按数据库规范细化。
P0,核心运行层,pro_sap_work_center_map,SAP工作中心映射表,1,sap_wc_map_id,SAP工作中心映射ID,bigint,20,,N,,,Y,N,,N,主键，建议使用雪花ID或数据库统一ID生成策略。
P0,核心运行层,pro_sap_work_center_map,SAP工作中心映射表,2,sap_work_center_ref_id,SAP工作中心参考ID,bigint,20,,N,,,N,Y,pro_sap_work_center_ref.sap_work_center_ref_id,Y,基础版字段定义，后续可按数据库规范细化。
P0,核心运行层,pro_sap_work_center_map,SAP工作中心映射表,3,work_center_id,工作中心ID,bigint,20,,N,,,N,Y,pro_work_center_master.work_center_id,N,基础版字段定义，后续可按数据库规范细化。
P0,核心运行层,pro_sap_work_center_map,SAP工作中心映射表,4,plant_id,工厂ID,bigint,20,,N,,,N,Y,pro_plant_master.plant_id,N,基础版字段定义，后续可按数据库规范细化。
P0,核心运行层,pro_sap_work_center_map,SAP工作中心映射表,5,map_status,映射状态,varchar,20,,N,0,status_dict,N,N,,N,基础版字段定义，后续可按数据库规范细化。
P0,核心运行层,pro_sap_work_center_map,SAP工作中心映射表,6,effective_from,生效开始时间,datetime,,,Y,,,N,N,,N,基础版字段定义，后续可按数据库规范细化。
P0,核心运行层,pro_sap_work_center_map,SAP工作中心映射表,7,effective_to,生效结束时间,datetime,,,Y,,,N,N,,N,基础版字段定义，后续可按数据库规范细化。
P0,核心运行层,pro_sap_work_center_map,SAP工作中心映射表,8,create_by,创建人,varchar,64,,N,,,N,N,,N,基础版字段定义，后续可按数据库规范细化。
P0,核心运行层,pro_sap_work_center_map,SAP工作中心映射表,9,create_time,创建时间,datetime,,,N,,,N,N,,N,基础版字段定义，后续可按数据库规范细化。
P0,核心运行层,pro_sap_work_center_map,SAP工作中心映射表,10,update_by,更新人,varchar,64,,Y,,,N,N,,N,基础版字段定义，后续可按数据库规范细化。
P0,核心运行层,pro_sap_work_center_map,SAP工作中心映射表,11,update_time,更新时间,datetime,,,Y,,,N,N,,N,基础版字段定义，后续可按数据库规范细化。
P0,核心运行层,pro_sap_work_center_map,SAP工作中心映射表,12,del_flag,逻辑删除标识,char,1,,N,'0',sys_del_flag,N,N,,,0存在 2删除
P0,核心运行层,pro_sap_work_center_map,SAP工作中心映射表,13,remark,备注,varchar,500,,Y,,,N,N,,N,基础版字段定义，后续可按数据库规范细化。
P0,核心运行层,pro_sap_production_order_map,SAP生产订单映射表,1,sap_prod_order_map_id,SAP生产订单映射ID,bigint,20,,N,,,Y,N,,N,主键，建议使用雪花ID或数据库统一ID生成策略。
P0,核心运行层,pro_sap_production_order_map,SAP生产订单映射表,2,sap_prod_order_ref_id,SAP生产订单参考ID,bigint,20,,N,,,N,Y,pro_sap_production_order_ref.sap_prod_order_ref_id,Y,基础版字段定义，后续可按数据库规范细化。
P0,核心运行层,pro_sap_production_order_map,SAP生产订单映射表,3,prod_order_id,生产工单ID,bigint,20,,N,,,N,Y,pro_production_order.prod_order_id,N,基础版字段定义，后续可按数据库规范细化。
P0,核心运行层,pro_sap_production_order_map,SAP生产订单映射表,4,map_status,映射状态,varchar,20,,N,0,status_dict,N,N,,N,基础版字段定义，后续可按数据库规范细化。
P0,核心运行层,pro_sap_production_order_map,SAP生产订单映射表,5,effective_from,生效开始时间,datetime,,,Y,,,N,N,,N,基础版字段定义，后续可按数据库规范细化。
P0,核心运行层,pro_sap_production_order_map,SAP生产订单映射表,6,effective_to,生效结束时间,datetime,,,Y,,,N,N,,N,基础版字段定义，后续可按数据库规范细化。
P0,核心运行层,pro_sap_production_order_map,SAP生产订单映射表,7,create_by,创建人,varchar,64,,N,,,N,N,,N,基础版字段定义，后续可按数据库规范细化。
P0,核心运行层,pro_sap_production_order_map,SAP生产订单映射表,8,create_time,创建时间,datetime,,,N,,,N,N,,N,基础版字段定义，后续可按数据库规范细化。
P0,核心运行层,pro_sap_production_order_map,SAP生产订单映射表,9,update_by,更新人,varchar,64,,Y,,,N,N,,N,基础版字段定义，后续可按数据库规范细化。
P0,核心运行层,pro_sap_production_order_map,SAP生产订单映射表,10,update_time,更新时间,datetime,,,Y,,,N,N,,N,基础版字段定义，后续可按数据库规范细化。
P0,核心运行层,pro_sap_production_order_map,SAP生产订单映射表,11,del_flag,逻辑删除标识,char,1,,N,'0',sys_del_flag,N,N,,,0存在 2删除
P0,核心运行层,pro_sap_production_order_map,SAP生产订单映射表,12,remark,备注,varchar,500,,Y,,,N,N,,N,基础版字段定义，后续可按数据库规范细化。
P1,增强协同层,pro_equipment_master,设备主数据表,1,equipment_id,设备ID,bigint,20,,N,,,Y,N,,N,主键，建议使用雪花ID或数据库统一ID生成策略。
P1,增强协同层,pro_equipment_master,设备主数据表,2,plant_id,工厂ID,bigint,20,,N,,,N,Y,pro_plant_master.plant_id,Y,基础版字段定义，后续可按数据库规范细化。
P1,增强协同层,pro_equipment_master,设备主数据表,3,work_center_id,工作中心ID,bigint,20,,N,,,N,Y,pro_work_center_master.work_center_id,N,基础版字段定义，后续可按数据库规范细化。
P1,增强协同层,pro_equipment_master,设备主数据表,4,equipment_code,设备编码,varchar,64,,N,,,N,N,,Y,基础版字段定义，后续可按数据库规范细化。
P1,增强协同层,pro_equipment_master,设备主数据表,5,equipment_name,设备名称,varchar,128,,N,,,N,N,,N,基础版字段定义，后续可按数据库规范细化。
P1,增强协同层,pro_equipment_master,设备主数据表,6,equipment_type,设备类型,varchar,32,,Y,,type_dict,N,N,,N,基础版字段定义，后续可按数据库规范细化。
P1,增强协同层,pro_equipment_master,设备主数据表,7,asset_no,资产编号,varchar,64,,N,,,N,N,,N,基础版字段定义，后续可按数据库规范细化。
P1,增强协同层,pro_equipment_master,设备主数据表,8,equipment_status,设备状态,varchar,20,,N,0,status_dict,N,N,,N,基础版字段定义，后续可按数据库规范细化。
P1,增强协同层,pro_equipment_master,设备主数据表,9,create_by,创建人,varchar,64,,N,,,N,N,,N,基础版字段定义，后续可按数据库规范细化。
P1,增强协同层,pro_equipment_master,设备主数据表,10,create_time,创建时间,datetime,,,N,,,N,N,,N,基础版字段定义，后续可按数据库规范细化。
P1,增强协同层,pro_equipment_master,设备主数据表,11,update_by,更新人,varchar,64,,Y,,,N,N,,N,基础版字段定义，后续可按数据库规范细化。
P1,增强协同层,pro_equipment_master,设备主数据表,12,update_time,更新时间,datetime,,,Y,,,N,N,,N,基础版字段定义，后续可按数据库规范细化。
P1,增强协同层,pro_equipment_master,设备主数据表,13,del_flag,逻辑删除标识,char,1,,N,'0',sys_del_flag,N,N,,,0存在 2删除
P1,增强协同层,pro_equipment_master,设备主数据表,14,remark,备注,varchar,500,,Y,,,N,N,,N,基础版字段定义，后续可按数据库规范细化。
P1,增强协同层,pro_person_master,人员主数据表,1,person_id,人员ID,bigint,20,,N,,,Y,N,,N,主键，建议使用雪花ID或数据库统一ID生成策略。
P1,增强协同层,pro_person_master,人员主数据表,2,person_code,人员编码,varchar,64,,N,,,N,N,,Y,基础版字段定义，后续可按数据库规范细化。
P1,增强协同层,pro_person_master,人员主数据表,3,person_name,人员姓名,varchar,128,,N,,,N,N,,N,基础版字段定义，后续可按数据库规范细化。
P1,增强协同层,pro_person_master,人员主数据表,4,person_type,人员类型,varchar,32,,Y,,type_dict,N,N,,N,基础版字段定义，后续可按数据库规范细化。
P1,增强协同层,pro_person_master,人员主数据表,5,dept_code,部门编码,varchar,64,,N,,,N,N,,N,基础版字段定义，后续可按数据库规范细化。
P1,增强协同层,pro_person_master,人员主数据表,6,phone,电话,varchar,64,,Y,,,N,N,,N,基础版字段定义，后续可按数据库规范细化。
P1,增强协同层,pro_person_master,人员主数据表,7,email,邮箱,varchar,64,,Y,,,N,N,,N,基础版字段定义，后续可按数据库规范细化。
P1,增强协同层,pro_person_master,人员主数据表,8,status,状态,varchar,20,,N,0,status_dict,N,N,,N,基础版字段定义，后续可按数据库规范细化。
P1,增强协同层,pro_person_master,人员主数据表,9,create_by,创建人,varchar,64,,N,,,N,N,,N,基础版字段定义，后续可按数据库规范细化。
P1,增强协同层,pro_person_master,人员主数据表,10,create_time,创建时间,datetime,,,N,,,N,N,,N,基础版字段定义，后续可按数据库规范细化。
P1,增强协同层,pro_person_master,人员主数据表,11,update_by,更新人,varchar,64,,Y,,,N,N,,N,基础版字段定义，后续可按数据库规范细化。
P1,增强协同层,pro_person_master,人员主数据表,12,update_time,更新时间,datetime,,,Y,,,N,N,,N,基础版字段定义，后续可按数据库规范细化。
P1,增强协同层,pro_person_master,人员主数据表,13,del_flag,逻辑删除标识,char,1,,N,'0',sys_del_flag,N,N,,,0存在 2删除
P1,增强协同层,pro_person_master,人员主数据表,14,remark,备注,varchar,500,,Y,,,N,N,,N,基础版字段定义，后续可按数据库规范细化。
P1,增强协同层,pro_work_center_person_map,工作中心人员关系表,1,wc_person_map_id,工作中心人员关系ID,bigint,20,,N,,,Y,N,,N,主键，建议使用雪花ID或数据库统一ID生成策略。
P1,增强协同层,pro_work_center_person_map,工作中心人员关系表,2,work_center_id,工作中心ID,bigint,20,,N,,,N,Y,pro_work_center_master.work_center_id,Y,基础版字段定义，后续可按数据库规范细化。
P1,增强协同层,pro_work_center_person_map,工作中心人员关系表,3,person_id,人员ID,bigint,20,,N,,,N,Y,pro_person_master.person_id,Y,基础版字段定义，后续可按数据库规范细化。
P1,增强协同层,pro_work_center_person_map,工作中心人员关系表,4,role_type,角色类型,varchar,32,,Y,,type_dict,N,N,,Y,基础版字段定义，后续可按数据库规范细化。
P1,增强协同层,pro_work_center_person_map,工作中心人员关系表,5,effective_from,生效开始时间,datetime,,,Y,,,N,N,,N,基础版字段定义，后续可按数据库规范细化。
P1,增强协同层,pro_work_center_person_map,工作中心人员关系表,6,effective_to,生效结束时间,datetime,,,Y,,,N,N,,N,基础版字段定义，后续可按数据库规范细化。
P1,增强协同层,pro_work_center_person_map,工作中心人员关系表,7,status,状态,varchar,20,,N,0,status_dict,N,N,,N,基础版字段定义，后续可按数据库规范细化。
P1,增强协同层,pro_work_center_person_map,工作中心人员关系表,8,create_by,创建人,varchar,64,,N,,,N,N,,N,基础版字段定义，后续可按数据库规范细化。
P1,增强协同层,pro_work_center_person_map,工作中心人员关系表,9,create_time,创建时间,datetime,,,N,,,N,N,,N,基础版字段定义，后续可按数据库规范细化。
P1,增强协同层,pro_work_center_person_map,工作中心人员关系表,10,update_by,更新人,varchar,64,,Y,,,N,N,,N,基础版字段定义，后续可按数据库规范细化。
P1,增强协同层,pro_work_center_person_map,工作中心人员关系表,11,update_time,更新时间,datetime,,,Y,,,N,N,,N,基础版字段定义，后续可按数据库规范细化。
P1,增强协同层,pro_work_center_person_map,工作中心人员关系表,12,del_flag,逻辑删除标识,char,1,,N,'0',sys_del_flag,N,N,,,0存在 2删除
P1,增强协同层,pro_work_center_person_map,工作中心人员关系表,13,remark,备注,varchar,500,,Y,,,N,N,,N,基础版字段定义，后续可按数据库规范细化。
P1,增强协同层,pro_tooling_master,工装主数据表,1,tooling_id,工装ID,bigint,20,,N,,,Y,N,,N,主键，建议使用雪花ID或数据库统一ID生成策略。
P1,增强协同层,pro_tooling_master,工装主数据表,2,tooling_code,工装编码,varchar,64,,N,,,N,N,,Y,基础版字段定义，后续可按数据库规范细化。
P1,增强协同层,pro_tooling_master,工装主数据表,3,tooling_name,工装名称,varchar,128,,N,,,N,N,,N,基础版字段定义，后续可按数据库规范细化。
P1,增强协同层,pro_tooling_master,工装主数据表,4,tooling_type,工装类型,varchar,32,,Y,,type_dict,N,N,,N,基础版字段定义，后续可按数据库规范细化。
P1,增强协同层,pro_tooling_master,工装主数据表,5,spec_model,规格型号,varchar,64,,Y,,,N,N,,N,基础版字段定义，后续可按数据库规范细化。
P1,增强协同层,pro_tooling_master,工装主数据表,6,owner_dept,所属部门,varchar,64,,Y,,,N,N,,N,基础版字段定义，后续可按数据库规范细化。
P1,增强协同层,pro_tooling_master,工装主数据表,7,status,状态,varchar,20,,N,0,status_dict,N,N,,N,基础版字段定义，后续可按数据库规范细化。
P1,增强协同层,pro_tooling_master,工装主数据表,8,create_by,创建人,varchar,64,,N,,,N,N,,N,基础版字段定义，后续可按数据库规范细化。
P1,增强协同层,pro_tooling_master,工装主数据表,9,create_time,创建时间,datetime,,,N,,,N,N,,N,基础版字段定义，后续可按数据库规范细化。
P1,增强协同层,pro_tooling_master,工装主数据表,10,update_by,更新人,varchar,64,,Y,,,N,N,,N,基础版字段定义，后续可按数据库规范细化。
P1,增强协同层,pro_tooling_master,工装主数据表,11,update_time,更新时间,datetime,,,Y,,,N,N,,N,基础版字段定义，后续可按数据库规范细化。
P1,增强协同层,pro_tooling_master,工装主数据表,12,del_flag,逻辑删除标识,char,1,,N,'0',sys_del_flag,N,N,,,0存在 2删除
P1,增强协同层,pro_tooling_master,工装主数据表,13,remark,备注,varchar,500,,Y,,,N,N,,N,基础版字段定义，后续可按数据库规范细化。
P1,增强协同层,pro_fixture_master,夹具主数据表,1,fixture_id,夹具ID,bigint,20,,N,,,Y,N,,N,主键，建议使用雪花ID或数据库统一ID生成策略。
P1,增强协同层,pro_fixture_master,夹具主数据表,2,fixture_code,夹具编码,varchar,64,,N,,,N,N,,Y,基础版字段定义，后续可按数据库规范细化。
P1,增强协同层,pro_fixture_master,夹具主数据表,3,fixture_name,夹具名称,varchar,128,,N,,,N,N,,N,基础版字段定义，后续可按数据库规范细化。
P1,增强协同层,pro_fixture_master,夹具主数据表,4,fixture_type,夹具类型,varchar,32,,Y,,type_dict,N,N,,N,基础版字段定义，后续可按数据库规范细化。
P1,增强协同层,pro_fixture_master,夹具主数据表,5,spec_model,规格型号,varchar,64,,Y,,,N,N,,N,基础版字段定义，后续可按数据库规范细化。
P1,增强协同层,pro_fixture_master,夹具主数据表,6,owner_dept,所属部门,varchar,64,,Y,,,N,N,,N,基础版字段定义，后续可按数据库规范细化。
P1,增强协同层,pro_fixture_master,夹具主数据表,7,status,状态,varchar,20,,N,0,status_dict,N,N,,N,基础版字段定义，后续可按数据库规范细化。
P1,增强协同层,pro_fixture_master,夹具主数据表,8,create_by,创建人,varchar,64,,N,,,N,N,,N,基础版字段定义，后续可按数据库规范细化。
P1,增强协同层,pro_fixture_master,夹具主数据表,9,create_time,创建时间,datetime,,,N,,,N,N,,N,基础版字段定义，后续可按数据库规范细化。
P1,增强协同层,pro_fixture_master,夹具主数据表,10,update_by,更新人,varchar,64,,Y,,,N,N,,N,基础版字段定义，后续可按数据库规范细化。
P1,增强协同层,pro_fixture_master,夹具主数据表,11,update_time,更新时间,datetime,,,Y,,,N,N,,N,基础版字段定义，后续可按数据库规范细化。
P1,增强协同层,pro_fixture_master,夹具主数据表,12,del_flag,逻辑删除标识,char,1,,N,'0',sys_del_flag,N,N,,,0存在 2删除
P1,增强协同层,pro_fixture_master,夹具主数据表,13,remark,备注,varchar,500,,Y,,,N,N,,N,基础版字段定义，后续可按数据库规范细化。
P1,增强协同层,pro_bom_substitution_group,BOM替代组表,1,bom_sub_group_id,替代组ID,bigint,20,,N,,,Y,N,,N,主键，建议使用雪花ID或数据库统一ID生成策略。
P1,增强协同层,pro_bom_substitution_group,BOM替代组表,2,bom_item_id,BOM明细ID,bigint,20,,N,,,N,Y,pro_bom_item.bom_item_id,Y,基础版字段定义，后续可按数据库规范细化。
P1,增强协同层,pro_bom_substitution_group,BOM替代组表,3,group_code,组编码,varchar,64,,N,,,N,N,,Y,基础版字段定义，后续可按数据库规范细化。
P1,增强协同层,pro_bom_substitution_group,BOM替代组表,4,group_name,组名称,varchar,128,,N,,,N,N,,N,基础版字段定义，后续可按数据库规范细化。
P1,增强协同层,pro_bom_substitution_group,BOM替代组表,5,substitution_type,替代类型,varchar,32,,Y,,type_dict,N,N,,N,基础版字段定义，后续可按数据库规范细化。
P1,增强协同层,pro_bom_substitution_group,BOM替代组表,6,priority_rule,优先级规则,varchar,64,,Y,,,N,N,,N,基础版字段定义，后续可按数据库规范细化。
P1,增强协同层,pro_bom_substitution_group,BOM替代组表,7,approval_required_flag,是否需要审批,char,1,,N,N,sys_yes_no,N,N,,N,基础版字段定义，后续可按数据库规范细化。
P1,增强协同层,pro_bom_substitution_group,BOM替代组表,8,status,状态,varchar,20,,N,0,status_dict,N,N,,N,基础版字段定义，后续可按数据库规范细化。
P1,增强协同层,pro_bom_substitution_group,BOM替代组表,9,create_by,创建人,varchar,64,,N,,,N,N,,N,基础版字段定义，后续可按数据库规范细化。
P1,增强协同层,pro_bom_substitution_group,BOM替代组表,10,create_time,创建时间,datetime,,,N,,,N,N,,N,基础版字段定义，后续可按数据库规范细化。
P1,增强协同层,pro_bom_substitution_group,BOM替代组表,11,update_by,更新人,varchar,64,,Y,,,N,N,,N,基础版字段定义，后续可按数据库规范细化。
P1,增强协同层,pro_bom_substitution_group,BOM替代组表,12,update_time,更新时间,datetime,,,Y,,,N,N,,N,基础版字段定义，后续可按数据库规范细化。
P1,增强协同层,pro_bom_substitution_group,BOM替代组表,13,del_flag,逻辑删除标识,char,1,,N,'0',sys_del_flag,N,N,,,0存在 2删除
P1,增强协同层,pro_bom_substitution_group,BOM替代组表,14,remark,备注,varchar,500,,Y,,,N,N,,N,基础版字段定义，后续可按数据库规范细化。
P1,增强协同层,pro_bom_substitution_item,BOM替代料明细表,1,bom_sub_item_id,替代料明细ID,bigint,20,,N,,,Y,N,,N,主键，建议使用雪花ID或数据库统一ID生成策略。
P1,增强协同层,pro_bom_substitution_item,BOM替代料明细表,2,bom_sub_group_id,替代组ID,bigint,20,,N,,,N,Y,pro_bom_substitution_group.bom_sub_group_id,Y,基础版字段定义，后续可按数据库规范细化。
P1,增强协同层,pro_bom_substitution_item,BOM替代料明细表,3,sub_material_id,替代物料ID,bigint,20,,N,,,N,Y,pro_material_master.material_id,Y,基础版字段定义，后续可按数据库规范细化。
P1,增强协同层,pro_bom_substitution_item,BOM替代料明细表,4,priority_no,优先级,varchar,64,,N,,,N,N,,N,基础版字段定义，后续可按数据库规范细化。
P1,增强协同层,pro_bom_substitution_item,BOM替代料明细表,5,sub_qty,替代数量,decimal,18,6,N,0,,N,N,,N,基础版字段定义，后续可按数据库规范细化。
P1,增强协同层,pro_bom_substitution_item,BOM替代料明细表,6,sub_uom,替代单位,varchar,20,,Y,,mes_uom,N,N,,N,基础版字段定义，后续可按数据库规范细化。
P1,增强协同层,pro_bom_substitution_item,BOM替代料明细表,7,effective_from,生效开始时间,datetime,,,Y,,,N,N,,N,基础版字段定义，后续可按数据库规范细化。
P1,增强协同层,pro_bom_substitution_item,BOM替代料明细表,8,effective_to,生效结束时间,datetime,,,Y,,,N,N,,N,基础版字段定义，后续可按数据库规范细化。
P1,增强协同层,pro_bom_substitution_item,BOM替代料明细表,9,approval_status,审批状态,varchar,20,,N,0,mes_approval_status,N,N,,N,基础版字段定义，后续可按数据库规范细化。
P1,增强协同层,pro_bom_substitution_item,BOM替代料明细表,10,status,状态,varchar,20,,N,0,status_dict,N,N,,N,基础版字段定义，后续可按数据库规范细化。
P1,增强协同层,pro_bom_substitution_item,BOM替代料明细表,11,create_by,创建人,varchar,64,,N,,,N,N,,N,基础版字段定义，后续可按数据库规范细化。
P1,增强协同层,pro_bom_substitution_item,BOM替代料明细表,12,create_time,创建时间,datetime,,,N,,,N,N,,N,基础版字段定义，后续可按数据库规范细化。
P1,增强协同层,pro_bom_substitution_item,BOM替代料明细表,13,update_by,更新人,varchar,64,,Y,,,N,N,,N,基础版字段定义，后续可按数据库规范细化。
P1,增强协同层,pro_bom_substitution_item,BOM替代料明细表,14,update_time,更新时间,datetime,,,Y,,,N,N,,N,基础版字段定义，后续可按数据库规范细化。
P1,增强协同层,pro_bom_substitution_item,BOM替代料明细表,15,del_flag,逻辑删除标识,char,1,,N,'0',sys_del_flag,N,N,,,0存在 2删除
P1,增强协同层,pro_bom_substitution_item,BOM替代料明细表,16,remark,备注,varchar,500,,Y,,,N,N,,N,基础版字段定义，后续可按数据库规范细化。
P1,增强协同层,pro_bom_cutover_rule,BOM切换规则表,1,cutover_rule_id,切换规则ID,bigint,20,,N,,,Y,N,,N,主键，建议使用雪花ID或数据库统一ID生成策略。
P1,增强协同层,pro_bom_cutover_rule,BOM切换规则表,2,bom_item_id,BOM明细ID,bigint,20,,N,,,N,Y,pro_bom_item.bom_item_id,Y,基础版字段定义，后续可按数据库规范细化。
P1,增强协同层,pro_bom_cutover_rule,BOM切换规则表,3,from_material_id,原物料ID,bigint,20,,N,,,N,Y,pro_material_master.material_id,Y,基础版字段定义，后续可按数据库规范细化。
P1,增强协同层,pro_bom_cutover_rule,BOM切换规则表,4,to_material_id,新物料ID,bigint,20,,N,,,N,Y,pro_material_master.material_id,Y,基础版字段定义，后续可按数据库规范细化。
P1,增强协同层,pro_bom_cutover_rule,BOM切换规则表,5,cutover_type,切换类型,varchar,32,,Y,,type_dict,N,N,,Y,基础版字段定义，后续可按数据库规范细化。
P1,增强协同层,pro_bom_cutover_rule,BOM切换规则表,6,trigger_type,触发类型,varchar,32,,Y,,type_dict,N,N,,Y,基础版字段定义，后续可按数据库规范细化。
P1,增强协同层,pro_bom_cutover_rule,BOM切换规则表,7,trigger_value,触发值,varchar,64,,Y,,,N,N,,N,基础版字段定义，后续可按数据库规范细化。
P1,增强协同层,pro_bom_cutover_rule,BOM切换规则表,8,effective_from,生效开始时间,datetime,,,Y,,,N,N,,N,基础版字段定义，后续可按数据库规范细化。
P1,增强协同层,pro_bom_cutover_rule,BOM切换规则表,9,effective_to,生效结束时间,datetime,,,Y,,,N,N,,N,基础版字段定义，后续可按数据库规范细化。
P1,增强协同层,pro_bom_cutover_rule,BOM切换规则表,10,rule_status,规则状态,varchar,20,,N,0,status_dict,N,N,,N,基础版字段定义，后续可按数据库规范细化。
P1,增强协同层,pro_bom_cutover_rule,BOM切换规则表,11,create_by,创建人,varchar,64,,N,,,N,N,,N,基础版字段定义，后续可按数据库规范细化。
P1,增强协同层,pro_bom_cutover_rule,BOM切换规则表,12,create_time,创建时间,datetime,,,N,,,N,N,,N,基础版字段定义，后续可按数据库规范细化。
P1,增强协同层,pro_bom_cutover_rule,BOM切换规则表,13,update_by,更新人,varchar,64,,Y,,,N,N,,N,基础版字段定义，后续可按数据库规范细化。
P1,增强协同层,pro_bom_cutover_rule,BOM切换规则表,14,update_time,更新时间,datetime,,,Y,,,N,N,,N,基础版字段定义，后续可按数据库规范细化。
P1,增强协同层,pro_bom_cutover_rule,BOM切换规则表,15,del_flag,逻辑删除标识,char,1,,N,'0',sys_del_flag,N,N,,,0存在 2删除
P1,增强协同层,pro_bom_cutover_rule,BOM切换规则表,16,remark,备注,varchar,500,,Y,,,N,N,,N,基础版字段定义，后续可按数据库规范细化。
P1,增强协同层,pro_bom_cutover_execution_log,BOM切换执行日志表,1,cutover_exec_id,切换执行ID,bigint,20,,N,,,Y,N,,N,主键，建议使用雪花ID或数据库统一ID生成策略。
P1,增强协同层,pro_bom_cutover_execution_log,BOM切换执行日志表,2,cutover_rule_id,切换规则ID,bigint,20,,N,,,N,Y,pro_bom_cutover_rule.cutover_rule_id,Y,基础版字段定义，后续可按数据库规范细化。
P1,增强协同层,pro_bom_cutover_execution_log,BOM切换执行日志表,3,prod_order_id,生产工单ID,bigint,20,,N,,,N,Y,pro_production_order.prod_order_id,N,基础版字段定义，后续可按数据库规范细化。
P1,增强协同层,pro_bom_cutover_execution_log,BOM切换执行日志表,4,order_component_id,工单组件ID,bigint,20,,N,,,N,Y,pro_order_component.order_component_id,Y,基础版字段定义，后续可按数据库规范细化。
P1,增强协同层,pro_bom_cutover_execution_log,BOM切换执行日志表,5,from_material_id,原物料ID,bigint,20,,N,,,N,N,,N,基础版字段定义，后续可按数据库规范细化。
P1,增强协同层,pro_bom_cutover_execution_log,BOM切换执行日志表,6,to_material_id,新物料ID,bigint,20,,N,,,N,N,,N,基础版字段定义，后续可按数据库规范细化。
P1,增强协同层,pro_bom_cutover_execution_log,BOM切换执行日志表,7,trigger_value,触发值,varchar,64,,Y,,,N,N,,N,基础版字段定义，后续可按数据库规范细化。
P1,增强协同层,pro_bom_cutover_execution_log,BOM切换执行日志表,8,exec_time,执行时间,datetime,,,Y,,,N,N,,N,基础版字段定义，后续可按数据库规范细化。
P1,增强协同层,pro_bom_cutover_execution_log,BOM切换执行日志表,9,exec_result,执行结果,varchar,64,,Y,,mes_exec_result,N,N,,N,基础版字段定义，后续可按数据库规范细化。
P1,增强协同层,pro_bom_cutover_execution_log,BOM切换执行日志表,10,create_by,创建人,varchar,64,,N,,,N,N,,N,基础版字段定义，后续可按数据库规范细化。
P1,增强协同层,pro_bom_cutover_execution_log,BOM切换执行日志表,11,create_time,创建时间,datetime,,,N,,,N,N,,N,基础版字段定义，后续可按数据库规范细化。
P1,增强协同层,pro_bom_cutover_execution_log,BOM切换执行日志表,12,del_flag,逻辑删除标识,char,1,,N,'0',sys_del_flag,N,N,,,0存在 2删除
P1,增强协同层,pro_bom_cutover_execution_log,BOM切换执行日志表,13,remark,备注,varchar,500,,Y,,,N,N,,N,基础版字段定义，后续可按数据库规范细化。
P1,增强协同层,pro_operation_relation,工序关系表,1,op_relation_id,工序关系ID,bigint,20,,N,,,Y,N,,N,主键，建议使用雪花ID或数据库统一ID生成策略。
P1,增强协同层,pro_operation_relation,工序关系表,2,routing_id,工艺路线ID,bigint,20,,N,,,N,Y,pro_routing_header.routing_id,Y,基础版字段定义，后续可按数据库规范细化。
P1,增强协同层,pro_operation_relation,工序关系表,3,pre_operation_id,前置工序ID,bigint,20,,N,,,N,Y,pro_routing_operation.operation_id,Y,基础版字段定义，后续可按数据库规范细化。
P1,增强协同层,pro_operation_relation,工序关系表,4,next_operation_id,后续工序ID,bigint,20,,N,,,N,Y,pro_routing_operation.operation_id,Y,基础版字段定义，后续可按数据库规范细化。
P1,增强协同层,pro_operation_relation,工序关系表,5,relation_type,关系类型,varchar,32,,Y,,type_dict,N,N,,Y,基础版字段定义，后续可按数据库规范细化。
P1,增强协同层,pro_operation_relation,工序关系表,6,join_type,汇合方式,varchar,32,,Y,,type_dict,N,N,,N,基础版字段定义，后续可按数据库规范细化。
P1,增强协同层,pro_operation_relation,工序关系表,7,lag_time,间隔时间,decimal,18,2,Y,0,,N,N,,N,基础版字段定义，后续可按数据库规范细化。
P1,增强协同层,pro_operation_relation,工序关系表,8,status,状态,varchar,20,,N,0,status_dict,N,N,,N,基础版字段定义，后续可按数据库规范细化。
P1,增强协同层,pro_operation_relation,工序关系表,9,create_by,创建人,varchar,64,,N,,,N,N,,N,基础版字段定义，后续可按数据库规范细化。
P1,增强协同层,pro_operation_relation,工序关系表,10,create_time,创建时间,datetime,,,N,,,N,N,,N,基础版字段定义，后续可按数据库规范细化。
P1,增强协同层,pro_operation_relation,工序关系表,11,update_by,更新人,varchar,64,,Y,,,N,N,,N,基础版字段定义，后续可按数据库规范细化。
P1,增强协同层,pro_operation_relation,工序关系表,12,update_time,更新时间,datetime,,,Y,,,N,N,,N,基础版字段定义，后续可按数据库规范细化。
P1,增强协同层,pro_operation_relation,工序关系表,13,del_flag,逻辑删除标识,char,1,,N,'0',sys_del_flag,N,N,,,0存在 2删除
P1,增强协同层,pro_operation_relation,工序关系表,14,remark,备注,varchar,500,,Y,,,N,N,,N,基础版字段定义，后续可按数据库规范细化。
P1,增强协同层,pro_operation_resource,工序资源表,1,op_res_id,工序资源ID,bigint,20,,N,,,Y,N,,N,主键，建议使用雪花ID或数据库统一ID生成策略。
P1,增强协同层,pro_operation_resource,工序资源表,2,operation_id,工序ID,bigint,20,,N,,,N,Y,pro_routing_operation.operation_id,Y,基础版字段定义，后续可按数据库规范细化。
P1,增强协同层,pro_operation_resource,工序资源表,3,resource_type,资源类型,varchar,32,,N,,mes_operation_resource_type,N,N,,Y,资源类型：EQUIPMENT设备、TOOLING工装、FIXTURE夹具等。
P1,增强协同层,pro_operation_resource,工序资源表,4,equipment_id,设备ID,bigint,20,,Y,,,N,Y,pro_equipment_master.equipment_id,N,资源类型为设备时使用。
P1,增强协同层,pro_operation_resource,工序资源表,5,tooling_id,工装ID,bigint,20,,Y,,,N,Y,pro_tooling_master.tooling_id,N,资源类型为工装时使用。
P1,增强协同层,pro_operation_resource,工序资源表,6,fixture_id,夹具ID,bigint,20,,Y,,,N,Y,pro_fixture_master.fixture_id,N,资源类型为夹具时使用。
P1,增强协同层,pro_operation_resource,工序资源表,7,resource_id,资源ID,bigint,20,,Y,,,N,N,,Y,兼容字段，按resource_type记录资源主键；新开发优先使用equipment_id/tooling_id/fixture_id明确外键。
P1,增强协同层,pro_operation_resource,工序资源表,8,resource_code,资源编码,varchar,64,,N,,,N,N,,N,基础版字段定义，后续可按数据库规范细化。
P1,增强协同层,pro_operation_resource,工序资源表,9,resource_name,资源名称,varchar,128,,N,,,N,N,,N,基础版字段定义，后续可按数据库规范细化。
P1,增强协同层,pro_operation_resource,工序资源表,10,required_qty,需求数量,decimal,18,6,N,0,,N,N,,N,基础版字段定义，后续可按数据库规范细化。
P1,增强协同层,pro_operation_resource,工序资源表,11,resource_uom,资源单位,varchar,20,,Y,,mes_uom,N,N,,N,基础版字段定义，后续可按数据库规范细化。
P1,增强协同层,pro_operation_resource,工序资源表,12,mandatory_flag,是否必需,char,1,,N,N,sys_yes_no,N,N,,N,基础版字段定义，后续可按数据库规范细化。
P1,增强协同层,pro_operation_resource,工序资源表,13,status,状态,varchar,20,,N,0,status_dict,N,N,,N,基础版字段定义，后续可按数据库规范细化。
P1,增强协同层,pro_operation_resource,工序资源表,14,create_by,创建人,varchar,64,,N,,,N,N,,N,基础版字段定义，后续可按数据库规范细化。
P1,增强协同层,pro_operation_resource,工序资源表,15,create_time,创建时间,datetime,,,N,,,N,N,,N,基础版字段定义，后续可按数据库规范细化。
P1,增强协同层,pro_operation_resource,工序资源表,16,update_by,更新人,varchar,64,,Y,,,N,N,,N,基础版字段定义，后续可按数据库规范细化。
P1,增强协同层,pro_operation_resource,工序资源表,17,update_time,更新时间,datetime,,,Y,,,N,N,,N,基础版字段定义，后续可按数据库规范细化。
P1,增强协同层,pro_operation_resource,工序资源表,18,del_flag,逻辑删除标识,char,1,,N,'0',sys_del_flag,N,N,,,0存在 2删除
P1,增强协同层,pro_operation_resource,工序资源表,19,remark,备注,varchar,500,,Y,,,N,N,,N,基础版字段定义，后续可按数据库规范细化。
P1,增强协同层,pro_operation_parameter,工序参数表,1,op_param_id,工序参数ID,bigint,20,,N,,,Y,N,,N,主键，建议使用雪花ID或数据库统一ID生成策略。
P1,增强协同层,pro_operation_parameter,工序参数表,2,operation_id,工序ID,bigint,20,,N,,,N,Y,pro_routing_operation.operation_id,Y,基础版字段定义，后续可按数据库规范细化。
P1,增强协同层,pro_operation_parameter,工序参数表,3,param_code,参数编码,varchar,64,,N,,,N,N,,Y,基础版字段定义，后续可按数据库规范细化。
P1,增强协同层,pro_operation_parameter,工序参数表,4,param_name,参数名称,varchar,128,,N,,,N,N,,N,基础版字段定义，后续可按数据库规范细化。
P1,增强协同层,pro_operation_parameter,工序参数表,5,param_value,参数值,varchar,64,,Y,,,N,N,,N,基础版字段定义，后续可按数据库规范细化。
P1,增强协同层,pro_operation_parameter,工序参数表,6,param_uom,参数单位,varchar,20,,Y,,mes_uom,N,N,,N,基础版字段定义，后续可按数据库规范细化。
P1,增强协同层,pro_operation_parameter,工序参数表,7,upper_limit,上限值,decimal,18,6,Y,,,N,N,,N,基础版字段定义，后续可按数据库规范细化。
P1,增强协同层,pro_operation_parameter,工序参数表,8,lower_limit,下限值,decimal,18,6,Y,,,N,N,,N,基础版字段定义，后续可按数据库规范细化。
P1,增强协同层,pro_operation_parameter,工序参数表,9,control_type,控制类型,varchar,32,,Y,,type_dict,N,N,,N,基础版字段定义，后续可按数据库规范细化。
P1,增强协同层,pro_operation_parameter,工序参数表,10,status,状态,varchar,20,,N,0,status_dict,N,N,,N,基础版字段定义，后续可按数据库规范细化。
P1,增强协同层,pro_operation_parameter,工序参数表,11,create_by,创建人,varchar,64,,N,,,N,N,,N,基础版字段定义，后续可按数据库规范细化。
P1,增强协同层,pro_operation_parameter,工序参数表,12,create_time,创建时间,datetime,,,N,,,N,N,,N,基础版字段定义，后续可按数据库规范细化。
P1,增强协同层,pro_operation_parameter,工序参数表,13,update_by,更新人,varchar,64,,Y,,,N,N,,N,基础版字段定义，后续可按数据库规范细化。
P1,增强协同层,pro_operation_parameter,工序参数表,14,update_time,更新时间,datetime,,,Y,,,N,N,,N,基础版字段定义，后续可按数据库规范细化。
P1,增强协同层,pro_operation_parameter,工序参数表,15,del_flag,逻辑删除标识,char,1,,N,'0',sys_del_flag,N,N,,,0存在 2删除
P1,增强协同层,pro_operation_parameter,工序参数表,16,remark,备注,varchar,500,,Y,,,N,N,,N,基础版字段定义，后续可按数据库规范细化。
P1,增强协同层,pro_operation_document,工序文档表,1,op_doc_id,工序文档ID,bigint,20,,N,,,Y,N,,N,主键，建议使用雪花ID或数据库统一ID生成策略。
P1,增强协同层,pro_operation_document,工序文档表,2,operation_id,工序ID,bigint,20,,N,,,N,Y,pro_routing_operation.operation_id,Y,基础版字段定义，后续可按数据库规范细化。
P1,增强协同层,pro_operation_document,工序文档表,3,doc_code,文档编码,varchar,64,,N,,,N,N,,Y,基础版字段定义，后续可按数据库规范细化。
P1,增强协同层,pro_operation_document,工序文档表,4,doc_name,文档名称,varchar,128,,N,,,N,N,,N,基础版字段定义，后续可按数据库规范细化。
P1,增强协同层,pro_operation_document,工序文档表,5,doc_type,文档类型,varchar,32,,Y,,type_dict,N,N,,N,基础版字段定义，后续可按数据库规范细化。
P1,增强协同层,pro_operation_document,工序文档表,6,doc_version,文档版本,varchar,32,,N,,,N,N,,Y,基础版字段定义，后续可按数据库规范细化。
P1,增强协同层,pro_operation_document,工序文档表,7,doc_url,文档地址,varchar,500,,Y,,,N,N,,N,基础版字段定义，后续可按数据库规范细化。
P1,增强协同层,pro_operation_document,工序文档表,8,mandatory_flag,是否必需,char,1,,N,N,sys_yes_no,N,N,,N,基础版字段定义，后续可按数据库规范细化。
P1,增强协同层,pro_operation_document,工序文档表,9,status,状态,varchar,20,,N,0,status_dict,N,N,,N,基础版字段定义，后续可按数据库规范细化。
P1,增强协同层,pro_operation_document,工序文档表,10,create_by,创建人,varchar,64,,N,,,N,N,,N,基础版字段定义，后续可按数据库规范细化。
P1,增强协同层,pro_operation_document,工序文档表,11,create_time,创建时间,datetime,,,N,,,N,N,,N,基础版字段定义，后续可按数据库规范细化。
P1,增强协同层,pro_operation_document,工序文档表,12,update_by,更新人,varchar,64,,Y,,,N,N,,N,基础版字段定义，后续可按数据库规范细化。
P1,增强协同层,pro_operation_document,工序文档表,13,update_time,更新时间,datetime,,,Y,,,N,N,,N,基础版字段定义，后续可按数据库规范细化。
P1,增强协同层,pro_operation_document,工序文档表,14,del_flag,逻辑删除标识,char,1,,N,'0',sys_del_flag,N,N,,,0存在 2删除
P1,增强协同层,pro_operation_document,工序文档表,15,remark,备注,varchar,500,,Y,,,N,N,,N,基础版字段定义，后续可按数据库规范细化。
P1,增强协同层,pro_inspection_plan,检验方案表,1,insp_plan_id,检验方案ID,bigint,20,,N,,,Y,N,,N,主键，建议使用雪花ID或数据库统一ID生成策略。
P1,增强协同层,pro_inspection_plan,检验方案表,2,insp_plan_code,检验方案编码,varchar,64,,N,,,N,N,,Y,基础版字段定义，后续可按数据库规范细化。
P1,增强协同层,pro_inspection_plan,检验方案表,3,insp_plan_name,检验方案名称,varchar,128,,N,,,N,N,,N,基础版字段定义，后续可按数据库规范细化。
P1,增强协同层,pro_inspection_plan,检验方案表,4,insp_plan_version,检验方案版本,varchar,32,,N,,,N,N,,Y,基础版字段定义，后续可按数据库规范细化。
P1,增强协同层,pro_inspection_plan,检验方案表,5,insp_type,检验类型,varchar,32,,Y,,type_dict,N,N,,N,基础版字段定义，后续可按数据库规范细化。
P1,增强协同层,pro_inspection_plan,检验方案表,6,effective_from,生效开始时间,datetime,,,Y,,,N,N,,N,基础版字段定义，后续可按数据库规范细化。
P1,增强协同层,pro_inspection_plan,检验方案表,7,effective_to,生效结束时间,datetime,,,Y,,,N,N,,N,基础版字段定义，后续可按数据库规范细化。
P1,增强协同层,pro_inspection_plan,检验方案表,8,plan_status,方案状态,varchar,20,,N,0,mes_schedule_status,N,N,,N,基础版字段定义，后续可按数据库规范细化。
P1,增强协同层,pro_inspection_plan,检验方案表,9,create_by,创建人,varchar,64,,N,,,N,N,,N,基础版字段定义，后续可按数据库规范细化。
P1,增强协同层,pro_inspection_plan,检验方案表,10,create_time,创建时间,datetime,,,N,,,N,N,,N,基础版字段定义，后续可按数据库规范细化。
P1,增强协同层,pro_inspection_plan,检验方案表,11,update_by,更新人,varchar,64,,Y,,,N,N,,N,基础版字段定义，后续可按数据库规范细化。
P1,增强协同层,pro_inspection_plan,检验方案表,12,update_time,更新时间,datetime,,,Y,,,N,N,,N,基础版字段定义，后续可按数据库规范细化。
P1,增强协同层,pro_inspection_plan,检验方案表,13,del_flag,逻辑删除标识,char,1,,N,'0',sys_del_flag,N,N,,,0存在 2删除
P1,增强协同层,pro_inspection_plan,检验方案表,14,remark,备注,varchar,500,,Y,,,N,N,,N,基础版字段定义，后续可按数据库规范细化。
P1,增强协同层,pro_inspection_characteristic,检验特性表,1,insp_char_id,检验特性ID,bigint,20,,N,,,Y,N,,N,主键，建议使用雪花ID或数据库统一ID生成策略。
P1,增强协同层,pro_inspection_characteristic,检验特性表,2,insp_plan_id,检验方案ID,bigint,20,,N,,,N,Y,pro_inspection_plan.insp_plan_id,Y,基础版字段定义，后续可按数据库规范细化。
P1,增强协同层,pro_inspection_characteristic,检验特性表,3,char_code,检验项目编码,varchar,64,,N,,,N,N,,Y,基础版字段定义，后续可按数据库规范细化。
P1,增强协同层,pro_inspection_characteristic,检验特性表,4,char_name,检验项目名称,varchar,128,,N,,,N,N,,N,基础版字段定义，后续可按数据库规范细化。
P1,增强协同层,pro_inspection_characteristic,检验特性表,5,char_type,检验项目类型,varchar,32,,Y,,type_dict,N,N,,N,基础版字段定义，后续可按数据库规范细化。
P1,增强协同层,pro_inspection_characteristic,检验特性表,6,standard_value,标准值,decimal,18,6,Y,,,N,N,,N,基础版字段定义，后续可按数据库规范细化。
P1,增强协同层,pro_inspection_characteristic,检验特性表,7,upper_limit,上限值,decimal,18,6,Y,,,N,N,,N,基础版字段定义，后续可按数据库规范细化。
P1,增强协同层,pro_inspection_characteristic,检验特性表,8,lower_limit,下限值,decimal,18,6,Y,,,N,N,,N,基础版字段定义，后续可按数据库规范细化。
P1,增强协同层,pro_inspection_characteristic,检验特性表,9,uom,单位,varchar,20,,Y,,mes_uom,N,N,,N,基础版字段定义，后续可按数据库规范细化。
P1,增强协同层,pro_inspection_characteristic,检验特性表,10,sample_qty,抽样数量,decimal,18,6,N,0,,N,N,,N,基础版字段定义，后续可按数据库规范细化。
P1,增强协同层,pro_inspection_characteristic,检验特性表,11,status,状态,varchar,20,,N,0,status_dict,N,N,,N,基础版字段定义，后续可按数据库规范细化。
P1,增强协同层,pro_inspection_characteristic,检验特性表,12,create_by,创建人,varchar,64,,N,,,N,N,,N,基础版字段定义，后续可按数据库规范细化。
P1,增强协同层,pro_inspection_characteristic,检验特性表,13,create_time,创建时间,datetime,,,N,,,N,N,,N,基础版字段定义，后续可按数据库规范细化。
P1,增强协同层,pro_inspection_characteristic,检验特性表,14,update_by,更新人,varchar,64,,Y,,,N,N,,N,基础版字段定义，后续可按数据库规范细化。
P1,增强协同层,pro_inspection_characteristic,检验特性表,15,update_time,更新时间,datetime,,,Y,,,N,N,,N,基础版字段定义，后续可按数据库规范细化。
P1,增强协同层,pro_inspection_characteristic,检验特性表,16,del_flag,逻辑删除标识,char,1,,N,'0',sys_del_flag,N,N,,,0存在 2删除
P1,增强协同层,pro_inspection_characteristic,检验特性表,17,remark,备注,varchar,500,,Y,,,N,N,,N,基础版字段定义，后续可按数据库规范细化。
P1,增强协同层,pro_operation_inspection_map,工序检验映射表,1,op_insp_map_id,工序检验关系ID,bigint,20,,N,,,Y,N,,N,主键，建议使用雪花ID或数据库统一ID生成策略。
P1,增强协同层,pro_operation_inspection_map,工序检验映射表,2,operation_id,工序ID,bigint,20,,N,,,N,Y,pro_routing_operation.operation_id,Y,基础版字段定义，后续可按数据库规范细化。
P1,增强协同层,pro_operation_inspection_map,工序检验映射表,3,insp_plan_id,检验方案ID,bigint,20,,N,,,N,Y,pro_inspection_plan.insp_plan_id,N,基础版字段定义，后续可按数据库规范细化。
P1,增强协同层,pro_operation_inspection_map,工序检验映射表,4,insp_char_id,检验特性ID,bigint,20,,N,,,N,Y,pro_inspection_characteristic.insp_char_id,Y,基础版字段定义，后续可按数据库规范细化。
P1,增强协同层,pro_operation_inspection_map,工序检验映射表,5,inspection_stage,检验阶段,varchar,64,,Y,,mes_inspection_stage,N,N,,Y,检验阶段字典。
P1,增强协同层,pro_operation_inspection_map,工序检验映射表,6,mandatory_flag,是否必需,char,1,,N,N,sys_yes_no,N,N,,N,基础版字段定义，后续可按数据库规范细化。
P1,增强协同层,pro_operation_inspection_map,工序检验映射表,7,status,状态,varchar,20,,N,0,status_dict,N,N,,N,基础版字段定义，后续可按数据库规范细化。
P1,增强协同层,pro_operation_inspection_map,工序检验映射表,8,create_by,创建人,varchar,64,,N,,,N,N,,N,基础版字段定义，后续可按数据库规范细化。
P1,增强协同层,pro_operation_inspection_map,工序检验映射表,9,create_time,创建时间,datetime,,,N,,,N,N,,N,基础版字段定义，后续可按数据库规范细化。
P1,增强协同层,pro_operation_inspection_map,工序检验映射表,10,update_by,更新人,varchar,64,,Y,,,N,N,,N,基础版字段定义，后续可按数据库规范细化。
P1,增强协同层,pro_operation_inspection_map,工序检验映射表,11,update_time,更新时间,datetime,,,Y,,,N,N,,N,基础版字段定义，后续可按数据库规范细化。
P1,增强协同层,pro_operation_inspection_map,工序检验映射表,12,del_flag,逻辑删除标识,char,1,,N,'0',sys_del_flag,N,N,,,0存在 2删除
P1,增强协同层,pro_operation_inspection_map,工序检验映射表,13,remark,备注,varchar,500,,Y,,,N,N,,N,基础版字段定义，后续可按数据库规范细化。
P1,增强协同层,pro_shop_floor_dispatch,派工表,1,dispatch_id,派工ID,bigint,20,,N,,,Y,N,,N,主键，建议使用雪花ID或数据库统一ID生成策略。
P1,增强协同层,pro_shop_floor_dispatch,派工表,2,prod_order_id,生产工单ID,bigint,20,,N,,,N,Y,pro_production_order.prod_order_id,N,基础版字段定义，后续可按数据库规范细化。
P1,增强协同层,pro_shop_floor_dispatch,派工表,3,order_op_id,工单工序ID,bigint,20,,N,,,N,Y,pro_order_operation.order_op_id,Y,基础版字段定义，后续可按数据库规范细化。
P1,增强协同层,pro_shop_floor_dispatch,派工表,4,work_center_id,工作中心ID,bigint,20,,N,,,N,Y,pro_work_center_master.work_center_id,N,基础版字段定义，后续可按数据库规范细化。
P1,增强协同层,pro_shop_floor_dispatch,派工表,5,person_id,人员ID,bigint,20,,N,,,N,Y,pro_person_master.person_id,N,基础版字段定义，后续可按数据库规范细化。
P1,增强协同层,pro_shop_floor_dispatch,派工表,6,equipment_id,设备ID,bigint,20,,N,,,N,Y,pro_equipment_master.equipment_id,N,基础版字段定义，后续可按数据库规范细化。
P1,增强协同层,pro_shop_floor_dispatch,派工表,7,dispatch_qty,派工数量,decimal,18,6,N,0,,N,N,,N,基础版字段定义，后续可按数据库规范细化。
P1,增强协同层,pro_shop_floor_dispatch,派工表,8,planned_start_time,计划开始时间,datetime,,,Y,,,N,N,,N,基础版字段定义，后续可按数据库规范细化。
P1,增强协同层,pro_shop_floor_dispatch,派工表,9,planned_end_time,计划结束时间,datetime,,,Y,,,N,N,,N,基础版字段定义，后续可按数据库规范细化。
P1,增强协同层,pro_shop_floor_dispatch,派工表,10,dispatch_status,派工状态,varchar,20,,N,0,status_dict,N,N,,N,基础版字段定义，后续可按数据库规范细化。
P1,增强协同层,pro_shop_floor_dispatch,派工表,11,create_by,创建人,varchar,64,,N,,,N,N,,N,基础版字段定义，后续可按数据库规范细化。
P1,增强协同层,pro_shop_floor_dispatch,派工表,12,create_time,创建时间,datetime,,,N,,,N,N,,N,基础版字段定义，后续可按数据库规范细化。
P1,增强协同层,pro_shop_floor_dispatch,派工表,13,update_by,更新人,varchar,64,,Y,,,N,N,,N,基础版字段定义，后续可按数据库规范细化。
P1,增强协同层,pro_shop_floor_dispatch,派工表,14,update_time,更新时间,datetime,,,Y,,,N,N,,N,基础版字段定义，后续可按数据库规范细化。
P1,增强协同层,pro_shop_floor_dispatch,派工表,15,del_flag,逻辑删除标识,char,1,,N,'0',sys_del_flag,N,N,,,0存在 2删除
P1,增强协同层,pro_shop_floor_dispatch,派工表,16,remark,备注,varchar,500,,Y,,,N,N,,N,基础版字段定义，后续可按数据库规范细化。
P1,增强协同层,pro_report_labor,报工人工明细表,1,report_labor_id,报工人工明细ID,bigint,20,,N,,,Y,N,,N,主键，建议使用雪花ID或数据库统一ID生成策略。
P1,增强协同层,pro_report_labor,报工人工明细表,2,report_id,报工ID,bigint,20,,N,,,N,Y,pro_production_report.report_id,Y,基础版字段定义，后续可按数据库规范细化。
P1,增强协同层,pro_report_labor,报工人工明细表,3,person_id,人员ID,bigint,20,,N,,,N,Y,pro_person_master.person_id,Y,基础版字段定义，后续可按数据库规范细化。
P1,增强协同层,pro_report_labor,报工人工明细表,4,labor_type,人工类型,varchar,32,,Y,,type_dict,N,N,,Y,基础版字段定义，后续可按数据库规范细化。
P1,增强协同层,pro_report_labor,报工人工明细表,5,work_hours,工时,decimal,18,2,Y,0,,N,N,,N,基础版字段定义，后续可按数据库规范细化。
P1,增强协同层,pro_report_labor,报工人工明细表,6,start_time,开始时间,datetime,,,Y,,,N,N,,N,基础版字段定义，后续可按数据库规范细化。
P1,增强协同层,pro_report_labor,报工人工明细表,7,end_time,结束时间,datetime,,,Y,,,N,N,,N,基础版字段定义，后续可按数据库规范细化。
P1,增强协同层,pro_report_labor,报工人工明细表,8,status,状态,varchar,20,,N,0,status_dict,N,N,,N,基础版字段定义，后续可按数据库规范细化。
P1,增强协同层,pro_report_labor,报工人工明细表,9,create_by,创建人,varchar,64,,N,,,N,N,,N,基础版字段定义，后续可按数据库规范细化。
P1,增强协同层,pro_report_labor,报工人工明细表,10,create_time,创建时间,datetime,,,N,,,N,N,,N,基础版字段定义，后续可按数据库规范细化。
P1,增强协同层,pro_report_labor,报工人工明细表,11,update_by,更新人,varchar,64,,Y,,,N,N,,N,基础版字段定义，后续可按数据库规范细化。
P1,增强协同层,pro_report_labor,报工人工明细表,12,update_time,更新时间,datetime,,,Y,,,N,N,,N,基础版字段定义，后续可按数据库规范细化。
P1,增强协同层,pro_report_labor,报工人工明细表,13,del_flag,逻辑删除标识,char,1,,N,'0',sys_del_flag,N,N,,,0存在 2删除
P1,增强协同层,pro_report_labor,报工人工明细表,14,remark,备注,varchar,500,,Y,,,N,N,,N,基础版字段定义，后续可按数据库规范细化。
P1,增强协同层,pro_report_equipment,报工设备明细表,1,report_equipment_id,报工设备明细ID,bigint,20,,N,,,Y,N,,N,主键，建议使用雪花ID或数据库统一ID生成策略。
P1,增强协同层,pro_report_equipment,报工设备明细表,2,report_id,报工ID,bigint,20,,N,,,N,Y,pro_production_report.report_id,Y,基础版字段定义，后续可按数据库规范细化。
P1,增强协同层,pro_report_equipment,报工设备明细表,3,equipment_id,设备ID,bigint,20,,N,,,N,Y,pro_equipment_master.equipment_id,Y,基础版字段定义，后续可按数据库规范细化。
P1,增强协同层,pro_report_equipment,报工设备明细表,4,run_hours,运行时长,decimal,18,2,Y,0,,N,N,,N,基础版字段定义，后续可按数据库规范细化。
P1,增强协同层,pro_report_equipment,报工设备明细表,5,start_time,开始时间,datetime,,,Y,,,N,N,,N,基础版字段定义，后续可按数据库规范细化。
P1,增强协同层,pro_report_equipment,报工设备明细表,6,end_time,结束时间,datetime,,,Y,,,N,N,,N,基础版字段定义，后续可按数据库规范细化。
P1,增强协同层,pro_report_equipment,报工设备明细表,7,equipment_status,设备状态,varchar,20,,N,0,status_dict,N,N,,N,基础版字段定义，后续可按数据库规范细化。
P1,增强协同层,pro_report_equipment,报工设备明细表,8,create_by,创建人,varchar,64,,N,,,N,N,,N,基础版字段定义，后续可按数据库规范细化。
P1,增强协同层,pro_report_equipment,报工设备明细表,9,create_time,创建时间,datetime,,,N,,,N,N,,N,基础版字段定义，后续可按数据库规范细化。
P1,增强协同层,pro_report_equipment,报工设备明细表,10,update_by,更新人,varchar,64,,Y,,,N,N,,N,基础版字段定义，后续可按数据库规范细化。
P1,增强协同层,pro_report_equipment,报工设备明细表,11,update_time,更新时间,datetime,,,Y,,,N,N,,N,基础版字段定义，后续可按数据库规范细化。
P1,增强协同层,pro_report_equipment,报工设备明细表,12,del_flag,逻辑删除标识,char,1,,N,'0',sys_del_flag,N,N,,,0存在 2删除
P1,增强协同层,pro_report_equipment,报工设备明细表,13,remark,备注,varchar,500,,Y,,,N,N,,N,基础版字段定义，后续可按数据库规范细化。
P1,增强协同层,pro_defect_code_master,缺陷代码主数据表,1,defect_code_id,缺陷代码ID,bigint,20,,N,,,Y,N,,N,主键，建议使用雪花ID或数据库统一ID生成策略。
P1,增强协同层,pro_defect_code_master,缺陷代码主数据表,2,defect_code,缺陷编码,varchar,64,,N,,,N,N,,Y,基础版字段定义，后续可按数据库规范细化。
P1,增强协同层,pro_defect_code_master,缺陷代码主数据表,3,defect_name,缺陷名称,varchar,128,,N,,,N,N,,N,基础版字段定义，后续可按数据库规范细化。
P1,增强协同层,pro_defect_code_master,缺陷代码主数据表,4,defect_type,缺陷类型,varchar,32,,Y,,type_dict,N,N,,N,基础版字段定义，后续可按数据库规范细化。
P1,增强协同层,pro_defect_code_master,缺陷代码主数据表,5,severity_level,严重等级,varchar,64,,Y,,mes_severity_level,N,N,,N,严重等级字典。
P1,增强协同层,pro_defect_code_master,缺陷代码主数据表,6,status,状态,varchar,20,,N,0,status_dict,N,N,,N,基础版字段定义，后续可按数据库规范细化。
P1,增强协同层,pro_defect_code_master,缺陷代码主数据表,7,create_by,创建人,varchar,64,,N,,,N,N,,N,基础版字段定义，后续可按数据库规范细化。
P1,增强协同层,pro_defect_code_master,缺陷代码主数据表,8,create_time,创建时间,datetime,,,N,,,N,N,,N,基础版字段定义，后续可按数据库规范细化。
P1,增强协同层,pro_defect_code_master,缺陷代码主数据表,9,update_by,更新人,varchar,64,,Y,,,N,N,,N,基础版字段定义，后续可按数据库规范细化。
P1,增强协同层,pro_defect_code_master,缺陷代码主数据表,10,update_time,更新时间,datetime,,,Y,,,N,N,,N,基础版字段定义，后续可按数据库规范细化。
P1,增强协同层,pro_defect_code_master,缺陷代码主数据表,11,del_flag,逻辑删除标识,char,1,,N,'0',sys_del_flag,N,N,,,0存在 2删除
P1,增强协同层,pro_defect_code_master,缺陷代码主数据表,12,remark,备注,varchar,500,,Y,,,N,N,,N,基础版字段定义，后续可按数据库规范细化。
P1,增强协同层,pro_production_defect,生产不良表,1,prod_defect_id,生产不良ID,bigint,20,,N,,,Y,N,,N,主键，建议使用雪花ID或数据库统一ID生成策略。
P1,增强协同层,pro_production_defect,生产不良表,2,prod_order_id,生产工单ID,bigint,20,,N,,,N,Y,pro_production_order.prod_order_id,N,基础版字段定义，后续可按数据库规范细化。
P1,增强协同层,pro_production_defect,生产不良表,3,order_op_id,工单工序ID,bigint,20,,N,,,N,Y,pro_order_operation.order_op_id,N,基础版字段定义，后续可按数据库规范细化。
P1,增强协同层,pro_production_defect,生产不良表,4,op_exec_id,工序执行ID,bigint,20,,N,,,N,Y,pro_operation_execution.op_exec_id,Y,基础版字段定义，后续可按数据库规范细化。
P1,增强协同层,pro_production_defect,生产不良表,5,report_id,报工ID,bigint,20,,N,,,N,Y,pro_production_report.report_id,N,基础版字段定义，后续可按数据库规范细化。
P1,增强协同层,pro_production_defect,生产不良表,6,defect_code_id,缺陷代码ID,bigint,20,,N,,,N,Y,pro_defect_code_master.defect_code_id,Y,基础版字段定义，后续可按数据库规范细化。
P1,增强协同层,pro_production_defect,生产不良表,7,defect_qty,不良数量,decimal,18,6,N,0,,N,N,,N,基础版字段定义，后续可按数据库规范细化。
P1,增强协同层,pro_production_defect,生产不良表,8,defect_desc,不良描述,varchar,500,,Y,,,N,N,,N,基础版字段定义，后续可按数据库规范细化。
P1,增强协同层,pro_production_defect,生产不良表,9,disposition_result,处置结果,varchar,64,,Y,,mes_disposition_result,N,N,,N,基础版字段定义，后续可按数据库规范细化。
P1,增强协同层,pro_production_defect,生产不良表,10,status,状态,varchar,20,,N,0,status_dict,N,N,,N,基础版字段定义，后续可按数据库规范细化。
P1,增强协同层,pro_production_defect,生产不良表,11,create_by,创建人,varchar,64,,N,,,N,N,,N,基础版字段定义，后续可按数据库规范细化。
P1,增强协同层,pro_production_defect,生产不良表,12,create_time,创建时间,datetime,,,N,,,N,N,,Y,基础版字段定义，后续可按数据库规范细化。
P1,增强协同层,pro_production_defect,生产不良表,13,update_by,更新人,varchar,64,,Y,,,N,N,,N,基础版字段定义，后续可按数据库规范细化。
P1,增强协同层,pro_production_defect,生产不良表,14,update_time,更新时间,datetime,,,Y,,,N,N,,N,基础版字段定义，后续可按数据库规范细化。
P1,增强协同层,pro_production_defect,生产不良表,15,del_flag,逻辑删除标识,char,1,,N,'0',sys_del_flag,N,N,,,0存在 2删除
P1,增强协同层,pro_production_defect,生产不良表,16,remark,备注,varchar,500,,Y,,,N,N,,N,基础版字段定义，后续可按数据库规范细化。
P1,增强协同层,pro_inspection_result,检验结果表,1,insp_result_id,检验结果ID,bigint,20,,N,,,Y,N,,N,主键，建议使用雪花ID或数据库统一ID生成策略。
P1,增强协同层,pro_inspection_result,检验结果表,2,prod_order_id,生产工单ID,bigint,20,,N,,,N,Y,pro_production_order.prod_order_id,N,基础版字段定义，后续可按数据库规范细化。
P1,增强协同层,pro_inspection_result,检验结果表,3,order_op_id,工单工序ID,bigint,20,,N,,,N,Y,pro_order_operation.order_op_id,N,基础版字段定义，后续可按数据库规范细化。
P1,增强协同层,pro_inspection_result,检验结果表,4,op_exec_id,工序执行ID,bigint,20,,N,,,N,Y,pro_operation_execution.op_exec_id,Y,基础版字段定义，后续可按数据库规范细化。
P1,增强协同层,pro_inspection_result,检验结果表,5,insp_plan_id,检验方案ID,bigint,20,,N,,,N,Y,pro_inspection_plan.insp_plan_id,N,基础版字段定义，后续可按数据库规范细化。
P1,增强协同层,pro_inspection_result,检验结果表,6,insp_char_id,检验特性ID,bigint,20,,N,,,N,Y,pro_inspection_characteristic.insp_char_id,Y,基础版字段定义，后续可按数据库规范细化。
P1,增强协同层,pro_inspection_result,检验结果表,7,sample_no,样本号,varchar,64,,N,,,N,N,,Y,基础版字段定义，后续可按数据库规范细化。
P1,增强协同层,pro_inspection_result,检验结果表,8,actual_value,实际值,varchar,64,,Y,,,N,N,,N,基础版字段定义，后续可按数据库规范细化。
P1,增强协同层,pro_inspection_result,检验结果表,9,result_judgement,检验判定,varchar,64,,Y,,mes_inspection_judgement,N,N,,N,检验判定字典。
P1,增强协同层,pro_inspection_result,检验结果表,10,inspector_id,检验员ID,bigint,20,,N,,,N,Y,pro_person_master.person_id,N,基础版字段定义，后续可按数据库规范细化。
P1,增强协同层,pro_inspection_result,检验结果表,11,inspection_time,检验时间,datetime,,,Y,,,N,N,,N,基础版字段定义，后续可按数据库规范细化。
P1,增强协同层,pro_inspection_result,检验结果表,12,create_by,创建人,varchar,64,,N,,,N,N,,N,基础版字段定义，后续可按数据库规范细化。
P1,增强协同层,pro_inspection_result,检验结果表,13,create_time,创建时间,datetime,,,N,,,N,N,,N,基础版字段定义，后续可按数据库规范细化。
P1,增强协同层,pro_inspection_result,检验结果表,14,update_by,更新人,varchar,64,,Y,,,N,N,,N,基础版字段定义，后续可按数据库规范细化。
P1,增强协同层,pro_inspection_result,检验结果表,15,update_time,更新时间,datetime,,,Y,,,N,N,,N,基础版字段定义，后续可按数据库规范细化。
P1,增强协同层,pro_inspection_result,检验结果表,16,del_flag,逻辑删除标识,char,1,,N,'0',sys_del_flag,N,N,,,0存在 2删除
P1,增强协同层,pro_inspection_result,检验结果表,17,remark,备注,varchar,500,,Y,,,N,N,,N,基础版字段定义，后续可按数据库规范细化。
P1,增强协同层,pro_operation_tracking,工序跟踪表,1,op_track_id,工序跟踪ID,bigint,20,,N,,,Y,N,,N,主键，建议使用雪花ID或数据库统一ID生成策略。
P1,增强协同层,pro_operation_tracking,工序跟踪表,2,prod_order_id,生产工单ID,bigint,20,,N,,,N,Y,pro_production_order.prod_order_id,N,基础版字段定义，后续可按数据库规范细化。
P1,增强协同层,pro_operation_tracking,工序跟踪表,3,order_op_id,工单工序ID,bigint,20,,N,,,N,Y,pro_order_operation.order_op_id,N,基础版字段定义，后续可按数据库规范细化。
P1,增强协同层,pro_operation_tracking,工序跟踪表,4,op_exec_id,工序执行ID,bigint,20,,N,,,N,Y,pro_operation_execution.op_exec_id,Y,基础版字段定义，后续可按数据库规范细化。
P1,增强协同层,pro_operation_tracking,工序跟踪表,5,track_type,跟踪类型,varchar,32,,Y,,type_dict,N,N,,Y,基础版字段定义，后续可按数据库规范细化。
P1,增强协同层,pro_operation_tracking,工序跟踪表,6,track_content,跟踪内容,varchar,500,,Y,,,N,N,,N,基础版字段定义，后续可按数据库规范细化。
P1,增强协同层,pro_operation_tracking,工序跟踪表,7,track_time,跟踪时间,datetime,,,Y,,,N,N,,Y,基础版字段定义，后续可按数据库规范细化。
P1,增强协同层,pro_operation_tracking,工序跟踪表,8,operator_id,操作人ID,bigint,20,,N,,,N,Y,pro_person_master.person_id,N,基础版字段定义，后续可按数据库规范细化。
P1,增强协同层,pro_operation_tracking,工序跟踪表,9,source_module,来源模块,varchar,64,,Y,,,N,N,,N,基础版字段定义，后续可按数据库规范细化。
P1,增强协同层,pro_operation_tracking,工序跟踪表,10,create_by,创建人,varchar,64,,N,,,N,N,,N,基础版字段定义，后续可按数据库规范细化。
P1,增强协同层,pro_operation_tracking,工序跟踪表,11,create_time,创建时间,datetime,,,N,,,N,N,,N,基础版字段定义，后续可按数据库规范细化。
P1,增强协同层,pro_operation_tracking,工序跟踪表,12,del_flag,逻辑删除标识,char,1,,N,'0',sys_del_flag,N,N,,,0存在 2删除
P1,增强协同层,pro_operation_tracking,工序跟踪表,13,remark,备注,varchar,500,,Y,,,N,N,,N,基础版字段定义，后续可按数据库规范细化。
P1,增强协同层,pro_operation_return,工序退料表,1,op_return_id,退料记录ID,bigint,20,,N,,,Y,N,,N,主键，建议使用雪花ID或数据库统一ID生成策略。
P1,增强协同层,pro_operation_return,工序退料表,2,prod_order_id,生产工单ID,bigint,20,,N,,,N,Y,pro_production_order.prod_order_id,N,基础版字段定义，后续可按数据库规范细化。
P1,增强协同层,pro_operation_return,工序退料表,3,order_op_id,工单工序ID,bigint,20,,N,,,N,Y,pro_order_operation.order_op_id,N,基础版字段定义，后续可按数据库规范细化。
P1,增强协同层,pro_operation_return,工序退料表,4,op_exec_id,工序执行ID,bigint,20,,N,,,N,Y,pro_operation_execution.op_exec_id,Y,基础版字段定义，后续可按数据库规范细化。
P1,增强协同层,pro_operation_return,工序退料表,5,order_component_id,工单组件ID,bigint,20,,N,,,N,Y,pro_order_component.order_component_id,Y,基础版字段定义，后续可按数据库规范细化。
P1,增强协同层,pro_operation_return,工序退料表,6,material_id,物料ID,bigint,20,,N,,,N,N,,N,基础版字段定义，后续可按数据库规范细化。
P1,增强协同层,pro_operation_return,工序退料表,7,material_lot_id,物料批次ID,bigint,20,,N,,,N,Y,pro_material_lot.material_lot_id,Y,基础版字段定义，后续可按数据库规范细化。
P1,增强协同层,pro_operation_return,工序退料表,8,return_qty,退料数量,decimal,18,6,N,0,,N,N,,N,基础版字段定义，后续可按数据库规范细化。
P1,增强协同层,pro_operation_return,工序退料表,9,return_uom,退料单位,varchar,20,,Y,,mes_uom,N,N,,N,基础版字段定义，后续可按数据库规范细化。
P1,增强协同层,pro_operation_return,工序退料表,10,return_reason,退料原因,varchar,64,,Y,,mes_return_reason,N,N,,N,退料原因字典。
P1,增强协同层,pro_operation_return,工序退料表,11,return_time,退料时间,datetime,,,Y,,,N,N,,Y,基础版字段定义，后续可按数据库规范细化。
P1,增强协同层,pro_operation_return,工序退料表,12,create_by,创建人,varchar,64,,N,,,N,N,,N,基础版字段定义，后续可按数据库规范细化。
P1,增强协同层,pro_operation_return,工序退料表,13,create_time,创建时间,datetime,,,N,,,N,N,,N,基础版字段定义，后续可按数据库规范细化。
P1,增强协同层,pro_operation_return,工序退料表,14,update_by,更新人,varchar,64,,Y,,,N,N,,N,基础版字段定义，后续可按数据库规范细化。
P1,增强协同层,pro_operation_return,工序退料表,15,update_time,更新时间,datetime,,,Y,,,N,N,,N,基础版字段定义，后续可按数据库规范细化。
P1,增强协同层,pro_operation_return,工序退料表,16,del_flag,逻辑删除标识,char,1,,N,'0',sys_del_flag,N,N,,,0存在 2删除
P1,增强协同层,pro_operation_return,工序退料表,17,remark,备注,varchar,500,,Y,,,N,N,,N,基础版字段定义，后续可按数据库规范细化。
P1,增强协同层,pro_interface_message,接口消息主表,1,interface_msg_id,接口消息ID,bigint,20,,N,,,Y,N,,N,主键，建议使用雪花ID或数据库统一ID生成策略。
P1,增强协同层,pro_interface_message,接口消息主表,2,interface_code,接口编码,varchar,64,,N,,,N,N,,Y,基础版字段定义，后续可按数据库规范细化。
P1,增强协同层,pro_interface_message,接口消息主表,3,business_type,业务类型,varchar,32,,Y,,type_dict,N,N,,N,基础版字段定义，后续可按数据库规范细化。
P1,增强协同层,pro_interface_message,接口消息主表,4,business_key,业务键,varchar,64,,Y,,,N,N,,Y,基础版字段定义，后续可按数据库规范细化。
P1,增强协同层,pro_interface_message,接口消息主表,5,direction,接口方向,varchar,64,,Y,,mes_interface_direction,N,N,,Y,接口方向字典。
P1,增强协同层,pro_interface_message,接口消息主表,6,source_system,来源系统,varchar,64,,Y,,,N,N,,N,基础版字段定义，后续可按数据库规范细化。
P1,增强协同层,pro_interface_message,接口消息主表,7,target_system,目标系统,varchar,64,,Y,,,N,N,,N,基础版字段定义，后续可按数据库规范细化。
P1,增强协同层,pro_interface_message,接口消息主表,8,message_body,消息内容,varchar,500,,Y,,,N,N,,N,基础版字段定义，后续可按数据库规范细化。
P1,增强协同层,pro_interface_message,接口消息主表,9,message_status,消息状态,varchar,20,,N,0,mes_interface_message_status,N,N,,N,基础版字段定义，后续可按数据库规范细化。
P1,增强协同层,pro_interface_message,接口消息主表,10,retry_count,重试次数,int,11,,Y,0,,N,N,,N,基础版字段定义，后续可按数据库规范细化。
P1,增强协同层,pro_interface_message,接口消息主表,11,error_message,错误信息,varchar,500,,Y,,,N,N,,N,基础版字段定义，后续可按数据库规范细化。
P1,增强协同层,pro_interface_message,接口消息主表,12,create_time,创建时间,datetime,,,N,,,N,N,,N,基础版字段定义，后续可按数据库规范细化。
P1,增强协同层,pro_interface_message,接口消息主表,13,update_time,更新时间,datetime,,,Y,,,N,N,,N,基础版字段定义，后续可按数据库规范细化。
P1,增强协同层,pro_interface_message,接口消息主表,14,del_flag,逻辑删除标识,char,1,,N,'0',sys_del_flag,N,N,,,0存在 2删除
P1,增强协同层,pro_interface_message,接口消息主表,15,remark,备注,varchar,500,,Y,,,N,N,,N,基础版字段定义，后续可按数据库规范细化。
P2,高级追溯与接口运营层,pro_supplier_master,供应商主数据表,1,supplier_id,供应商ID,bigint,20,,N,,,Y,N,,N,主键，建议使用雪花ID或数据库统一ID生成策略。
P2,高级追溯与接口运营层,pro_supplier_master,供应商主数据表,2,supplier_code,供应商编码,varchar,64,,N,,,N,N,,Y,基础版字段定义，后续可按数据库规范细化。
P2,高级追溯与接口运营层,pro_supplier_master,供应商主数据表,3,supplier_name,供应商名称,varchar,128,,N,,,N,N,,N,基础版字段定义，后续可按数据库规范细化。
P2,高级追溯与接口运营层,pro_supplier_master,供应商主数据表,4,supplier_type,供应商类型,varchar,32,,Y,,type_dict,N,N,,N,基础版字段定义，后续可按数据库规范细化。
P2,高级追溯与接口运营层,pro_supplier_master,供应商主数据表,5,contact_person,联系人,varchar,64,,Y,,,N,N,,N,基础版字段定义，后续可按数据库规范细化。
P2,高级追溯与接口运营层,pro_supplier_master,供应商主数据表,6,contact_phone,联系电话,varchar,64,,Y,,,N,N,,N,基础版字段定义，后续可按数据库规范细化。
P2,高级追溯与接口运营层,pro_supplier_master,供应商主数据表,7,status,状态,varchar,20,,N,0,status_dict,N,N,,N,基础版字段定义，后续可按数据库规范细化。
P2,高级追溯与接口运营层,pro_supplier_master,供应商主数据表,8,create_by,创建人,varchar,64,,N,,,N,N,,N,基础版字段定义，后续可按数据库规范细化。
P2,高级追溯与接口运营层,pro_supplier_master,供应商主数据表,9,create_time,创建时间,datetime,,,N,,,N,N,,N,基础版字段定义，后续可按数据库规范细化。
P2,高级追溯与接口运营层,pro_supplier_master,供应商主数据表,10,update_by,更新人,varchar,64,,Y,,,N,N,,N,基础版字段定义，后续可按数据库规范细化。
P2,高级追溯与接口运营层,pro_supplier_master,供应商主数据表,11,update_time,更新时间,datetime,,,Y,,,N,N,,N,基础版字段定义，后续可按数据库规范细化。
P2,高级追溯与接口运营层,pro_supplier_master,供应商主数据表,12,del_flag,逻辑删除标识,char,1,,N,'0',sys_del_flag,N,N,,,0存在 2删除
P2,高级追溯与接口运营层,pro_supplier_master,供应商主数据表,13,remark,备注,varchar,500,,Y,,,N,N,,N,基础版字段定义，后续可按数据库规范细化。
P2,高级追溯与接口运营层,pro_warehouse_master,仓库主数据表,1,warehouse_id,仓库ID,bigint,20,,N,,,Y,N,,N,主键，建议使用雪花ID或数据库统一ID生成策略。
P2,高级追溯与接口运营层,pro_warehouse_master,仓库主数据表,2,plant_id,工厂ID,bigint,20,,N,,,N,Y,pro_plant_master.plant_id,Y,基础版字段定义，后续可按数据库规范细化。
P2,高级追溯与接口运营层,pro_warehouse_master,仓库主数据表,3,warehouse_code,仓库编码,varchar,64,,N,,,N,N,,Y,基础版字段定义，后续可按数据库规范细化。
P2,高级追溯与接口运营层,pro_warehouse_master,仓库主数据表,4,warehouse_name,仓库名称,varchar,128,,N,,,N,N,,N,基础版字段定义，后续可按数据库规范细化。
P2,高级追溯与接口运营层,pro_warehouse_master,仓库主数据表,5,warehouse_type,仓库类型,varchar,32,,Y,,type_dict,N,N,,N,基础版字段定义，后续可按数据库规范细化。
P2,高级追溯与接口运营层,pro_warehouse_master,仓库主数据表,6,status,状态,varchar,20,,N,0,status_dict,N,N,,N,基础版字段定义，后续可按数据库规范细化。
P2,高级追溯与接口运营层,pro_warehouse_master,仓库主数据表,7,create_by,创建人,varchar,64,,N,,,N,N,,N,基础版字段定义，后续可按数据库规范细化。
P2,高级追溯与接口运营层,pro_warehouse_master,仓库主数据表,8,create_time,创建时间,datetime,,,N,,,N,N,,N,基础版字段定义，后续可按数据库规范细化。
P2,高级追溯与接口运营层,pro_warehouse_master,仓库主数据表,9,update_by,更新人,varchar,64,,Y,,,N,N,,N,基础版字段定义，后续可按数据库规范细化。
P2,高级追溯与接口运营层,pro_warehouse_master,仓库主数据表,10,update_time,更新时间,datetime,,,Y,,,N,N,,N,基础版字段定义，后续可按数据库规范细化。
P2,高级追溯与接口运营层,pro_warehouse_master,仓库主数据表,11,del_flag,逻辑删除标识,char,1,,N,'0',sys_del_flag,N,N,,,0存在 2删除
P2,高级追溯与接口运营层,pro_warehouse_master,仓库主数据表,12,remark,备注,varchar,500,,Y,,,N,N,,N,基础版字段定义，后续可按数据库规范细化。
P2,高级追溯与接口运营层,pro_storage_location_master,库位主数据表,1,storage_location_id,库位ID,bigint,20,,N,,,Y,N,,N,主键，建议使用雪花ID或数据库统一ID生成策略。
P2,高级追溯与接口运营层,pro_storage_location_master,库位主数据表,2,warehouse_id,仓库ID,bigint,20,,N,,,N,Y,pro_warehouse_master.warehouse_id,Y,基础版字段定义，后续可按数据库规范细化。
P2,高级追溯与接口运营层,pro_storage_location_master,库位主数据表,3,storage_location_code,库位编码,varchar,64,,N,,,N,N,,Y,基础版字段定义，后续可按数据库规范细化。
P2,高级追溯与接口运营层,pro_storage_location_master,库位主数据表,4,storage_location_name,库位名称,varchar,128,,N,,,N,N,,N,基础版字段定义，后续可按数据库规范细化。
P2,高级追溯与接口运营层,pro_storage_location_master,库位主数据表,5,location_type,库位类型,varchar,32,,Y,,type_dict,N,N,,N,基础版字段定义，后续可按数据库规范细化。
P2,高级追溯与接口运营层,pro_storage_location_master,库位主数据表,6,status,状态,varchar,20,,N,0,status_dict,N,N,,N,基础版字段定义，后续可按数据库规范细化。
P2,高级追溯与接口运营层,pro_storage_location_master,库位主数据表,7,create_by,创建人,varchar,64,,N,,,N,N,,N,基础版字段定义，后续可按数据库规范细化。
P2,高级追溯与接口运营层,pro_storage_location_master,库位主数据表,8,create_time,创建时间,datetime,,,N,,,N,N,,N,基础版字段定义，后续可按数据库规范细化。
P2,高级追溯与接口运营层,pro_storage_location_master,库位主数据表,9,update_by,更新人,varchar,64,,Y,,,N,N,,N,基础版字段定义，后续可按数据库规范细化。
P2,高级追溯与接口运营层,pro_storage_location_master,库位主数据表,10,update_time,更新时间,datetime,,,Y,,,N,N,,N,基础版字段定义，后续可按数据库规范细化。
P2,高级追溯与接口运营层,pro_storage_location_master,库位主数据表,11,del_flag,逻辑删除标识,char,1,,N,'0',sys_del_flag,N,N,,,0存在 2删除
P2,高级追溯与接口运营层,pro_storage_location_master,库位主数据表,12,remark,备注,varchar,500,,Y,,,N,N,,N,基础版字段定义，后续可按数据库规范细化。
P2,高级追溯与接口运营层,pro_goods_receipt,收货单头表,1,gr_id,收货单ID,bigint,20,,N,,,Y,N,,N,主键，建议使用雪花ID或数据库统一ID生成策略。
P2,高级追溯与接口运营层,pro_goods_receipt,收货单头表,2,gr_no,收货单号,varchar,64,,N,,,N,N,,Y,基础版字段定义，后续可按数据库规范细化。
P2,高级追溯与接口运营层,pro_goods_receipt,收货单头表,3,supplier_id,供应商ID,bigint,20,,N,,,N,Y,pro_supplier_master.supplier_id,N,基础版字段定义，后续可按数据库规范细化。
P2,高级追溯与接口运营层,pro_goods_receipt,收货单头表,4,warehouse_id,仓库ID,bigint,20,,N,,,N,Y,pro_warehouse_master.warehouse_id,N,基础版字段定义，后续可按数据库规范细化。
P2,高级追溯与接口运营层,pro_goods_receipt,收货单头表,5,receipt_date,收货日期,date,,,Y,,,N,N,,N,基础版字段定义，后续可按数据库规范细化。
P2,高级追溯与接口运营层,pro_goods_receipt,收货单头表,6,receipt_type,收货类型,varchar,32,,Y,,type_dict,N,N,,N,基础版字段定义，后续可按数据库规范细化。
P2,高级追溯与接口运营层,pro_goods_receipt,收货单头表,7,gr_status,收货状态,varchar,20,,N,0,status_dict,N,N,,N,基础版字段定义，后续可按数据库规范细化。
P2,高级追溯与接口运营层,pro_goods_receipt,收货单头表,8,source_doc_no,来源单号,varchar,64,,N,,,N,N,,N,基础版字段定义，后续可按数据库规范细化。
P2,高级追溯与接口运营层,pro_goods_receipt,收货单头表,9,create_by,创建人,varchar,64,,N,,,N,N,,N,基础版字段定义，后续可按数据库规范细化。
P2,高级追溯与接口运营层,pro_goods_receipt,收货单头表,10,create_time,创建时间,datetime,,,N,,,N,N,,N,基础版字段定义，后续可按数据库规范细化。
P2,高级追溯与接口运营层,pro_goods_receipt,收货单头表,11,update_by,更新人,varchar,64,,Y,,,N,N,,N,基础版字段定义，后续可按数据库规范细化。
P2,高级追溯与接口运营层,pro_goods_receipt,收货单头表,12,update_time,更新时间,datetime,,,Y,,,N,N,,N,基础版字段定义，后续可按数据库规范细化。
P2,高级追溯与接口运营层,pro_goods_receipt,收货单头表,13,del_flag,逻辑删除标识,char,1,,N,'0',sys_del_flag,N,N,,,0存在 2删除
P2,高级追溯与接口运营层,pro_goods_receipt,收货单头表,14,remark,备注,varchar,500,,Y,,,N,N,,N,基础版字段定义，后续可按数据库规范细化。
P2,高级追溯与接口运营层,pro_goods_receipt_item,收货单明细表,1,gr_item_id,收货明细ID,bigint,20,,N,,,Y,N,,N,主键，建议使用雪花ID或数据库统一ID生成策略。
P2,高级追溯与接口运营层,pro_goods_receipt_item,收货单明细表,2,gr_id,收货单ID,bigint,20,,N,,,N,Y,pro_goods_receipt.gr_id,Y,基础版字段定义，后续可按数据库规范细化。
P2,高级追溯与接口运营层,pro_goods_receipt_item,收货单明细表,3,line_no,行号,varchar,64,,N,,,N,N,,Y,基础版字段定义，后续可按数据库规范细化。
P2,高级追溯与接口运营层,pro_goods_receipt_item,收货单明细表,4,material_id,物料ID,bigint,20,,N,,,N,Y,pro_material_master.material_id,N,基础版字段定义，后续可按数据库规范细化。
P2,高级追溯与接口运营层,pro_goods_receipt_item,收货单明细表,5,received_qty,接收数量,decimal,18,6,N,0,,N,N,,N,基础版字段定义，后续可按数据库规范细化。
P2,高级追溯与接口运营层,pro_goods_receipt_item,收货单明细表,6,received_uom,接收单位,varchar,20,,Y,,mes_uom,N,N,,N,基础版字段定义，后续可按数据库规范细化。
P2,高级追溯与接口运营层,pro_goods_receipt_item,收货单明细表,7,lot_no,批次号,varchar,64,,N,,,N,N,,N,基础版字段定义，后续可按数据库规范细化。
P2,高级追溯与接口运营层,pro_goods_receipt_item,收货单明细表,8,storage_location_id,库位ID,bigint,20,,N,,,N,Y,pro_storage_location_master.storage_location_id,N,基础版字段定义，后续可按数据库规范细化。
P2,高级追溯与接口运营层,pro_goods_receipt_item,收货单明细表,9,item_status,项目状态,varchar,20,,N,0,status_dict,N,N,,N,基础版字段定义，后续可按数据库规范细化。
P2,高级追溯与接口运营层,pro_goods_receipt_item,收货单明细表,10,create_by,创建人,varchar,64,,N,,,N,N,,N,基础版字段定义，后续可按数据库规范细化。
P2,高级追溯与接口运营层,pro_goods_receipt_item,收货单明细表,11,create_time,创建时间,datetime,,,N,,,N,N,,N,基础版字段定义，后续可按数据库规范细化。
P2,高级追溯与接口运营层,pro_goods_receipt_item,收货单明细表,12,update_by,更新人,varchar,64,,Y,,,N,N,,N,基础版字段定义，后续可按数据库规范细化。
P2,高级追溯与接口运营层,pro_goods_receipt_item,收货单明细表,13,update_time,更新时间,datetime,,,Y,,,N,N,,N,基础版字段定义，后续可按数据库规范细化。
P2,高级追溯与接口运营层,pro_goods_receipt_item,收货单明细表,14,del_flag,逻辑删除标识,char,1,,N,'0',sys_del_flag,N,N,,,0存在 2删除
P2,高级追溯与接口运营层,pro_goods_receipt_item,收货单明细表,15,remark,备注,varchar,500,,Y,,,N,N,,N,基础版字段定义，后续可按数据库规范细化。
P2,高级追溯与接口运营层,pro_serial_number,物料序列号表,1,serial_id,序列号ID,bigint,20,,N,,,Y,N,,N,主键，建议使用雪花ID或数据库统一ID生成策略。
P2,高级追溯与接口运营层,pro_serial_number,物料序列号表,2,material_id,物料ID,bigint,20,,N,,,N,Y,pro_material_master.material_id,N,基础版字段定义，后续可按数据库规范细化。
P2,高级追溯与接口运营层,pro_serial_number,物料序列号表,3,serial_no,序列号,varchar,64,,N,,,N,N,,Y,基础版字段定义，后续可按数据库规范细化。
P2,高级追溯与接口运营层,pro_serial_number,物料序列号表,4,material_lot_id,物料批次ID,bigint,20,,N,,,N,Y,pro_material_lot.material_lot_id,N,基础版字段定义，后续可按数据库规范细化。
P2,高级追溯与接口运营层,pro_serial_number,物料序列号表,5,serial_status,序列号状态,varchar,20,,N,0,status_dict,N,N,,N,基础版字段定义，后续可按数据库规范细化。
P2,高级追溯与接口运营层,pro_serial_number,物料序列号表,6,current_location,当前位置,varchar,64,,Y,,,N,N,,N,基础版字段定义，后续可按数据库规范细化。
P2,高级追溯与接口运营层,pro_serial_number,物料序列号表,7,create_by,创建人,varchar,64,,N,,,N,N,,N,基础版字段定义，后续可按数据库规范细化。
P2,高级追溯与接口运营层,pro_serial_number,物料序列号表,8,create_time,创建时间,datetime,,,N,,,N,N,,N,基础版字段定义，后续可按数据库规范细化。
P2,高级追溯与接口运营层,pro_serial_number,物料序列号表,9,update_by,更新人,varchar,64,,Y,,,N,N,,N,基础版字段定义，后续可按数据库规范细化。
P2,高级追溯与接口运营层,pro_serial_number,物料序列号表,10,update_time,更新时间,datetime,,,Y,,,N,N,,N,基础版字段定义，后续可按数据库规范细化。
P2,高级追溯与接口运营层,pro_serial_number,物料序列号表,11,del_flag,逻辑删除标识,char,1,,N,'0',sys_del_flag,N,N,,,0存在 2删除
P2,高级追溯与接口运营层,pro_serial_number,物料序列号表,12,remark,备注,varchar,500,,Y,,,N,N,,N,基础版字段定义，后续可按数据库规范细化。
P2,高级追溯与接口运营层,pro_wip_lot,在制品批次表,1,wip_lot_id,在制批次ID,bigint,20,,N,,,Y,N,,N,主键，建议使用雪花ID或数据库统一ID生成策略。
P2,高级追溯与接口运营层,pro_wip_lot,在制品批次表,2,prod_order_id,生产工单ID,bigint,20,,N,,,N,Y,pro_production_order.prod_order_id,Y,基础版字段定义，后续可按数据库规范细化。
P2,高级追溯与接口运营层,pro_wip_lot,在制品批次表,3,material_id,物料ID,bigint,20,,N,,,N,Y,pro_material_master.material_id,N,基础版字段定义，后续可按数据库规范细化。
P2,高级追溯与接口运营层,pro_wip_lot,在制品批次表,4,wip_lot_no,在制批次号,varchar,64,,N,,,N,N,,Y,基础版字段定义，后续可按数据库规范细化。
P2,高级追溯与接口运营层,pro_wip_lot,在制品批次表,5,current_order_op_id,当前工单工序ID,bigint,20,,N,,,N,Y,pro_order_operation.order_op_id,N,基础版字段定义，后续可按数据库规范细化。
P2,高级追溯与接口运营层,pro_wip_lot,在制品批次表,6,qty,数量,decimal,18,6,N,0,,N,N,,N,基础版字段定义，后续可按数据库规范细化。
P2,高级追溯与接口运营层,pro_wip_lot,在制品批次表,7,uom,单位,varchar,20,,Y,,mes_uom,N,N,,N,基础版字段定义，后续可按数据库规范细化。
P2,高级追溯与接口运营层,pro_wip_lot,在制品批次表,8,wip_status,在制状态,varchar,20,,N,0,status_dict,N,N,,N,基础版字段定义，后续可按数据库规范细化。
P2,高级追溯与接口运营层,pro_wip_lot,在制品批次表,9,create_by,创建人,varchar,64,,N,,,N,N,,N,基础版字段定义，后续可按数据库规范细化。
P2,高级追溯与接口运营层,pro_wip_lot,在制品批次表,10,create_time,创建时间,datetime,,,N,,,N,N,,N,基础版字段定义，后续可按数据库规范细化。
P2,高级追溯与接口运营层,pro_wip_lot,在制品批次表,11,update_by,更新人,varchar,64,,Y,,,N,N,,N,基础版字段定义，后续可按数据库规范细化。
P2,高级追溯与接口运营层,pro_wip_lot,在制品批次表,12,update_time,更新时间,datetime,,,Y,,,N,N,,N,基础版字段定义，后续可按数据库规范细化。
P2,高级追溯与接口运营层,pro_wip_lot,在制品批次表,13,del_flag,逻辑删除标识,char,1,,N,'0',sys_del_flag,N,N,,,0存在 2删除
P2,高级追溯与接口运营层,pro_wip_lot,在制品批次表,14,remark,备注,varchar,500,,Y,,,N,N,,N,基础版字段定义，后续可按数据库规范细化。
P2,高级追溯与接口运营层,pro_wip_lot_tracking,在制品批次跟踪表,1,wip_track_id,在制流转ID,bigint,20,,N,,,Y,N,,N,主键，建议使用雪花ID或数据库统一ID生成策略。
P2,高级追溯与接口运营层,pro_wip_lot_tracking,在制品批次跟踪表,2,wip_lot_id,在制批次ID,bigint,20,,N,,,N,Y,pro_wip_lot.wip_lot_id,Y,基础版字段定义，后续可按数据库规范细化。
P2,高级追溯与接口运营层,pro_wip_lot_tracking,在制品批次跟踪表,3,from_order_op_id,来源工序ID,bigint,20,,N,,,N,Y,pro_order_operation.order_op_id,N,基础版字段定义，后续可按数据库规范细化。
P2,高级追溯与接口运营层,pro_wip_lot_tracking,在制品批次跟踪表,4,to_order_op_id,目标工序ID,bigint,20,,N,,,N,Y,pro_order_operation.order_op_id,N,基础版字段定义，后续可按数据库规范细化。
P2,高级追溯与接口运营层,pro_wip_lot_tracking,在制品批次跟踪表,5,move_qty,流转数量,decimal,18,6,N,0,,N,N,,N,基础版字段定义，后续可按数据库规范细化。
P2,高级追溯与接口运营层,pro_wip_lot_tracking,在制品批次跟踪表,6,move_uom,流转单位,varchar,20,,Y,,mes_uom,N,N,,N,基础版字段定义，后续可按数据库规范细化。
P2,高级追溯与接口运营层,pro_wip_lot_tracking,在制品批次跟踪表,7,move_time,流转时间,datetime,,,Y,,,N,N,,Y,基础版字段定义，后续可按数据库规范细化。
P2,高级追溯与接口运营层,pro_wip_lot_tracking,在制品批次跟踪表,8,operator_id,操作人ID,bigint,20,,N,,,N,Y,pro_person_master.person_id,N,基础版字段定义，后续可按数据库规范细化。
P2,高级追溯与接口运营层,pro_wip_lot_tracking,在制品批次跟踪表,9,track_status,跟踪状态,varchar,20,,N,0,status_dict,N,N,,N,基础版字段定义，后续可按数据库规范细化。
P2,高级追溯与接口运营层,pro_wip_lot_tracking,在制品批次跟踪表,10,create_by,创建人,varchar,64,,N,,,N,N,,N,基础版字段定义，后续可按数据库规范细化。
P2,高级追溯与接口运营层,pro_wip_lot_tracking,在制品批次跟踪表,11,create_time,创建时间,datetime,,,N,,,N,N,,N,基础版字段定义，后续可按数据库规范细化。
P2,高级追溯与接口运营层,pro_wip_lot_tracking,在制品批次跟踪表,12,del_flag,逻辑删除标识,char,1,,N,'0',sys_del_flag,N,N,,,0存在 2删除
P2,高级追溯与接口运营层,pro_wip_lot_tracking,在制品批次跟踪表,13,remark,备注,varchar,500,,Y,,,N,N,,N,基础版字段定义，后续可按数据库规范细化。
P2,高级追溯与接口运营层,pro_finished_good_lot,成品批次表,1,fg_lot_id,成品批次ID,bigint,20,,N,,,Y,N,,N,主键，建议使用雪花ID或数据库统一ID生成策略。
P2,高级追溯与接口运营层,pro_finished_good_lot,成品批次表,2,prod_order_id,生产工单ID,bigint,20,,N,,,N,Y,pro_production_order.prod_order_id,N,基础版字段定义，后续可按数据库规范细化。
P2,高级追溯与接口运营层,pro_finished_good_lot,成品批次表,3,material_id,物料ID,bigint,20,,N,,,N,Y,pro_material_master.material_id,Y,基础版字段定义，后续可按数据库规范细化。
P2,高级追溯与接口运营层,pro_finished_good_lot,成品批次表,4,fg_lot_no,成品批次号,varchar,64,,N,,,N,N,,Y,基础版字段定义，后续可按数据库规范细化。
P2,高级追溯与接口运营层,pro_finished_good_lot,成品批次表,5,qty,数量,decimal,18,6,N,0,,N,N,,N,基础版字段定义，后续可按数据库规范细化。
P2,高级追溯与接口运营层,pro_finished_good_lot,成品批次表,6,uom,单位,varchar,20,,Y,,mes_uom,N,N,,N,基础版字段定义，后续可按数据库规范细化。
P2,高级追溯与接口运营层,pro_finished_good_lot,成品批次表,7,produce_time,生产时间,datetime,,,Y,,,N,N,,N,基础版字段定义，后续可按数据库规范细化。
P2,高级追溯与接口运营层,pro_finished_good_lot,成品批次表,8,fg_status,成品批次状态,varchar,20,,N,0,status_dict,N,N,,N,基础版字段定义，后续可按数据库规范细化。
P2,高级追溯与接口运营层,pro_finished_good_lot,成品批次表,9,create_by,创建人,varchar,64,,N,,,N,N,,N,基础版字段定义，后续可按数据库规范细化。
P2,高级追溯与接口运营层,pro_finished_good_lot,成品批次表,10,create_time,创建时间,datetime,,,N,,,N,N,,N,基础版字段定义，后续可按数据库规范细化。
P2,高级追溯与接口运营层,pro_finished_good_lot,成品批次表,11,update_by,更新人,varchar,64,,Y,,,N,N,,N,基础版字段定义，后续可按数据库规范细化。
P2,高级追溯与接口运营层,pro_finished_good_lot,成品批次表,12,update_time,更新时间,datetime,,,Y,,,N,N,,N,基础版字段定义，后续可按数据库规范细化。
P2,高级追溯与接口运营层,pro_finished_good_lot,成品批次表,13,del_flag,逻辑删除标识,char,1,,N,'0',sys_del_flag,N,N,,,0存在 2删除
P2,高级追溯与接口运营层,pro_finished_good_lot,成品批次表,14,remark,备注,varchar,500,,Y,,,N,N,,N,基础版字段定义，后续可按数据库规范细化。
P2,高级追溯与接口运营层,pro_finished_good_serial,成品序列号表,1,fg_serial_id,成品序列号ID,bigint,20,,N,,,Y,N,,N,主键，建议使用雪花ID或数据库统一ID生成策略。
P2,高级追溯与接口运营层,pro_finished_good_serial,成品序列号表,2,fg_lot_id,成品批次ID,bigint,20,,N,,,N,Y,pro_finished_good_lot.fg_lot_id,N,基础版字段定义，后续可按数据库规范细化。
P2,高级追溯与接口运营层,pro_finished_good_serial,成品序列号表,3,material_id,物料ID,bigint,20,,N,,,N,Y,pro_material_master.material_id,N,基础版字段定义，后续可按数据库规范细化。
P2,高级追溯与接口运营层,pro_finished_good_serial,成品序列号表,4,serial_no,序列号,varchar,64,,N,,,N,N,,Y,基础版字段定义，后续可按数据库规范细化。
P2,高级追溯与接口运营层,pro_finished_good_serial,成品序列号表,5,udi_code,UDI编码,varchar,64,,N,,,N,N,,N,基础版字段定义，后续可按数据库规范细化。
P2,高级追溯与接口运营层,pro_finished_good_serial,成品序列号表,6,fg_serial_status,成品序列号状态,varchar,20,,N,0,status_dict,N,N,,N,基础版字段定义，后续可按数据库规范细化。
P2,高级追溯与接口运营层,pro_finished_good_serial,成品序列号表,7,create_by,创建人,varchar,64,,N,,,N,N,,N,基础版字段定义，后续可按数据库规范细化。
P2,高级追溯与接口运营层,pro_finished_good_serial,成品序列号表,8,create_time,创建时间,datetime,,,N,,,N,N,,N,基础版字段定义，后续可按数据库规范细化。
P2,高级追溯与接口运营层,pro_finished_good_serial,成品序列号表,9,update_by,更新人,varchar,64,,Y,,,N,N,,N,基础版字段定义，后续可按数据库规范细化。
P2,高级追溯与接口运营层,pro_finished_good_serial,成品序列号表,10,update_time,更新时间,datetime,,,Y,,,N,N,,N,基础版字段定义，后续可按数据库规范细化。
P2,高级追溯与接口运营层,pro_finished_good_serial,成品序列号表,11,del_flag,逻辑删除标识,char,1,,N,'0',sys_del_flag,N,N,,,0存在 2删除
P2,高级追溯与接口运营层,pro_finished_good_serial,成品序列号表,12,remark,备注,varchar,500,,Y,,,N,N,,N,基础版字段定义，后续可按数据库规范细化。
P2,高级追溯与接口运营层,pro_lot_genealogy,批次族谱表,1,lot_genealogy_id,批次族谱ID,bigint,20,,N,,,Y,N,,N,主键，建议使用雪花ID或数据库统一ID生成策略。
P2,高级追溯与接口运营层,pro_lot_genealogy,批次族谱表,2,source_lot_type,来源批次类型,varchar,32,,Y,,mes_lot_object_type,N,N,,Y,来源批次类型，兼容字段；优先使用明确来源批次外键。
P2,高级追溯与接口运营层,pro_lot_genealogy,批次族谱表,3,source_lot_id,来源批次ID,bigint,20,,Y,,,N,N,,Y,兼容字段，记录来源批次泛型ID；强追溯场景优先使用明确外键字段。
P2,高级追溯与接口运营层,pro_lot_genealogy,批次族谱表,4,source_material_lot_id,来源物料批次ID,bigint,20,,Y,,,N,Y,pro_material_lot.material_lot_id,N,来源为物料批次时使用。
P2,高级追溯与接口运营层,pro_lot_genealogy,批次族谱表,5,source_wip_lot_id,来源在制批次ID,bigint,20,,Y,,,N,Y,pro_wip_lot.wip_lot_id,N,来源为在制批次时使用。
P2,高级追溯与接口运营层,pro_lot_genealogy,批次族谱表,6,source_fg_lot_id,来源成品批次ID,bigint,20,,Y,,,N,Y,pro_finished_good_lot.fg_lot_id,N,来源为成品批次时使用。
P2,高级追溯与接口运营层,pro_lot_genealogy,批次族谱表,7,target_lot_type,目标批次类型,varchar,32,,Y,,mes_lot_object_type,N,N,,Y,目标批次类型，兼容字段；优先使用明确目标批次外键。
P2,高级追溯与接口运营层,pro_lot_genealogy,批次族谱表,8,target_lot_id,目标批次ID,bigint,20,,Y,,,N,N,,Y,兼容字段，记录目标批次泛型ID；强追溯场景优先使用明确外键字段。
P2,高级追溯与接口运营层,pro_lot_genealogy,批次族谱表,9,target_material_lot_id,目标物料批次ID,bigint,20,,Y,,,N,Y,pro_material_lot.material_lot_id,N,目标为物料批次时使用。
P2,高级追溯与接口运营层,pro_lot_genealogy,批次族谱表,10,target_wip_lot_id,目标在制批次ID,bigint,20,,Y,,,N,Y,pro_wip_lot.wip_lot_id,N,目标为在制批次时使用。
P2,高级追溯与接口运营层,pro_lot_genealogy,批次族谱表,11,target_fg_lot_id,目标成品批次ID,bigint,20,,Y,,,N,Y,pro_finished_good_lot.fg_lot_id,N,目标为成品批次时使用。
P2,高级追溯与接口运营层,pro_lot_genealogy,批次族谱表,12,relation_type,关系类型,varchar,32,,Y,,mes_lot_genealogy_relation,N,N,,Y,批次谱系关系类型。
P2,高级追溯与接口运营层,pro_lot_genealogy,批次族谱表,13,qty,数量,decimal,18,6,N,0,,N,N,,N,基础版字段定义，后续可按数据库规范细化。
P2,高级追溯与接口运营层,pro_lot_genealogy,批次族谱表,14,uom,单位,varchar,20,,Y,,mes_uom,N,N,,N,基础版字段定义，后续可按数据库规范细化。
P2,高级追溯与接口运营层,pro_lot_genealogy,批次族谱表,15,source_event_id,来源事件ID,bigint,20,,N,,,N,N,,N,基础版字段定义，后续可按数据库规范细化。
P2,高级追溯与接口运营层,pro_lot_genealogy,批次族谱表,16,create_time,创建时间,datetime,,,N,,,N,N,,N,基础版字段定义，后续可按数据库规范细化。
P2,高级追溯与接口运营层,pro_lot_genealogy,批次族谱表,17,del_flag,逻辑删除标识,char,1,,N,'0',sys_del_flag,N,N,,,0存在 2删除
P2,高级追溯与接口运营层,pro_lot_genealogy,批次族谱表,18,remark,备注,varchar,500,,Y,,,N,N,,N,基础版字段定义，后续可按数据库规范细化。
P2,高级追溯与接口运营层,pro_serial_genealogy,序列号族谱表,1,serial_genealogy_id,序列号族谱ID,bigint,20,,N,,,Y,N,,N,主键，建议使用雪花ID或数据库统一ID生成策略。
P2,高级追溯与接口运营层,pro_serial_genealogy,序列号族谱表,2,parent_serial_type,父级序列号类型,varchar,32,,Y,,mes_serial_object_type,N,N,,Y,父级序列号类型，兼容字段；优先使用明确序列号外键。
P2,高级追溯与接口运营层,pro_serial_genealogy,序列号族谱表,3,parent_serial_id,父级序列号ID,bigint,20,,Y,,,N,N,,Y,兼容字段，记录父级序列号泛型ID；强追溯场景优先使用明确外键字段。
P2,高级追溯与接口运营层,pro_serial_genealogy,序列号族谱表,4,parent_material_serial_id,父级物料序列号ID,bigint,20,,Y,,,N,Y,pro_serial_number.serial_id,N,父级为物料序列号时使用。
P2,高级追溯与接口运营层,pro_serial_genealogy,序列号族谱表,5,parent_fg_serial_id,父级成品序列号ID,bigint,20,,Y,,,N,Y,pro_finished_good_serial.fg_serial_id,N,父级为成品序列号时使用。
P2,高级追溯与接口运营层,pro_serial_genealogy,序列号族谱表,6,child_serial_type,子级序列号类型,varchar,32,,Y,,mes_serial_object_type,N,N,,Y,子级序列号类型，兼容字段；优先使用明确序列号外键。
P2,高级追溯与接口运营层,pro_serial_genealogy,序列号族谱表,7,child_serial_id,子级序列号ID,bigint,20,,Y,,,N,N,,Y,兼容字段，记录子级序列号泛型ID；强追溯场景优先使用明确外键字段。
P2,高级追溯与接口运营层,pro_serial_genealogy,序列号族谱表,8,child_material_serial_id,子级物料序列号ID,bigint,20,,Y,,,N,Y,pro_serial_number.serial_id,N,子级为物料序列号时使用。
P2,高级追溯与接口运营层,pro_serial_genealogy,序列号族谱表,9,child_fg_serial_id,子级成品序列号ID,bigint,20,,Y,,,N,Y,pro_finished_good_serial.fg_serial_id,N,子级为成品序列号时使用。
P2,高级追溯与接口运营层,pro_serial_genealogy,序列号族谱表,10,relation_type,关系类型,varchar,32,,Y,,mes_serial_genealogy_relation,N,N,,Y,序列号谱系关系类型。
P2,高级追溯与接口运营层,pro_serial_genealogy,序列号族谱表,11,source_event_id,来源事件ID,bigint,20,,N,,,N,N,,N,基础版字段定义，后续可按数据库规范细化。
P2,高级追溯与接口运营层,pro_serial_genealogy,序列号族谱表,12,create_time,创建时间,datetime,,,N,,,N,N,,N,基础版字段定义，后续可按数据库规范细化。
P2,高级追溯与接口运营层,pro_serial_genealogy,序列号族谱表,13,del_flag,逻辑删除标识,char,1,,N,'0',sys_del_flag,N,N,,,0存在 2删除
P2,高级追溯与接口运营层,pro_serial_genealogy,序列号族谱表,14,remark,备注,varchar,500,,Y,,,N,N,,N,基础版字段定义，后续可按数据库规范细化。
P2,高级追溯与接口运营层,pro_report_confirmation_if,报工确认接口表,1,report_if_id,报工接口ID,bigint,20,,N,,,Y,N,,N,主键，建议使用雪花ID或数据库统一ID生成策略。
P2,高级追溯与接口运营层,pro_report_confirmation_if,报工确认接口表,2,interface_msg_id,接口消息ID,bigint,20,,N,,,N,Y,pro_interface_message.interface_msg_id,Y,基础版字段定义，后续可按数据库规范细化。
P2,高级追溯与接口运营层,pro_report_confirmation_if,报工确认接口表,3,report_id,报工ID,bigint,20,,N,,,N,Y,pro_production_report.report_id,N,基础版字段定义，后续可按数据库规范细化。
P2,高级追溯与接口运营层,pro_report_confirmation_if,报工确认接口表,4,sap_order_no,SAP订单号,varchar,64,,N,,,N,N,,N,基础版字段定义，后续可按数据库规范细化。
P2,高级追溯与接口运营层,pro_report_confirmation_if,报工确认接口表,5,sap_operation_no,SAP工序号,varchar,64,,N,,,N,N,,N,基础版字段定义，后续可按数据库规范细化。
P2,高级追溯与接口运营层,pro_report_confirmation_if,报工确认接口表,6,confirm_qty,确认数量,decimal,18,6,N,0,,N,N,,N,基础版字段定义，后续可按数据库规范细化。
P2,高级追溯与接口运营层,pro_report_confirmation_if,报工确认接口表,7,confirm_uom,确认单位,varchar,20,,Y,,mes_uom,N,N,,N,基础版字段定义，后续可按数据库规范细化。
P2,高级追溯与接口运营层,pro_report_confirmation_if,报工确认接口表,8,posting_status,过账状态,varchar,20,,N,0,mes_posting_status,N,N,,N,基础版字段定义，后续可按数据库规范细化。
P2,高级追溯与接口运营层,pro_report_confirmation_if,报工确认接口表,9,posting_time,过账时间,datetime,,,Y,,,N,N,,N,基础版字段定义，后续可按数据库规范细化。
P2,高级追溯与接口运营层,pro_report_confirmation_if,报工确认接口表,10,error_message,错误信息,varchar,500,,Y,,,N,N,,N,基础版字段定义，后续可按数据库规范细化。
P2,高级追溯与接口运营层,pro_report_confirmation_if,报工确认接口表,11,create_time,创建时间,datetime,,,N,,,N,N,,N,基础版字段定义，后续可按数据库规范细化。
P2,高级追溯与接口运营层,pro_report_confirmation_if,报工确认接口表,12,update_time,更新时间,datetime,,,Y,,,N,N,,N,基础版字段定义，后续可按数据库规范细化。
P2,高级追溯与接口运营层,pro_report_confirmation_if,报工确认接口表,13,del_flag,逻辑删除标识,char,1,,N,'0',sys_del_flag,N,N,,,0存在 2删除
P2,高级追溯与接口运营层,pro_report_confirmation_if,报工确认接口表,14,remark,备注,varchar,500,,Y,,,N,N,,N,基础版字段定义，后续可按数据库规范细化。
P2,高级追溯与接口运营层,pro_inspection_result_if,检验结果接口表,1,insp_if_id,检验接口ID,bigint,20,,N,,,Y,N,,N,主键，建议使用雪花ID或数据库统一ID生成策略。
P2,高级追溯与接口运营层,pro_inspection_result_if,检验结果接口表,2,interface_msg_id,接口消息ID,bigint,20,,N,,,N,Y,pro_interface_message.interface_msg_id,Y,基础版字段定义，后续可按数据库规范细化。
P2,高级追溯与接口运营层,pro_inspection_result_if,检验结果接口表,3,insp_result_id,检验结果ID,bigint,20,,N,,,N,Y,pro_inspection_result.insp_result_id,N,基础版字段定义，后续可按数据库规范细化。
P2,高级追溯与接口运营层,pro_inspection_result_if,检验结果接口表,4,sap_order_no,SAP订单号,varchar,64,,N,,,N,N,,N,基础版字段定义，后续可按数据库规范细化。
P2,高级追溯与接口运营层,pro_inspection_result_if,检验结果接口表,5,sap_operation_no,SAP工序号,varchar,64,,N,,,N,N,,N,基础版字段定义，后续可按数据库规范细化。
P2,高级追溯与接口运营层,pro_inspection_result_if,检验结果接口表,6,inspection_lot_no,检验批号,varchar,64,,N,,,N,N,,N,基础版字段定义，后续可按数据库规范细化。
P2,高级追溯与接口运营层,pro_inspection_result_if,检验结果接口表,7,result_payload,结果报文,varchar,500,,Y,,,N,N,,N,基础版字段定义，后续可按数据库规范细化。
P2,高级追溯与接口运营层,pro_inspection_result_if,检验结果接口表,8,posting_status,过账状态,varchar,20,,N,0,mes_posting_status,N,N,,N,基础版字段定义，后续可按数据库规范细化。
P2,高级追溯与接口运营层,pro_inspection_result_if,检验结果接口表,9,posting_time,过账时间,datetime,,,Y,,,N,N,,N,基础版字段定义，后续可按数据库规范细化。
P2,高级追溯与接口运营层,pro_inspection_result_if,检验结果接口表,10,error_message,错误信息,varchar,500,,Y,,,N,N,,N,基础版字段定义，后续可按数据库规范细化。
P2,高级追溯与接口运营层,pro_inspection_result_if,检验结果接口表,11,create_time,创建时间,datetime,,,N,,,N,N,,N,基础版字段定义，后续可按数据库规范细化。
P2,高级追溯与接口运营层,pro_inspection_result_if,检验结果接口表,12,update_time,更新时间,datetime,,,Y,,,N,N,,N,基础版字段定义，后续可按数据库规范细化。
P2,高级追溯与接口运营层,pro_inspection_result_if,检验结果接口表,13,del_flag,逻辑删除标识,char,1,,N,'0',sys_del_flag,N,N,,,0存在 2删除
P2,高级追溯与接口运营层,pro_inspection_result_if,检验结果接口表,14,remark,备注,varchar,500,,Y,,,N,N,,N,基础版字段定义，后续可按数据库规范细化。
P2,高级追溯与接口运营层,pro_consumption_posting_if,投料过账接口表,1,consume_if_id,投料接口ID,bigint,20,,N,,,Y,N,,N,主键，建议使用雪花ID或数据库统一ID生成策略。
P2,高级追溯与接口运营层,pro_consumption_posting_if,投料过账接口表,2,interface_msg_id,接口消息ID,bigint,20,,N,,,N,Y,pro_interface_message.interface_msg_id,Y,基础版字段定义，后续可按数据库规范细化。
P2,高级追溯与接口运营层,pro_consumption_posting_if,投料过账接口表,3,op_consume_id,投料记录ID,bigint,20,,N,,,N,Y,pro_operation_consumption.op_consume_id,N,基础版字段定义，后续可按数据库规范细化。
P2,高级追溯与接口运营层,pro_consumption_posting_if,投料过账接口表,4,sap_order_no,SAP订单号,varchar,64,,N,,,N,N,,N,基础版字段定义，后续可按数据库规范细化。
P2,高级追溯与接口运营层,pro_consumption_posting_if,投料过账接口表,5,sap_reservation_no,SAP预留号,varchar,64,,N,,,N,N,,N,基础版字段定义，后续可按数据库规范细化。
P2,高级追溯与接口运营层,pro_consumption_posting_if,投料过账接口表,6,sap_reservation_item,SAP预留行号,varchar,64,,Y,,,N,N,,N,基础版字段定义，后续可按数据库规范细化。
P2,高级追溯与接口运营层,pro_consumption_posting_if,投料过账接口表,7,material_code,物料编码,varchar,64,,N,,,N,N,,N,基础版字段定义，后续可按数据库规范细化。
P2,高级追溯与接口运营层,pro_consumption_posting_if,投料过账接口表,8,posting_qty,过账数量,decimal,18,6,N,0,,N,N,,N,基础版字段定义，后续可按数据库规范细化。
P2,高级追溯与接口运营层,pro_consumption_posting_if,投料过账接口表,9,posting_uom,过账单位,varchar,20,,Y,,mes_uom,N,N,,N,基础版字段定义，后续可按数据库规范细化。
P2,高级追溯与接口运营层,pro_consumption_posting_if,投料过账接口表,10,posting_status,过账状态,varchar,20,,N,0,mes_posting_status,N,N,,N,基础版字段定义，后续可按数据库规范细化。
P2,高级追溯与接口运营层,pro_consumption_posting_if,投料过账接口表,11,posting_time,过账时间,datetime,,,Y,,,N,N,,N,基础版字段定义，后续可按数据库规范细化。
P2,高级追溯与接口运营层,pro_consumption_posting_if,投料过账接口表,12,error_message,错误信息,varchar,500,,Y,,,N,N,,N,基础版字段定义，后续可按数据库规范细化。
P2,高级追溯与接口运营层,pro_consumption_posting_if,投料过账接口表,13,create_time,创建时间,datetime,,,N,,,N,N,,N,基础版字段定义，后续可按数据库规范细化。
P2,高级追溯与接口运营层,pro_consumption_posting_if,投料过账接口表,14,update_time,更新时间,datetime,,,Y,,,N,N,,N,基础版字段定义，后续可按数据库规范细化。
P2,高级追溯与接口运营层,pro_consumption_posting_if,投料过账接口表,15,del_flag,逻辑删除标识,char,1,,N,'0',sys_del_flag,N,N,,,0存在 2删除
P2,高级追溯与接口运营层,pro_consumption_posting_if,投料过账接口表,16,remark,备注,varchar,500,,Y,,,N,N,,N,基础版字段定义，后续可按数据库规范细化。
P0+,补充核心表,pro_shift,班次主数据表,1,shift_id,班次ID,bigint,20,,N,,,Y,N,,N,主键。
P0+,补充核心表,pro_shift,班次主数据表,2,shift_code,班次编码,varchar,64,,N,,,N,N,,Y,建议唯一。
P0+,补充核心表,pro_shift,班次主数据表,3,shift_name,班次名称,varchar,128,,N,,,N,N,,N,如早班、中班、晚班。
P0+,补充核心表,pro_shift,班次主数据表,4,start_time,开始时间,time,,,N,,,N,N,,N,班次内开始时间。
P0+,补充核心表,pro_shift,班次主数据表,5,end_time,结束时间,time,,,N,,,N,N,,N,班次内结束时间。
P0+,补充核心表,pro_shift,班次主数据表,6,cross_day_flag,是否跨天,char,1,,N,N,sys_yes_no,N,N,,N,夜班等跨天场景。
P0+,补充核心表,pro_shift,班次主数据表,7,work_hours,工时,decimal,8,2,Y,0,,N,N,,N,班次标准工时。
P0+,补充核心表,pro_shift,班次主数据表,8,status,状态,varchar,20,,N,0,sys_normal_disable,N,N,,N,启用/停用。
P0+,补充核心表,pro_shift,班次主数据表,9,create_by,创建人,varchar,64,,N,,,N,N,,N,审计字段。
P0+,补充核心表,pro_shift,班次主数据表,10,create_time,创建时间,datetime,,,N,CURRENT_TIMESTAMP,,N,N,,N,审计字段。
P0+,补充核心表,pro_shift,班次主数据表,11,update_by,更新人,varchar,64,,Y,,,N,N,,N,审计字段。
P0+,补充核心表,pro_shift,班次主数据表,12,update_time,更新时间,datetime,,,Y,,,N,N,,N,审计字段。
P0+,补充核心表,pro_shift,班次主数据表,13,del_flag,逻辑删除标识,char,1,,N,'0',sys_del_flag,N,N,,,0存在 2删除
P0+,补充核心表,pro_shift,班次主数据表,14,remark,备注,varchar,500,,Y,,,N,N,,N,备注说明。
P0+,补充核心表,pro_calendar,生产日历表,1,calendar_id,生产日历ID,bigint,20,,N,,,Y,N,,N,主键。
P0+,补充核心表,pro_calendar,生产日历表,2,plant_id,工厂ID,bigint,20,,N,,,N,Y,pro_plant_master.plant_id,Y,所属工厂。
P0+,补充核心表,pro_calendar,生产日历表,3,calendar_date,日历日期,date,,,N,,,N,N,,Y,生产日历日期。
P0+,补充核心表,pro_calendar,生产日历表,4,day_type,日期类型,varchar,20,,N,WORKDAY,mes_calendar_day_type,N,N,,N,工作日、休息日、节假日等。
P0+,补充核心表,pro_calendar,生产日历表,5,work_flag,是否工作日,char,1,,N,Y,sys_yes_no,N,N,,N,是否可排产。
P0+,补充核心表,pro_calendar,生产日历表,6,shift_id,班次ID,bigint,20,,Y,,,N,Y,pro_shift.shift_id,Y,可按班次定义产能。
P0+,补充核心表,pro_calendar,生产日历表,7,capacity_hours,可用产能小时,decimal,8,2,Y,0,,N,N,,N,当天或班次可用产能。
P0+,补充核心表,pro_calendar,生产日历表,8,status,状态,varchar,20,,N,0,sys_normal_disable,N,N,,N,启用/停用。
P0+,补充核心表,pro_calendar,生产日历表,9,create_by,创建人,varchar,64,,N,,,N,N,,N,审计字段。
P0+,补充核心表,pro_calendar,生产日历表,10,create_time,创建时间,datetime,,,N,CURRENT_TIMESTAMP,,N,N,,N,审计字段。
P0+,补充核心表,pro_calendar,生产日历表,11,update_by,更新人,varchar,64,,Y,,,N,N,,N,审计字段。
P0+,补充核心表,pro_calendar,生产日历表,12,update_time,更新时间,datetime,,,Y,,,N,N,,N,审计字段。
P0+,补充核心表,pro_calendar,生产日历表,13,del_flag,逻辑删除标识,char,1,,N,'0',sys_del_flag,N,N,,,0存在 2删除
P0+,补充核心表,pro_calendar,生产日历表,14,remark,备注,varchar,500,,Y,,,N,N,,N,备注说明。
P0+,补充核心表,pro_schedule_plan,排产计划表,1,plan_id,排产计划ID,bigint,20,,N,,,Y,N,,N,主键。
P0+,补充核心表,pro_schedule_plan,排产计划表,2,plan_no,排产计划号,varchar,64,,N,,,N,N,,Y,排产计划唯一编号。
P0+,补充核心表,pro_schedule_plan,排产计划表,3,prod_order_id,生产工单ID,bigint,20,,N,,,N,Y,pro_production_order.prod_order_id,N,关联生产工单。
P0+,补充核心表,pro_schedule_plan,排产计划表,4,order_op_id,工单工序ID,bigint,20,,Y,,,N,Y,pro_order_operation.order_op_id,N,可排到工序粒度。
P0+,补充核心表,pro_schedule_plan,排产计划表,5,work_center_id,工作中心ID,bigint,20,,N,,,N,Y,pro_work_center_master.work_center_id,N,计划工作中心。
P0+,补充核心表,pro_schedule_plan,排产计划表,6,line_id,产线ID,bigint,20,,Y,,,N,Y,pro_production_line_master.line_id,N,计划产线。
P0+,补充核心表,pro_schedule_plan,排产计划表,7,shift_id,班次ID,bigint,20,,Y,,,N,Y,pro_shift.shift_id,N,计划班次。
P0+,补充核心表,pro_schedule_plan,排产计划表,8,plan_date,计划日期,date,,,N,,,N,N,,N,计划日期。
P0+,补充核心表,pro_schedule_plan,排产计划表,9,planned_start_time,计划开始时间,datetime,,,N,,,N,N,,N,计划开始。
P0+,补充核心表,pro_schedule_plan,排产计划表,10,planned_end_time,计划结束时间,datetime,,,N,,,N,N,,N,计划结束。
P0+,补充核心表,pro_schedule_plan,排产计划表,11,planned_qty,计划数量,decimal,18,6,N,0,,N,N,,N,排产数量。
P0+,补充核心表,pro_schedule_plan,排产计划表,12,plan_status,方案状态,varchar,20,,N,DRAFT,mes_schedule_status,N,N,,N,草稿、已发布、已锁定等。
P0+,补充核心表,pro_schedule_plan,排产计划表,13,lock_flag,是否锁定,char,1,,N,N,sys_yes_no,N,N,,N,是否锁定计划。
P0+,补充核心表,pro_schedule_plan,排产计划表,14,publish_flag,是否发布,char,1,,N,N,sys_yes_no,N,N,,N,是否已发布到执行。
P0+,补充核心表,pro_schedule_plan,排产计划表,15,create_by,创建人,varchar,64,,N,,,N,N,,N,审计字段。
P0+,补充核心表,pro_schedule_plan,排产计划表,16,create_time,创建时间,datetime,,,N,CURRENT_TIMESTAMP,,N,N,,N,审计字段。
P0+,补充核心表,pro_schedule_plan,排产计划表,17,update_by,更新人,varchar,64,,Y,,,N,N,,N,审计字段。
P0+,补充核心表,pro_schedule_plan,排产计划表,18,update_time,更新时间,datetime,,,Y,,,N,N,,N,审计字段。
P0+,补充核心表,pro_schedule_plan,排产计划表,19,del_flag,逻辑删除标识,char,1,,N,'0',sys_del_flag,N,N,,,0存在 2删除
P0+,补充核心表,pro_schedule_plan,排产计划表,20,remark,备注,varchar,500,,Y,,,N,N,,N,备注说明。
P0+,补充核心表,pro_schedule_log,排产调整日志表,1,log_id,日志ID,bigint,20,,N,,,Y,N,,N,主键。
P0+,补充核心表,pro_schedule_log,排产调整日志表,2,plan_id,排产计划ID,bigint,20,,N,,,N,Y,pro_schedule_plan.plan_id,N,关联排产计划。
P0+,补充核心表,pro_schedule_log,排产调整日志表,3,adjust_type,调整类型,varchar,32,,N,,mes_schedule_adjust_type,N,N,,N,新增、变更、取消等。
P0+,补充核心表,pro_schedule_log,排产调整日志表,4,before_start_time,调整前开始时间,datetime,,,Y,,,N,N,,N,调整前计划开始。
P0+,补充核心表,pro_schedule_log,排产调整日志表,5,after_start_time,调整后开始时间,datetime,,,Y,,,N,N,,N,调整后计划开始。
P0+,补充核心表,pro_schedule_log,排产调整日志表,6,before_end_time,调整前结束时间,datetime,,,Y,,,N,N,,N,调整前计划结束。
P0+,补充核心表,pro_schedule_log,排产调整日志表,7,after_end_time,调整后结束时间,datetime,,,Y,,,N,N,,N,调整后计划结束。
P0+,补充核心表,pro_schedule_log,排产调整日志表,8,before_work_center_id,调整前工作中心ID,bigint,20,,Y,,,N,Y,pro_work_center_master.work_center_id,N,调整前资源。
P0+,补充核心表,pro_schedule_log,排产调整日志表,9,after_work_center_id,调整后工作中心ID,bigint,20,,Y,,,N,Y,pro_work_center_master.work_center_id,N,调整后资源。
P0+,补充核心表,pro_schedule_log,排产调整日志表,10,adjust_reason,调整原因,varchar,500,,Y,,mes_adjust_reason,N,N,,N,排产调整原因。
P0+,补充核心表,pro_schedule_log,排产调整日志表,11,operator_id,操作人ID,bigint,20,,Y,,,N,Y,pro_person_master.person_id,N,调整操作人。
P0+,补充核心表,pro_schedule_log,排产调整日志表,12,log_time,日志时间,datetime,,,N,CURRENT_TIMESTAMP,,N,N,,N,记录时间。
P0+,补充核心表,pro_schedule_log,排产调整日志表,13,create_by,创建人,varchar,64,,N,,,N,N,,N,审计字段。
P0+,补充核心表,pro_schedule_log,排产调整日志表,14,create_time,创建时间,datetime,,,N,CURRENT_TIMESTAMP,,N,N,,N,审计字段。
P0+,补充核心表,pro_schedule_log,排产调整日志表,15,update_by,更新人,varchar,64,,Y,,,N,N,,N,审计字段。
P0+,补充核心表,pro_schedule_log,排产调整日志表,16,update_time,更新时间,datetime,,,Y,,,N,N,,N,审计字段。
P0+,补充核心表,pro_schedule_log,排产调整日志表,17,del_flag,逻辑删除标识,char,1,,N,'0',sys_del_flag,N,N,,,0存在 2删除
P0+,补充核心表,pro_schedule_log,排产调整日志表,18,remark,备注,varchar,500,,Y,,,N,N,,N,备注说明。
P0+,补充核心表,pro_batch_review,批记录审核流程表,1,review_id,审核ID,bigint,20,,N,,,Y,N,,N,主键。
P0+,补充核心表,pro_batch_review,批记录审核流程表,2,prod_order_id,生产工单ID,bigint,20,,N,,,N,Y,pro_production_order.prod_order_id,N,关联工单。
P0+,补充核心表,pro_batch_review,批记录审核流程表,3,batch_record_no,批记录编号,varchar,64,,N,,,N,N,,Y,电子批记录编号。
P0+,补充核心表,pro_batch_review,批记录审核流程表,4,review_node,审核节点,varchar,64,,N,,mes_batch_review_node,N,N,,N,审核环节。
P0+,补充核心表,pro_batch_review,批记录审核流程表,5,reviewer_id,审核人ID,bigint,20,,Y,,,N,Y,pro_person_master.person_id,N,审核人员。
P0+,补充核心表,pro_batch_review,批记录审核流程表,6,review_status,审核状态,varchar,20,,N,PENDING,mes_review_status,N,N,,N,待审、通过、驳回。
P0+,补充核心表,pro_batch_review,批记录审核流程表,7,review_comment,审核意见,varchar,500,,Y,,,N,N,,N,审核说明。
P0+,补充核心表,pro_batch_review,批记录审核流程表,8,submit_time,提交时间,datetime,,,Y,,,N,N,,N,提交审核时间。
P0+,补充核心表,pro_batch_review,批记录审核流程表,9,review_time,审核时间,datetime,,,Y,,,N,N,,N,实际审核时间。
P0+,补充核心表,pro_batch_review,批记录审核流程表,10,current_flag,是否当前节点,char,1,,N,N,sys_yes_no,N,N,,N,是否当前待处理节点。
P0+,补充核心表,pro_batch_review,批记录审核流程表,11,status,状态,varchar,20,,N,0,sys_normal_disable,N,N,,N,记录状态。
P0+,补充核心表,pro_batch_review,批记录审核流程表,12,create_by,创建人,varchar,64,,N,,,N,N,,N,审计字段。
P0+,补充核心表,pro_batch_review,批记录审核流程表,13,create_time,创建时间,datetime,,,N,CURRENT_TIMESTAMP,,N,N,,N,审计字段。
P0+,补充核心表,pro_batch_review,批记录审核流程表,14,update_by,更新人,varchar,64,,Y,,,N,N,,N,审计字段。
P0+,补充核心表,pro_batch_review,批记录审核流程表,15,update_time,更新时间,datetime,,,Y,,,N,N,,N,审计字段。
P0+,补充核心表,pro_batch_review,批记录审核流程表,16,del_flag,逻辑删除标识,char,1,,N,'0',sys_del_flag,N,N,,,0存在 2删除
P0+,补充核心表,pro_batch_review,批记录审核流程表,17,remark,备注,varchar,500,,Y,,,N,N,,N,备注说明。
P0+,补充核心表,pro_exception_category,异常分类配置表,1,category_id,异常分类ID,bigint,20,,N,,,Y,N,,N,主键。
P0+,补充核心表,pro_exception_category,异常分类配置表,2,parent_id,父级ID,bigint,20,,Y,0,,N,Y,pro_exception_category.category_id,N,支持树形分类。
P0+,补充核心表,pro_exception_category,异常分类配置表,3,category_code,分类编码,varchar,64,,N,,,N,N,,Y,建议唯一。
P0+,补充核心表,pro_exception_category,异常分类配置表,4,category_name,分类名称,varchar,128,,N,,,N,N,,N,异常分类名称。
P0+,补充核心表,pro_exception_category,异常分类配置表,5,category_type,分类类型,varchar,32,,N,,mes_exception_category_type,N,N,,N,设备、工艺、质量等。
P0+,补充核心表,pro_exception_category,异常分类配置表,6,severity_level,严重等级,varchar,20,,N,NORMAL,mes_severity_level,N,N,,N,异常严重程度。
P0+,补充核心表,pro_exception_category,异常分类配置表,7,response_time_limit,响应时限分钟,int,11,,Y,0,,N,N,,N,异常响应时限。
P0+,补充核心表,pro_exception_category,异常分类配置表,8,escalation_flag,是否启用升级,char,1,,N,N,sys_yes_no,N,N,,N,是否需要升级机制。
P0+,补充核心表,pro_exception_category,异常分类配置表,9,status,状态,varchar,20,,N,0,sys_normal_disable,N,N,,N,启用/停用。
P0+,补充核心表,pro_exception_category,异常分类配置表,10,create_by,创建人,varchar,64,,N,,,N,N,,N,审计字段。
P0+,补充核心表,pro_exception_category,异常分类配置表,11,create_time,创建时间,datetime,,,N,CURRENT_TIMESTAMP,,N,N,,N,审计字段。
P0+,补充核心表,pro_exception_category,异常分类配置表,12,update_by,更新人,varchar,64,,Y,,,N,N,,N,审计字段。
P0+,补充核心表,pro_exception_category,异常分类配置表,13,update_time,更新时间,datetime,,,Y,,,N,N,,N,审计字段。
P0+,补充核心表,pro_exception_category,异常分类配置表,14,del_flag,逻辑删除标识,char,1,,N,'0',sys_del_flag,N,N,,,0存在 2删除
P0+,补充核心表,pro_exception_category,异常分类配置表,15,remark,备注,varchar,500,,Y,,,N,N,,N,备注说明。
P0+,补充核心表,pro_exception_escalation,异常升级记录表,1,escalation_id,异常升级ID,bigint,20,,N,,,Y,N,,N,主键。
P0+,补充核心表,pro_exception_escalation,异常升级记录表,2,exception_id,异常记录ID,bigint,20,,N,,,N,Y,pro_exception_record.exception_id,N,关联异常主表。
P0+,补充核心表,pro_exception_escalation,异常升级记录表,3,source_module,来源模块,varchar,64,,Y,,mes_exception_source_module,N,N,,N,兼容字段，优先通过exception_id关联异常主表。
P0+,补充核心表,pro_exception_escalation,异常升级记录表,4,source_biz_id,来源业务ID,bigint,20,,Y,,,N,N,,N,兼容字段，优先通过exception_id关联异常主表。
P0+,补充核心表,pro_exception_escalation,异常升级记录表,5,category_id,异常分类ID,bigint,20,,Y,,,N,Y,pro_exception_category.category_id,N,异常分类。
P0+,补充核心表,pro_exception_escalation,异常升级记录表,6,escalation_level,升级等级,int,11,,N,1,mes_escalation_level,N,N,,N,第几级升级。
P0+,补充核心表,pro_exception_escalation,异常升级记录表,7,from_person_id,升级发起人ID,bigint,20,,Y,,,N,Y,pro_person_master.person_id,N,升级发起人。
P0+,补充核心表,pro_exception_escalation,异常升级记录表,8,to_person_id,升级接收人ID,bigint,20,,Y,,,N,Y,pro_person_master.person_id,N,升级接收人。
P0+,补充核心表,pro_exception_escalation,异常升级记录表,9,escalation_reason,升级原因,varchar,500,,Y,,mes_escalation_reason,N,N,,N,升级原因说明。
P0+,补充核心表,pro_exception_escalation,异常升级记录表,10,escalation_time,升级时间,datetime,,,N,CURRENT_TIMESTAMP,,N,N,,N,升级发生时间。
P0+,补充核心表,pro_exception_escalation,异常升级记录表,11,handle_status,处理状态,varchar,20,,N,PENDING,mes_exception_handle_status,N,N,,N,待处理、处理中、已关闭。
P0+,补充核心表,pro_exception_escalation,异常升级记录表,12,handle_time,处理时间,datetime,,,Y,,,N,N,,N,处理完成时间。
P0+,补充核心表,pro_exception_escalation,异常升级记录表,13,status,状态,varchar,20,,N,0,sys_normal_disable,N,N,,N,记录状态。
P0+,补充核心表,pro_exception_escalation,异常升级记录表,14,create_by,创建人,varchar,64,,N,,,N,N,,N,审计字段。
P0+,补充核心表,pro_exception_escalation,异常升级记录表,15,create_time,创建时间,datetime,,,N,CURRENT_TIMESTAMP,,N,N,,N,审计字段。
P0+,补充核心表,pro_exception_escalation,异常升级记录表,16,update_by,更新人,varchar,64,,Y,,,N,N,,N,审计字段。
P0+,补充核心表,pro_exception_escalation,异常升级记录表,17,update_time,更新时间,datetime,,,Y,,,N,N,,N,审计字段。
P0+,补充核心表,pro_exception_escalation,异常升级记录表,18,del_flag,逻辑删除标识,char,1,,N,'0',sys_del_flag,N,N,,,0存在 2删除
P0+,补充核心表,pro_exception_escalation,异常升级记录表,19,remark,备注,varchar,500,,Y,,,N,N,,N,备注说明。
P0+,补充核心表,pro_wc_equipment,工作中心设备关系表,1,id,ID,bigint,20,,N,,,Y,N,,N,主键。
P0+,补充核心表,pro_wc_equipment,工作中心设备关系表,2,work_center_id,工作中心ID,bigint,20,,N,,,N,Y,pro_work_center_master.work_center_id,Y,工作中心。
P0+,补充核心表,pro_wc_equipment,工作中心设备关系表,3,equipment_id,设备ID,bigint,20,,N,,,N,Y,pro_equipment_master.equipment_id,Y,设备。
P0+,补充核心表,pro_wc_equipment,工作中心设备关系表,4,relation_type,关系类型,varchar,32,,N,PRIMARY,mes_wc_equipment_relation_type,N,N,,N,主设备、可选设备等。
P0+,补充核心表,pro_wc_equipment,工作中心设备关系表,5,primary_flag,是否主设备,char,1,,N,N,sys_yes_no,N,N,,N,是否主设备。
P0+,补充核心表,pro_wc_equipment,工作中心设备关系表,6,effective_from,生效开始时间,datetime,,,Y,,,N,N,,N,关系生效开始。
P0+,补充核心表,pro_wc_equipment,工作中心设备关系表,7,effective_to,生效结束时间,datetime,,,Y,,,N,N,,N,关系生效结束。
P0+,补充核心表,pro_wc_equipment,工作中心设备关系表,8,status,状态,varchar,20,,N,0,sys_normal_disable,N,N,,N,启用/停用。
P0+,补充核心表,pro_wc_equipment,工作中心设备关系表,9,create_by,创建人,varchar,64,,N,,,N,N,,N,审计字段。
P0+,补充核心表,pro_wc_equipment,工作中心设备关系表,10,create_time,创建时间,datetime,,,N,CURRENT_TIMESTAMP,,N,N,,N,审计字段。
P0+,补充核心表,pro_wc_equipment,工作中心设备关系表,11,update_by,更新人,varchar,64,,Y,,,N,N,,N,审计字段。
P0+,补充核心表,pro_wc_equipment,工作中心设备关系表,12,update_time,更新时间,datetime,,,Y,,,N,N,,N,审计字段。
P0+,补充核心表,pro_wc_equipment,工作中心设备关系表,13,del_flag,逻辑删除标识,char,1,,N,'0',sys_del_flag,N,N,,,0存在 2删除
P0+,补充核心表,pro_wc_equipment,工作中心设备关系表,14,remark,备注,varchar,500,,Y,,,N,N,,N,备注说明。
P0+,补充核心表,pro_nc_handling,不合格品处置表,1,handling_id,处置ID,bigint,20,,N,,,Y,N,,N,主键。
P0+,补充核心表,pro_nc_handling,不合格品处置表,2,handling_no,处置单号,varchar,64,,N,,,N,N,,Y,处置单唯一编号。
P0+,补充核心表,pro_nc_handling,不合格品处置表,3,prod_defect_id,生产不良ID,bigint,20,,Y,,,N,Y,pro_production_defect.prod_defect_id,N,关联生产不良。
P0+,补充核心表,pro_nc_handling,不合格品处置表,4,insp_result_id,检验结果ID,bigint,20,,Y,,,N,Y,pro_inspection_result.insp_result_id,N,关联检验结果。
P0+,补充核心表,pro_nc_handling,不合格品处置表,5,prod_order_id,生产工单ID,bigint,20,,Y,,,N,Y,pro_production_order.prod_order_id,N,关联工单。
P0+,补充核心表,pro_nc_handling,不合格品处置表,6,order_op_id,工单工序ID,bigint,20,,Y,,,N,Y,pro_order_operation.order_op_id,N,关联工序。
P0+,补充核心表,pro_nc_handling,不合格品处置表,7,material_id,物料ID,bigint,20,,Y,,,N,Y,pro_material_master.material_id,N,不合格物料。
P0+,补充核心表,pro_nc_handling,不合格品处置表,8,material_lot_id,物料批次ID,bigint,20,,Y,,,N,Y,pro_material_lot.material_lot_id,N,不合格批次。
P0+,补充核心表,pro_nc_handling,不合格品处置表,9,handling_type,处置类型,varchar,32,,N,,mes_nc_handling_type,N,N,,N,返工、报废、让步接收等。
P0+,补充核心表,pro_nc_handling,不合格品处置表,10,handling_result,处置结果,varchar,32,,Y,,mes_nc_handling_result,N,N,,N,处置结论。
P0+,补充核心表,pro_nc_handling,不合格品处置表,11,handling_qty,处置数量,decimal,18,6,N,0,,N,N,,N,处置数量。
P0+,补充核心表,pro_nc_handling,不合格品处置表,12,handler_id,处置人ID,bigint,20,,Y,,,N,Y,pro_person_master.person_id,N,处置人。
P0+,补充核心表,pro_nc_handling,不合格品处置表,13,handling_time,处置时间,datetime,,,Y,,,N,N,,N,实际处置时间。
P0+,补充核心表,pro_nc_handling,不合格品处置表,14,approval_status,审批状态,varchar,20,,N,PENDING,mes_approval_status,N,N,,N,处置审批状态。
P0+,补充核心表,pro_nc_handling,不合格品处置表,15,close_flag,是否关闭,char,1,,N,N,sys_yes_no,N,N,,N,是否闭环。
P0+,补充核心表,pro_nc_handling,不合格品处置表,16,create_by,创建人,varchar,64,,N,,,N,N,,N,审计字段。
P0+,补充核心表,pro_nc_handling,不合格品处置表,17,create_time,创建时间,datetime,,,N,CURRENT_TIMESTAMP,,N,N,,N,审计字段。
P0+,补充核心表,pro_nc_handling,不合格品处置表,18,update_by,更新人,varchar,64,,Y,,,N,N,,N,审计字段。
P0+,补充核心表,pro_nc_handling,不合格品处置表,19,update_time,更新时间,datetime,,,Y,,,N,N,,N,审计字段。
P0+,补充核心表,pro_nc_handling,不合格品处置表,20,del_flag,逻辑删除标识,char,1,,N,'0',sys_del_flag,N,N,,,0存在 2删除
P0+,补充核心表,pro_nc_handling,不合格品处置表,21,remark,备注,varchar,500,,Y,,,N,N,,N,备注说明。
P0+,补充核心表,pro_change_request,工程变更请求表,1,change_id,变更ID,bigint,20,,N,,,Y,N,,N,主键。
P0+,补充核心表,pro_change_request,工程变更请求表,2,change_no,变更单号,varchar,64,,N,,,N,N,,Y,变更单唯一编号。
P0+,补充核心表,pro_change_request,工程变更请求表,3,change_type,变更类型,varchar,32,,N,,mes_change_type,N,N,,N,BOM、工艺、物料等。
P0+,补充核心表,pro_change_request,工程变更请求表,4,change_title,变更标题,varchar,200,,N,,,N,N,,N,变更标题。
P0+,补充核心表,pro_change_request,工程变更请求表,5,change_desc,变更说明,varchar,1000,,Y,,,N,N,,N,变更内容说明。
P0+,补充核心表,pro_change_request,工程变更请求表,6,affected_object_type,受影响对象类型,varchar,32,,N,,mes_change_object_type,N,N,,N,BOM、工艺、工序等。
P0+,补充核心表,pro_change_request,工程变更请求表,7,affected_object_id,受影响对象ID,bigint,20,,Y,,,N,N,,N,受影响业务对象主键。
P0+,补充核心表,pro_change_request,工程变更请求表,8,source_module,来源模块,varchar,64,,Y,,mes_change_source_module,N,N,,N,变更来源模块。
P0+,补充核心表,pro_change_request,工程变更请求表,9,request_person_id,申请人ID,bigint,20,,Y,,,N,Y,pro_person_master.person_id,N,变更申请人。
P0+,补充核心表,pro_change_request,工程变更请求表,10,request_time,申请时间,datetime,,,N,CURRENT_TIMESTAMP,,N,N,,N,申请时间。
P0+,补充核心表,pro_change_request,工程变更请求表,11,approval_status,审批状态,varchar,20,,N,PENDING,mes_approval_status,N,N,,N,审批状态。
P0+,补充核心表,pro_change_request,工程变更请求表,12,change_status,变更状态,varchar,20,,N,DRAFT,mes_change_status,N,N,,N,草稿、审批中、生效、关闭等。
P0+,补充核心表,pro_change_request,工程变更请求表,13,effective_time,生效时间,datetime,,,Y,,,N,N,,N,变更生效时间。
P0+,补充核心表,pro_change_request,工程变更请求表,14,create_by,创建人,varchar,64,,N,,,N,N,,N,审计字段。
P0+,补充核心表,pro_change_request,工程变更请求表,15,create_time,创建时间,datetime,,,N,CURRENT_TIMESTAMP,,N,N,,N,审计字段。
P0+,补充核心表,pro_change_request,工程变更请求表,16,update_by,更新人,varchar,64,,Y,,,N,N,,N,审计字段。
P0+,补充核心表,pro_change_request,工程变更请求表,17,update_time,更新时间,datetime,,,Y,,,N,N,,N,审计字段。
P0+,补充核心表,pro_change_request,工程变更请求表,18,del_flag,逻辑删除标识,char,1,,N,'0',sys_del_flag,N,N,,,0存在 2删除
P0+,补充核心表,pro_change_request,工程变更请求表,19,remark,备注,varchar,500,,Y,,,N,N,,N,备注说明。
P0+,补充核心表,pro_exception_record,异常记录主表,1,exception_id,异常记录ID,bigint,20,,N,,,Y,N,,N,主键，建议使用雪花ID或数据库统一ID生成策略。
P0+,补充核心表,pro_exception_record,异常记录主表,2,exception_no,异常单号,varchar,64,,N,,,N,N,,Y,异常记录唯一编号。
P0+,补充核心表,pro_exception_record,异常记录主表,3,source_module,来源模块,varchar,64,,N,,mes_exception_source_module,N,N,,N,异常来源模块。
P0+,补充核心表,pro_exception_record,异常记录主表,4,source_biz_id,来源业务ID,bigint,20,,Y,,,N,N,,N,兼容字段，记录来源业务主键；优先使用明确业务外键。
P0+,补充核心表,pro_exception_record,异常记录主表,5,category_id,异常分类ID,bigint,20,,Y,,,N,Y,pro_exception_category.category_id,N,异常分类。
P0+,补充核心表,pro_exception_record,异常记录主表,6,prod_order_id,生产工单ID,bigint,20,,Y,,,N,Y,pro_production_order.prod_order_id,N,关联工单。
P0+,补充核心表,pro_exception_record,异常记录主表,7,order_op_id,工单工序ID,bigint,20,,Y,,,N,Y,pro_order_operation.order_op_id,N,关联工单工序。
P0+,补充核心表,pro_exception_record,异常记录主表,8,op_exec_id,工序执行ID,bigint,20,,Y,,,N,Y,pro_operation_execution.op_exec_id,N,关联执行实例。
P0+,补充核心表,pro_exception_record,异常记录主表,9,exception_title,异常标题,varchar,200,,N,,,N,N,,N,异常标题。
P0+,补充核心表,pro_exception_record,异常记录主表,10,exception_desc,异常描述,varchar,1000,,Y,,,N,N,,N,异常描述。
P0+,补充核心表,pro_exception_record,异常记录主表,11,severity_level,严重等级,varchar,20,,N,NORMAL,mes_severity_level,N,N,,N,异常严重程度。
P0+,补充核心表,pro_exception_record,异常记录主表,12,exception_status,异常状态,varchar,20,,N,OPEN,mes_exception_status,N,N,,N,打开、处理中、已关闭。
P0+,补充核心表,pro_exception_record,异常记录主表,13,found_person_id,发现人ID,bigint,20,,Y,,,N,Y,pro_person_master.person_id,N,异常发现人。
P0+,补充核心表,pro_exception_record,异常记录主表,14,found_time,发现时间,datetime,,,N,CURRENT_TIMESTAMP,,N,N,,N,异常发现时间。
P0+,补充核心表,pro_exception_record,异常记录主表,15,closed_person_id,关闭人ID,bigint,20,,Y,,,N,Y,pro_person_master.person_id,N,异常关闭人。
P0+,补充核心表,pro_exception_record,异常记录主表,16,closed_time,关闭时间,datetime,,,Y,,,N,N,,N,异常关闭时间。
P0+,补充核心表,pro_exception_record,异常记录主表,17,create_by,创建人,varchar,64,,N,,,N,N,,N,审计字段。
P0+,补充核心表,pro_exception_record,异常记录主表,18,create_time,创建时间,datetime,,,N,CURRENT_TIMESTAMP,,N,N,,N,审计字段。
P0+,补充核心表,pro_exception_record,异常记录主表,19,update_by,更新人,varchar,64,,Y,,,N,N,,N,审计字段。
P0+,补充核心表,pro_exception_record,异常记录主表,20,update_time,更新时间,datetime,,,Y,,,N,N,,N,审计字段。
P0+,补充核心表,pro_exception_record,异常记录主表,21,del_flag,逻辑删除标识,char,1,,N,'0',sys_del_flag,N,N,,N,0存在 2删除。
P0+,补充核心表,pro_exception_record,异常记录主表,22,remark,备注,varchar,500,,Y,,,N,N,,N,备注说明。
