"priority_code","priority_name","table_name","table_comment","field_order","field_name","field_comment","data_type","length","scale","nullable","default_value","dict_code","primary_key","foreign_key","foreign_key_ref","unique_key_part","remark"
"P0","核心运行层","pro_plant_master","工厂主数据表","1","plant_id","工厂ID","bigint","20","","N","","","Y","N","","N","主键，建议使用雪花ID或数据库统一ID生成策略。"
"P0","核心运行层","pro_plant_master","工厂主数据表","2","plant_code","工厂编码","varchar","64","","N","","","N","N","","Y","基础版字段定义，后续可按数据库规范细化。"
"P0","核心运行层","pro_plant_master","工厂主数据表","3","plant_name","工厂名称","varchar","128","","N","","","N","N","","N","基础版字段定义，后续可按数据库规范细化。"
"P0","核心运行层","pro_plant_master","工厂主数据表","4","plant_type","工厂类型","varchar","32","","Y","","type_dict","N","N","","N","基础版字段定义，后续可按数据库规范细化。"
"P0","核心运行层","pro_plant_master","工厂主数据表","5","address","地址","varchar","500","","Y","","","N","N","","N","基础版字段定义，后续可按数据库规范细化。"
"P0","核心运行层","pro_plant_master","工厂主数据表","6","status","状态","varchar","20","","N","0","status_dict","N","N","","N","基础版字段定义，后续可按数据库规范细化。"
"P0","核心运行层","pro_plant_master","工厂主数据表","7","sort_no","排序号","integer","11","","N","0","","N","N","","N","基础版字段定义，后续可按数据库规范细化。 PostgreSQL适配：由 int 调整为 integer。"
"P0","核心运行层","pro_plant_master","工厂主数据表","8","create_by","创建人","varchar","64","","N","","","N","N","","N","基础版字段定义，后续可按数据库规范细化。"
"P0","核心运行层","pro_plant_master","工厂主数据表","9","create_time","创建时间","timestamp","","","N","","","N","N","","N","基础版字段定义，后续可按数据库规范细化。 PostgreSQL适配：由 datetime 调整为 timestamp。"
"P0","核心运行层","pro_plant_master","工厂主数据表","10","update_by","更新人","varchar","64","","Y","","","N","N","","N","基础版字段定义，后续可按数据库规范细化。"
"P0","核心运行层","pro_plant_master","工厂主数据表","11","update_time","更新时间","timestamp","","","Y","","","N","N","","N","基础版字段定义，后续可按数据库规范细化。 PostgreSQL适配：由 datetime 调整为 timestamp。"
"P0","核心运行层","pro_plant_master","工厂主数据表","12","del_flag","逻辑删除标识","char","1","","N","'0'","sys_del_flag","N","N","","","0存在 2删除"
"P0","核心运行层","pro_plant_master","工厂主数据表","13","remark","备注","varchar","500","","Y","","","N","N","","N","基础版字段定义，后续可按数据库规范细化。"
"P0","核心运行层","pro_workshop_master","车间主数据表","1","workshop_id","车间ID","bigint","20","","N","","","Y","N","","N","主键，建议使用雪花ID或数据库统一ID生成策略。"
"P0","核心运行层","pro_workshop_master","车间主数据表","2","plant_id","工厂ID","bigint","20","","N","","","N","Y","pro_plant_master.plant_id","Y","基础版字段定义，后续可按数据库规范细化。"
"P0","核心运行层","pro_workshop_master","车间主数据表","3","workshop_code","车间编码","varchar","64","","N","","","N","N","","Y","基础版字段定义，后续可按数据库规范细化。"
"P0","核心运行层","pro_workshop_master","车间主数据表","4","workshop_name","车间名称","varchar","128","","N","","","N","N","","N","基础版字段定义，后续可按数据库规范细化。"
"P0","核心运行层","pro_workshop_master","车间主数据表","5","workshop_type","车间类型","varchar","32","","Y","","type_dict","N","N","","N","基础版字段定义，后续可按数据库规范细化。"
"P0","核心运行层","pro_workshop_master","车间主数据表","6","status","状态","varchar","20","","N","0","status_dict","N","N","","N","基础版字段定义，后续可按数据库规范细化。"
"P0","核心运行层","pro_workshop_master","车间主数据表","7","sort_no","排序号","integer","11","","N","0","","N","N","","N","基础版字段定义，后续可按数据库规范细化。 PostgreSQL适配：由 int 调整为 integer。"
"P0","核心运行层","pro_workshop_master","车间主数据表","8","create_by","创建人","varchar","64","","N","","","N","N","","N","基础版字段定义，后续可按数据库规范细化。"
"P0","核心运行层","pro_workshop_master","车间主数据表","9","create_time","创建时间","timestamp","","","N","","","N","N","","N","基础版字段定义，后续可按数据库规范细化。 PostgreSQL适配：由 datetime 调整为 timestamp。"
"P0","核心运行层","pro_workshop_master","车间主数据表","10","update_by","更新人","varchar","64","","Y","","","N","N","","N","基础版字段定义，后续可按数据库规范细化。"
"P0","核心运行层","pro_workshop_master","车间主数据表","11","update_time","更新时间","timestamp","","","Y","","","N","N","","N","基础版字段定义，后续可按数据库规范细化。 PostgreSQL适配：由 datetime 调整为 timestamp。"
"P0","核心运行层","pro_workshop_master","车间主数据表","12","del_flag","逻辑删除标识","char","1","","N","'0'","sys_del_flag","N","N","","","0存在 2删除"
"P0","核心运行层","pro_workshop_master","车间主数据表","13","remark","备注","varchar","500","","Y","","","N","N","","N","基础版字段定义，后续可按数据库规范细化。"
"P0","核心运行层","pro_production_line_master","产线主数据表","1","line_id","产线ID","bigint","20","","N","","","Y","N","","N","主键，建议使用雪花ID或数据库统一ID生成策略。"
"P0","核心运行层","pro_production_line_master","产线主数据表","2","plant_id","工厂ID","bigint","20","","N","","","N","Y","pro_plant_master.plant_id","N","基础版字段定义，后续可按数据库规范细化。"
"P0","核心运行层","pro_production_line_master","产线主数据表","3","workshop_id","车间ID","bigint","20","","N","","","N","Y","pro_workshop_master.workshop_id","Y","基础版字段定义，后续可按数据库规范细化。"
"P0","核心运行层","pro_production_line_master","产线主数据表","4","line_code","产线编码","varchar","64","","N","","","N","N","","Y","基础版字段定义，后续可按数据库规范细化。"
"P0","核心运行层","pro_production_line_master","产线主数据表","5","line_name","产线名称","varchar","128","","N","","","N","N","","N","基础版字段定义，后续可按数据库规范细化。"
"P0","核心运行层","pro_production_line_master","产线主数据表","6","line_type","产线类型","varchar","32","","Y","","type_dict","N","N","","N","基础版字段定义，后续可按数据库规范细化。"
"P0","核心运行层","pro_production_line_master","产线主数据表","7","status","状态","varchar","20","","N","0","status_dict","N","N","","N","基础版字段定义，后续可按数据库规范细化。"
"P0","核心运行层","pro_production_line_master","产线主数据表","8","sort_no","排序号","integer","11","","N","0","","N","N","","N","基础版字段定义，后续可按数据库规范细化。 PostgreSQL适配：由 int 调整为 integer。"
"P0","核心运行层","pro_production_line_master","产线主数据表","9","create_by","创建人","varchar","64","","N","","","N","N","","N","基础版字段定义，后续可按数据库规范细化。"
"P0","核心运行层","pro_production_line_master","产线主数据表","10","create_time","创建时间","timestamp","","","N","","","N","N","","N","基础版字段定义，后续可按数据库规范细化。 PostgreSQL适配：由 datetime 调整为 timestamp。"
"P0","核心运行层","pro_production_line_master","产线主数据表","11","update_by","更新人","varchar","64","","Y","","","N","N","","N","基础版字段定义，后续可按数据库规范细化。"
"P0","核心运行层","pro_production_line_master","产线主数据表","12","update_time","更新时间","timestamp","","","Y","","","N","N","","N","基础版字段定义，后续可按数据库规范细化。 PostgreSQL适配：由 datetime 调整为 timestamp。"
"P0","核心运行层","pro_production_line_master","产线主数据表","13","del_flag","逻辑删除标识","char","1","","N","'0'","sys_del_flag","N","N","","","0存在 2删除"
"P0","核心运行层","pro_production_line_master","产线主数据表","14","remark","备注","varchar","500","","Y","","","N","N","","N","基础版字段定义，后续可按数据库规范细化。"
"P0","核心运行层","pro_work_center_master","工作中心主数据表","1","work_center_id","工作中心ID","bigint","20","","N","","","Y","N","","N","主键，建议使用雪花ID或数据库统一ID生成策略。"
"P0","核心运行层","pro_work_center_master","工作中心主数据表","2","plant_id","工厂ID","bigint","20","","N","","","N","Y","pro_plant_master.plant_id","Y","基础版字段定义，后续可按数据库规范细化。"
"P0","核心运行层","pro_work_center_master","工作中心主数据表","3","workshop_id","车间ID","bigint","20","","N","","","N","Y","pro_workshop_master.workshop_id","N","基础版字段定义，后续可按数据库规范细化。"
"P0","核心运行层","pro_work_center_master","工作中心主数据表","4","line_id","产线ID","bigint","20","","N","","","N","Y","pro_production_line_master.line_id","N","基础版字段定义，后续可按数据库规范细化。"
"P0","核心运行层","pro_work_center_master","工作中心主数据表","5","work_center_code","工作中心编码","varchar","64","","N","","","N","N","","Y","基础版字段定义，后续可按数据库规范细化。"
"P0","核心运行层","pro_work_center_master","工作中心主数据表","6","work_center_name","工作中心名称","varchar","128","","N","","","N","N","","N","基础版字段定义，后续可按数据库规范细化。"
"P0","核心运行层","pro_work_center_master","工作中心主数据表","7","work_center_type","工作中心类型","varchar","32","","Y","","type_dict","N","N","","N","基础版字段定义，后续可按数据库规范细化。"
"P0","核心运行层","pro_work_center_master","工作中心主数据表","8","capacity_unit","产能单位","varchar","64","","Y","","","N","N","","N","基础版字段定义，后续可按数据库规范细化。"
"P0","核心运行层","pro_work_center_master","工作中心主数据表","9","status","状态","varchar","20","","N","0","status_dict","N","N","","N","基础版字段定义，后续可按数据库规范细化。"
"P0","核心运行层","pro_work_center_master","工作中心主数据表","10","create_by","创建人","varchar","64","","N","","","N","N","","N","基础版字段定义，后续可按数据库规范细化。"
"P0","核心运行层","pro_work_center_master","工作中心主数据表","11","create_time","创建时间","timestamp","","","N","","","N","N","","N","基础版字段定义，后续可按数据库规范细化。 PostgreSQL适配：由 datetime 调整为 timestamp。"
"P0","核心运行层","pro_work_center_master","工作中心主数据表","12","update_by","更新人","varchar","64","","Y","","","N","N","","N","基础版字段定义，后续可按数据库规范细化。"
"P0","核心运行层","pro_work_center_master","工作中心主数据表","13","update_time","更新时间","timestamp","","","Y","","","N","N","","N","基础版字段定义，后续可按数据库规范细化。 PostgreSQL适配：由 datetime 调整为 timestamp。"
"P0","核心运行层","pro_work_center_master","工作中心主数据表","14","del_flag","逻辑删除标识","char","1","","N","'0'","sys_del_flag","N","N","","","0存在 2删除"
"P0","核心运行层","pro_work_center_master","工作中心主数据表","15","remark","备注","varchar","500","","Y","","","N","N","","N","基础版字段定义，后续可按数据库规范细化。"
"P0","核心运行层","pro_material_master","物料主数据表","1","material_id","物料ID","bigint","20","","N","","","Y","N","","N","主键，建议使用雪花ID或数据库统一ID生成策略。"
"P0","核心运行层","pro_material_master","物料主数据表","2","material_code","物料编码","varchar","64","","N","","","N","N","","Y","基础版字段定义，后续可按数据库规范细化。"
"P0","核心运行层","pro_material_master","物料主数据表","3","material_name","物料名称","varchar","128","","N","","","N","N","","N","基础版字段定义，后续可按数据库规范细化。"
"P0","核心运行层","pro_material_master","物料主数据表","4","material_type","物料类型","varchar","32","","Y","","mes_material_type","N","N","","N","基础版字段定义，后续可按数据库规范细化。"
"P0","核心运行层","pro_material_master","物料主数据表","5","spec_model","规格型号","varchar","64","","Y","","","N","N","","N","基础版字段定义，后续可按数据库规范细化。"
"P0","核心运行层","pro_material_master","物料主数据表","6","base_uom","基本单位","varchar","20","","Y","","mes_uom","N","N","","N","基础版字段定义，后续可按数据库规范细化。"
"P0","核心运行层","pro_material_master","物料主数据表","7","batch_managed_flag","是否批次管理","char","1","","N","N","sys_yes_no","N","N","","N","基础版字段定义，后续可按数据库规范细化。"
"P0","核心运行层","pro_material_master","物料主数据表","8","serial_managed_flag","是否序列号管理","char","1","","N","N","sys_yes_no","N","N","","N","基础版字段定义，后续可按数据库规范细化。"
"P0","核心运行层","pro_material_master","物料主数据表","9","status","状态","varchar","20","","N","0","status_dict","N","N","","N","基础版字段定义，后续可按数据库规范细化。"
"P0","核心运行层","pro_material_master","物料主数据表","10","create_by","创建人","varchar","64","","N","","","N","N","","N","基础版字段定义，后续可按数据库规范细化。"
"P0","核心运行层","pro_material_master","物料主数据表","11","create_time","创建时间","timestamp","","","N","","","N","N","","N","基础版字段定义，后续可按数据库规范细化。 PostgreSQL适配：由 datetime 调整为 timestamp。"
"P0","核心运行层","pro_material_master","物料主数据表","12","update_by","更新人","varchar","64","","Y","","","N","N","","N","基础版字段定义，后续可按数据库规范细化。"
"P0","核心运行层","pro_material_master","物料主数据表","13","update_time","更新时间","timestamp","","","Y","","","N","N","","N","基础版字段定义，后续可按数据库规范细化。 PostgreSQL适配：由 datetime 调整为 timestamp。"
"P0","核心运行层","pro_material_master","物料主数据表","14","del_flag","逻辑删除标识","char","1","","N","'0'","sys_del_flag","N","N","","","0存在 2删除"
"P0","核心运行层","pro_material_master","物料主数据表","15","remark","备注","varchar","500","","Y","","","N","N","","N","基础版字段定义，后续可按数据库规范细化。"
"P0","核心运行层","pro_bom_header","BOM头表","1","bom_id","BOM ID","bigint","20","","N","","","Y","N","","N","主键，建议使用雪花ID或数据库统一ID生成策略。"
"P0","核心运行层","pro_bom_header","BOM头表","2","plant_id","工厂ID","bigint","20","","N","","","N","Y","pro_plant_master.plant_id","Y","基础版字段定义，后续可按数据库规范细化。"
"P0","核心运行层","pro_bom_header","BOM头表","3","material_id","物料ID","bigint","20","","N","","","N","Y","pro_material_master.material_id","Y","基础版字段定义，后续可按数据库规范细化。"
"P0","核心运行层","pro_bom_header","BOM头表","4","bom_code","BOM编码","varchar","64","","N","","","N","N","","Y","基础版字段定义，后续可按数据库规范细化。"
"P0","核心运行层","pro_bom_header","BOM头表","5","bom_version","BOM版本","varchar","32","","N","","","N","N","","Y","基础版字段定义，后续可按数据库规范细化。"
"P0","核心运行层","pro_bom_header","BOM头表","6","bom_usage","BOM用途","varchar","64","","Y","","mes_bom_usage","N","N","","Y","基础版字段定义，后续可按数据库规范细化。"
"P0","核心运行层","pro_bom_header","BOM头表","7","effective_from","生效开始时间","timestamp","","","Y","","","N","N","","N","基础版字段定义，后续可按数据库规范细化。 PostgreSQL适配：由 datetime 调整为 timestamp。"
"P0","核心运行层","pro_bom_header","BOM头表","8","effective_to","生效结束时间","timestamp","","","Y","","","N","N","","N","基础版字段定义，后续可按数据库规范细化。 PostgreSQL适配：由 datetime 调整为 timestamp。"
"P0","核心运行层","pro_bom_header","BOM头表","9","bom_status","BOM状态","varchar","20","","N","0","status_dict","N","N","","N","基础版字段定义，后续可按数据库规范细化。"
"P0","核心运行层","pro_bom_header","BOM头表","10","base_qty","基准数量","numeric","18","6","N","0","","N","N","","N","基础版字段定义，后续可按数据库规范细化。 PostgreSQL适配：由 decimal 调整为 numeric。"
"P0","核心运行层","pro_bom_header","BOM头表","11","base_uom","基本单位","varchar","20","","Y","","mes_uom","N","N","","N","基础版字段定义，后续可按数据库规范细化。"
"P0","核心运行层","pro_bom_header","BOM头表","12","create_by","创建人","varchar","64","","N","","","N","N","","N","基础版字段定义，后续可按数据库规范细化。"
"P0","核心运行层","pro_bom_header","BOM头表","13","create_time","创建时间","timestamp","","","N","","","N","N","","N","基础版字段定义，后续可按数据库规范细化。 PostgreSQL适配：由 datetime 调整为 timestamp。"
"P0","核心运行层","pro_bom_header","BOM头表","14","update_by","更新人","varchar","64","","Y","","","N","N","","N","基础版字段定义，后续可按数据库规范细化。"
"P0","核心运行层","pro_bom_header","BOM头表","15","update_time","更新时间","timestamp","","","Y","","","N","N","","N","基础版字段定义，后续可按数据库规范细化。 PostgreSQL适配：由 datetime 调整为 timestamp。"
"P0","核心运行层","pro_bom_header","BOM头表","16","del_flag","逻辑删除标识","char","1","","N","'0'","sys_del_flag","N","N","","","0存在 2删除"
"P0","核心运行层","pro_bom_header","BOM头表","17","remark","备注","varchar","500","","Y","","","N","N","","N","基础版字段定义，后续可按数据库规范细化。"
"P0","核心运行层","pro_bom_item","BOM明细表","1","bom_item_id","BOM明细ID","bigint","20","","N","","","Y","N","","N","主键，建议使用雪花ID或数据库统一ID生成策略。"
"P0","核心运行层","pro_bom_item","BOM明细表","2","bom_id","BOM ID","bigint","20","","N","","","N","Y","pro_bom_header.bom_id","Y","基础版字段定义，后续可按数据库规范细化。"
"P0","核心运行层","pro_bom_item","BOM明细表","3","item_no","项目号","varchar","64","","N","","","N","N","","Y","基础版字段定义，后续可按数据库规范细化。"
"P0","核心运行层","pro_bom_item","BOM明细表","4","component_material_id","组件物料ID","bigint","20","","N","","","N","Y","pro_material_master.material_id","N","基础版字段定义，后续可按数据库规范细化。"
"P0","核心运行层","pro_bom_item","BOM明细表","5","component_qty","组件数量","numeric","18","6","N","0","","N","N","","N","基础版字段定义，后续可按数据库规范细化。 PostgreSQL适配：由 decimal 调整为 numeric。"
"P0","核心运行层","pro_bom_item","BOM明细表","6","component_uom","组件单位","varchar","20","","Y","","mes_uom","N","N","","N","基础版字段定义，后续可按数据库规范细化。"
"P0","核心运行层","pro_bom_item","BOM明细表","7","scrap_rate","损耗率","numeric","18","6","Y","","","N","N","","N","基础版字段定义，后续可按数据库规范细化。 PostgreSQL适配：由 decimal 调整为 numeric。"
"P0","核心运行层","pro_bom_item","BOM明细表","8","item_type","项目类型","varchar","32","","Y","","type_dict","N","N","","N","基础版字段定义，后续可按数据库规范细化。"
"P0","核心运行层","pro_bom_item","BOM明细表","9","effective_from","生效开始时间","timestamp","","","Y","","","N","N","","N","基础版字段定义，后续可按数据库规范细化。 PostgreSQL适配：由 datetime 调整为 timestamp。"
"P0","核心运行层","pro_bom_item","BOM明细表","10","effective_to","生效结束时间","timestamp","","","Y","","","N","N","","N","基础版字段定义，后续可按数据库规范细化。 PostgreSQL适配：由 datetime 调整为 timestamp。"
"P0","核心运行层","pro_bom_item","BOM明细表","11","item_status","项目状态","varchar","20","","N","0","status_dict","N","N","","N","基础版字段定义，后续可按数据库规范细化。"
"P0","核心运行层","pro_bom_item","BOM明细表","12","create_by","创建人","varchar","64","","N","","","N","N","","N","基础版字段定义，后续可按数据库规范细化。"
"P0","核心运行层","pro_bom_item","BOM明细表","13","create_time","创建时间","timestamp","","","N","","","N","N","","N","基础版字段定义，后续可按数据库规范细化。 PostgreSQL适配：由 datetime 调整为 timestamp。"
"P0","核心运行层","pro_bom_item","BOM明细表","14","update_by","更新人","varchar","64","","Y","","","N","N","","N","基础版字段定义，后续可按数据库规范细化。"
"P0","核心运行层","pro_bom_item","BOM明细表","15","update_time","更新时间","timestamp","","","Y","","","N","N","","N","基础版字段定义，后续可按数据库规范细化。 PostgreSQL适配：由 datetime 调整为 timestamp。"
"P0","核心运行层","pro_bom_item","BOM明细表","16","del_flag","逻辑删除标识","char","1","","N","'0'","sys_del_flag","N","N","","","0存在 2删除"
"P0","核心运行层","pro_bom_item","BOM明细表","17","remark","备注","varchar","500","","Y","","","N","N","","N","基础版字段定义，后续可按数据库规范细化。"
"P0","核心运行层","pro_bom_item_operation_map","BOM行项目工序映射表","1","bom_item_op_map_id","BOM工序映射ID","bigint","20","","N","","","Y","N","","N","主键，建议使用雪花ID或数据库统一ID生成策略。"
"P0","核心运行层","pro_bom_item_operation_map","BOM行项目工序映射表","2","bom_item_id","BOM明细ID","bigint","20","","N","","","N","Y","pro_bom_item.bom_item_id","Y","基础版字段定义，后续可按数据库规范细化。"
"P0","核心运行层","pro_bom_item_operation_map","BOM行项目工序映射表","3","operation_id","工序ID","bigint","20","","N","","","N","Y","pro_routing_operation.operation_id","Y","基础版字段定义，后续可按数据库规范细化。"
"P0","核心运行层","pro_bom_item_operation_map","BOM行项目工序映射表","4","issue_method","发料方式","varchar","64","","Y","","","N","N","","N","基础版字段定义，后续可按数据库规范细化。"
"P0","核心运行层","pro_bom_item_operation_map","BOM行项目工序映射表","5","issue_qty","发料数量","numeric","18","6","N","0","","N","N","","N","基础版字段定义，后续可按数据库规范细化。 PostgreSQL适配：由 decimal 调整为 numeric。"
"P0","核心运行层","pro_bom_item_operation_map","BOM行项目工序映射表","6","issue_uom","发料单位","varchar","20","","Y","","mes_uom","N","N","","N","基础版字段定义，后续可按数据库规范细化。"
"P0","核心运行层","pro_bom_item_operation_map","BOM行项目工序映射表","7","backflush_flag","是否倒冲","char","1","","N","N","sys_yes_no","N","N","","N","基础版字段定义，后续可按数据库规范细化。"
"P0","核心运行层","pro_bom_item_operation_map","BOM行项目工序映射表","8","mandatory_flag","是否必需","char","1","","N","N","sys_yes_no","N","N","","N","基础版字段定义，后续可按数据库规范细化。"
"P0","核心运行层","pro_bom_item_operation_map","BOM行项目工序映射表","9","status","状态","varchar","20","","N","0","status_dict","N","N","","N","基础版字段定义，后续可按数据库规范细化。"
"P0","核心运行层","pro_bom_item_operation_map","BOM行项目工序映射表","10","create_by","创建人","varchar","64","","N","","","N","N","","N","基础版字段定义，后续可按数据库规范细化。"
"P0","核心运行层","pro_bom_item_operation_map","BOM行项目工序映射表","11","create_time","创建时间","timestamp","","","N","","","N","N","","N","基础版字段定义，后续可按数据库规范细化。 PostgreSQL适配：由 datetime 调整为 timestamp。"
"P0","核心运行层","pro_bom_item_operation_map","BOM行项目工序映射表","12","update_by","更新人","varchar","64","","Y","","","N","N","","N","基础版字段定义，后续可按数据库规范细化。"
"P0","核心运行层","pro_bom_item_operation_map","BOM行项目工序映射表","13","update_time","更新时间","timestamp","","","Y","","","N","N","","N","基础版字段定义，后续可按数据库规范细化。 PostgreSQL适配：由 datetime 调整为 timestamp。"
"P0","核心运行层","pro_bom_item_operation_map","BOM行项目工序映射表","14","del_flag","逻辑删除标识","char","1","","N","'0'","sys_del_flag","N","N","","","0存在 2删除"
"P0","核心运行层","pro_bom_item_operation_map","BOM行项目工序映射表","15","remark","备注","varchar","500","","Y","","","N","N","","N","基础版字段定义，后续可按数据库规范细化。"
"P0","核心运行层","pro_routing_header","工艺路线头表","1","routing_id","工艺路线ID","bigint","20","","N","","","Y","N","","N","主键，建议使用雪花ID或数据库统一ID生成策略。"
"P0","核心运行层","pro_routing_header","工艺路线头表","2","plant_id","工厂ID","bigint","20","","N","","","N","Y","pro_plant_master.plant_id","Y","基础版字段定义，后续可按数据库规范细化。"
"P0","核心运行层","pro_routing_header","工艺路线头表","3","material_id","物料ID","bigint","20","","N","","","N","Y","pro_material_master.material_id","Y","基础版字段定义，后续可按数据库规范细化。"
"P0","核心运行层","pro_routing_header","工艺路线头表","4","routing_code","工艺路线编码","varchar","64","","N","","","N","N","","Y","基础版字段定义，后续可按数据库规范细化。"
"P0","核心运行层","pro_routing_header","工艺路线头表","5","routing_version","工艺路线版本","varchar","32","","N","","","N","N","","Y","基础版字段定义，后续可按数据库规范细化。"
"P0","核心运行层","pro_routing_header","工艺路线头表","6","routing_type","工艺路线类型","varchar","32","","Y","","type_dict","N","N","","N","基础版字段定义，后续可按数据库规范细化。"
"P0","核心运行层","pro_routing_header","工艺路线头表","7","effective_from","生效开始时间","timestamp","","","Y","","","N","N","","N","基础版字段定义，后续可按数据库规范细化。 PostgreSQL适配：由 datetime 调整为 timestamp。"
"P0","核心运行层","pro_routing_header","工艺路线头表","8","effective_to","生效结束时间","timestamp","","","Y","","","N","N","","N","基础版字段定义，后续可按数据库规范细化。 PostgreSQL适配：由 datetime 调整为 timestamp。"
"P0","核心运行层","pro_routing_header","工艺路线头表","9","routing_status","工艺路线状态","varchar","20","","N","0","status_dict","N","N","","N","基础版字段定义，后续可按数据库规范细化。"
"P0","核心运行层","pro_routing_header","工艺路线头表","10","create_by","创建人","varchar","64","","N","","","N","N","","N","基础版字段定义，后续可按数据库规范细化。"
"P0","核心运行层","pro_routing_header","工艺路线头表","11","create_time","创建时间","timestamp","","","N","","","N","N","","N","基础版字段定义，后续可按数据库规范细化。 PostgreSQL适配：由 datetime 调整为 timestamp。"
"P0","核心运行层","pro_routing_header","工艺路线头表","12","update_by","更新人","varchar","64","","Y","","","N","N","","N","基础版字段定义，后续可按数据库规范细化。"
"P0","核心运行层","pro_routing_header","工艺路线头表","13","update_time","更新时间","timestamp","","","Y","","","N","N","","N","基础版字段定义，后续可按数据库规范细化。 PostgreSQL适配：由 datetime 调整为 timestamp。"
"P0","核心运行层","pro_routing_header","工艺路线头表","14","del_flag","逻辑删除标识","char","1","","N","'0'","sys_del_flag","N","N","","","0存在 2删除"
"P0","核心运行层","pro_routing_header","工艺路线头表","15","remark","备注","varchar","500","","Y","","","N","N","","N","基础版字段定义，后续可按数据库规范细化。"
"P0","核心运行层","pro_routing_operation","工艺工序表","1","operation_id","工序ID","bigint","20","","N","","","Y","N","","N","主键，建议使用雪花ID或数据库统一ID生成策略。"
"P0","核心运行层","pro_routing_operation","工艺工序表","2","routing_id","工艺路线ID","bigint","20","","N","","","N","Y","pro_routing_header.routing_id","Y","基础版字段定义，后续可按数据库规范细化。"
"P0","核心运行层","pro_routing_operation","工艺工序表","3","operation_no","工序号","varchar","64","","N","","","N","N","","Y","基础版字段定义，后续可按数据库规范细化。"
"P0","核心运行层","pro_routing_operation","工艺工序表","4","operation_code","工序编码","varchar","64","","N","","","N","N","","N","基础版字段定义，后续可按数据库规范细化。"
"P0","核心运行层","pro_routing_operation","工艺工序表","5","operation_name","工序名称","varchar","128","","N","","","N","N","","N","基础版字段定义，后续可按数据库规范细化。"
"P0","核心运行层","pro_routing_operation","工艺工序表","6","work_center_id","工作中心ID","bigint","20","","N","","","N","Y","pro_work_center_master.work_center_id","N","基础版字段定义，后续可按数据库规范细化。"
"P0","核心运行层","pro_routing_operation","工艺工序表","7","standard_time","标准工时","numeric","18","2","Y","0","","N","N","","N","基础版字段定义，后续可按数据库规范细化。 PostgreSQL适配：由 decimal 调整为 numeric。"
"P0","核心运行层","pro_routing_operation","工艺工序表","8","time_uom","时间单位","varchar","20","","Y","","mes_uom","N","N","","N","基础版字段定义，后续可按数据库规范细化。"
"P0","核心运行层","pro_routing_operation","工艺工序表","9","operation_type","工序类型","varchar","32","","Y","","type_dict","N","N","","N","基础版字段定义，后续可按数据库规范细化。"
"P0","核心运行层","pro_routing_operation","工艺工序表","10","operation_status","工序状态","varchar","20","","N","0","status_dict","N","N","","N","基础版字段定义，后续可按数据库规范细化。"
"P0","核心运行层","pro_routing_operation","工艺工序表","11","create_by","创建人","varchar","64","","N","","","N","N","","N","基础版字段定义，后续可按数据库规范细化。"
"P0","核心运行层","pro_routing_operation","工艺工序表","12","create_time","创建时间","timestamp","","","N","","","N","N","","N","基础版字段定义，后续可按数据库规范细化。 PostgreSQL适配：由 datetime 调整为 timestamp。"
"P0","核心运行层","pro_routing_operation","工艺工序表","13","update_by","更新人","varchar","64","","Y","","","N","N","","N","基础版字段定义，后续可按数据库规范细化。"
"P0","核心运行层","pro_routing_operation","工艺工序表","14","update_time","更新时间","timestamp","","","Y","","","N","N","","N","基础版字段定义，后续可按数据库规范细化。 PostgreSQL适配：由 datetime 调整为 timestamp。"
"P0","核心运行层","pro_routing_operation","工艺工序表","15","del_flag","逻辑删除标识","char","1","","N","'0'","sys_del_flag","N","N","","","0存在 2删除"
"P0","核心运行层","pro_routing_operation","工艺工序表","16","remark","备注","varchar","500","","Y","","","N","N","","N","基础版字段定义，后续可按数据库规范细化。"
"P0","核心运行层","pro_production_order","生产工单头表","1","prod_order_id","生产工单ID","bigint","20","","N","","","Y","N","","N","主键，建议使用雪花ID或数据库统一ID生成策略。"
"P0","核心运行层","pro_production_order","生产工单头表","2","plant_id","工厂ID","bigint","20","","N","","","N","Y","pro_plant_master.plant_id","Y","基础版字段定义，后续可按数据库规范细化。"
"P0","核心运行层","pro_production_order","生产工单头表","3","material_id","物料ID","bigint","20","","N","","","N","Y","pro_material_master.material_id","N","基础版字段定义，后续可按数据库规范细化。"
"P0","核心运行层","pro_production_order","生产工单头表","4","bom_id","BOM ID","bigint","20","","N","","","N","Y","pro_bom_header.bom_id","N","基础版字段定义，后续可按数据库规范细化。"
"P0","核心运行层","pro_production_order","生产工单头表","5","routing_id","工艺路线ID","bigint","20","","N","","","N","Y","pro_routing_header.routing_id","N","基础版字段定义，后续可按数据库规范细化。"
"P0","核心运行层","pro_production_order","生产工单头表","6","order_no","生产工单号","varchar","64","","N","","","N","N","","Y","基础版字段定义，后续可按数据库规范细化。"
"P0","核心运行层","pro_production_order","生产工单头表","7","order_type","工单类型","varchar","32","","Y","","type_dict","N","N","","N","基础版字段定义，后续可按数据库规范细化。"
"P0","核心运行层","pro_production_order","生产工单头表","8","order_qty","工单数量","numeric","18","6","N","0","","N","N","","N","基础版字段定义，后续可按数据库规范细化。 PostgreSQL适配：由 decimal 调整为 numeric。"
"P0","核心运行层","pro_production_order","生产工单头表","9","order_uom","工单单位","varchar","20","","Y","","mes_uom","N","N","","N","基础版字段定义，后续可按数据库规范细化。"
"P0","核心运行层","pro_production_order","生产工单头表","10","planned_start_time","计划开始时间","timestamp","","","Y","","","N","N","","N","基础版字段定义，后续可按数据库规范细化。 PostgreSQL适配：由 datetime 调整为 timestamp。"
"P0","核心运行层","pro_production_order","生产工单头表","11","planned_end_time","计划结束时间","timestamp","","","Y","","","N","N","","N","基础版字段定义，后续可按数据库规范细化。 PostgreSQL适配：由 datetime 调整为 timestamp。"
"P0","核心运行层","pro_production_order","生产工单头表","12","order_status","工单状态","varchar","20","","N","0","mes_order_status","N","N","","N","基础版字段定义，后续可按数据库规范细化。"
"P0","核心运行层","pro_production_order","生产工单头表","13","source_system","来源系统","varchar","64","","Y","","","N","N","","N","基础版字段定义，后续可按数据库规范细化。"
"P0","核心运行层","pro_production_order","生产工单头表","14","create_by","创建人","varchar","64","","N","","","N","N","","N","基础版字段定义，后续可按数据库规范细化。"
"P0","核心运行层","pro_production_order","生产工单头表","15","create_time","创建时间","timestamp","","","N","","","N","N","","N","基础版字段定义，后续可按数据库规范细化。 PostgreSQL适配：由 datetime 调整为 timestamp。"
"P0","核心运行层","pro_production_order","生产工单头表","16","update_by","更新人","varchar","64","","Y","","","N","N","","N","基础版字段定义，后续可按数据库规范细化。"
"P0","核心运行层","pro_production_order","生产工单头表","17","update_time","更新时间","timestamp","","","Y","","","N","N","","N","基础版字段定义，后续可按数据库规范细化。 PostgreSQL适配：由 datetime 调整为 timestamp。"
"P0","核心运行层","pro_production_order","生产工单头表","18","priority_level","紧急程度","varchar","2","","N","''","mes_priority_level","N","N","","N","紧急程度字典。"
"P0","核心运行层","pro_production_order","生产工单头表","19","batch_no","生产批号","varchar","64","","Y","","","N","N","","N","批次号"
"P0","核心运行层","pro_production_order","生产工单头表","20","schedule_status","排产状态","varchar","20","","Y","","mes_schedule_status","N","N","","N","排产状态字典。"
"P0","核心运行层","pro_production_order","生产工单头表","21","del_flag","逻辑删除标识","char","1","","N","'0'","sys_del_flag","N","N","","","0存在 2删除"
"P0","核心运行层","pro_production_order","生产工单头表","22","remark","备注","varchar","500","","Y","","","N","N","","N","基础版字段定义，后续可按数据库规范细化。"
"P0","核心运行层","pro_order_component","工单组件表","1","order_component_id","工单组件ID","bigint","20","","N","","","Y","N","","N","主键，建议使用雪花ID或数据库统一ID生成策略。"
"P0","核心运行层","pro_order_component","工单组件表","2","prod_order_id","生产工单ID","bigint","20","","N","","","N","Y","pro_production_order.prod_order_id","Y","基础版字段定义，后续可按数据库规范细化。"
"P0","核心运行层","pro_order_component","工单组件表","3","order_op_id","工单工序ID","bigint","20","","N","","","N","Y","pro_order_operation.order_op_id","N","基础版字段定义，后续可按数据库规范细化。"
"P0","核心运行层","pro_order_component","工单组件表","4","bom_item_id","BOM明细ID","bigint","20","","N","","","N","Y","pro_bom_item.bom_item_id","N","基础版字段定义，后续可按数据库规范细化。"
"P0","核心运行层","pro_order_component","工单组件表","5","component_seq_no","组件序号","varchar","64","","N","","","N","N","","Y","基础版字段定义，后续可按数据库规范细化。"
"P0","核心运行层","pro_order_component","工单组件表","6","material_id","物料ID","bigint","20","","N","","","N","Y","pro_material_master.material_id","N","基础版字段定义，后续可按数据库规范细化。"
"P0","核心运行层","pro_order_component","工单组件表","7","planned_qty","计划数量","numeric","18","6","N","0","","N","N","","N","基础版字段定义，后续可按数据库规范细化。 PostgreSQL适配：由 decimal 调整为 numeric。"
"P0","核心运行层","pro_order_component","工单组件表","8","issued_qty","已发料数量","numeric","18","6","N","0","","N","N","","N","基础版字段定义，后续可按数据库规范细化。 PostgreSQL适配：由 decimal 调整为 numeric。"
"P0","核心运行层","pro_order_component","工单组件表","9","uom","单位","varchar","20","","Y","","mes_uom","N","N","","N","基础版字段定义，后续可按数据库规范细化。"
"P0","核心运行层","pro_order_component","工单组件表","10","component_source","组件来源","varchar","64","","Y","","","N","N","","N","基础版字段定义，后续可按数据库规范细化。"
"P0","核心运行层","pro_order_component","工单组件表","11","substitution_flag","是否替代","char","1","","N","N","sys_yes_no","N","N","","N","基础版字段定义，后续可按数据库规范细化。"
"P0","核心运行层","pro_order_component","工单组件表","12","cutover_flag","是否切换","char","1","","N","N","sys_yes_no","N","N","","N","基础版字段定义，后续可按数据库规范细化。"
"P0","核心运行层","pro_order_component","工单组件表","13","component_status","组件状态","varchar","20","","N","0","status_dict","N","N","","N","基础版字段定义，后续可按数据库规范细化。"
"P0","核心运行层","pro_order_component","工单组件表","14","create_by","创建人","varchar","64","","N","","","N","N","","N","基础版字段定义，后续可按数据库规范细化。"
"P0","核心运行层","pro_order_component","工单组件表","15","create_time","创建时间","timestamp","","","N","","","N","N","","N","基础版字段定义，后续可按数据库规范细化。 PostgreSQL适配：由 datetime 调整为 timestamp。"
"P0","核心运行层","pro_order_component","工单组件表","16","update_by","更新人","varchar","64","","Y","","","N","N","","N","基础版字段定义，后续可按数据库规范细化。"
"P0","核心运行层","pro_order_component","工单组件表","17","update_time","更新时间","timestamp","","","Y","","","N","N","","N","基础版字段定义，后续可按数据库规范细化。 PostgreSQL适配：由 datetime 调整为 timestamp。"
"P0","核心运行层","pro_order_component","工单组件表","18","del_flag","逻辑删除标识","char","1","","N","'0'","sys_del_flag","N","N","","","0存在 2删除"
"P0","核心运行层","pro_order_component","工单组件表","19","remark","备注","varchar","500","","Y","","","N","N","","N","基础版字段定义，后续可按数据库规范细化。"
"P0","核心运行层","pro_order_operation","工单工序表","1","order_op_id","工单工序ID","bigint","20","","N","","","Y","N","","N","主键，建议使用雪花ID或数据库统一ID生成策略。"
"P0","核心运行层","pro_order_operation","工单工序表","2","prod_order_id","生产工单ID","bigint","20","","N","","","N","Y","pro_production_order.prod_order_id","Y","基础版字段定义，后续可按数据库规范细化。"
"P0","核心运行层","pro_order_operation","工单工序表","3","operation_id","工序ID","bigint","20","","N","","","N","Y","pro_routing_operation.operation_id","N","基础版字段定义，后续可按数据库规范细化。"
"P0","核心运行层","pro_order_operation","工单工序表","4","operation_no","工序号","varchar","64","","N","","","N","N","","Y","基础版字段定义，后续可按数据库规范细化。"
"P0","核心运行层","pro_order_operation","工单工序表","5","operation_code","工序编码","varchar","64","","N","","","N","N","","N","基础版字段定义，后续可按数据库规范细化。"
"P0","核心运行层","pro_order_operation","工单工序表","6","operation_name","工序名称","varchar","128","","N","","","N","N","","N","基础版字段定义，后续可按数据库规范细化。"
"P0","核心运行层","pro_order_operation","工单工序表","7","work_center_id","工作中心ID","bigint","20","","N","","","N","Y","pro_work_center_master.work_center_id","N","基础版字段定义，后续可按数据库规范细化。"
"P0","核心运行层","pro_order_operation","工单工序表","8","planned_start_time","计划开始时间","timestamp","","","Y","","","N","N","","N","基础版字段定义，后续可按数据库规范细化。 PostgreSQL适配：由 datetime 调整为 timestamp。"
"P0","核心运行层","pro_order_operation","工单工序表","9","planned_end_time","计划结束时间","timestamp","","","Y","","","N","N","","N","基础版字段定义，后续可按数据库规范细化。 PostgreSQL适配：由 datetime 调整为 timestamp。"
"P0","核心运行层","pro_order_operation","工单工序表","10","actual_start_time","实际开始时间","timestamp","","","Y","","","N","N","","N","基础版字段定义，后续可按数据库规范细化。 PostgreSQL适配：由 datetime 调整为 timestamp。"
"P0","核心运行层","pro_order_operation","工单工序表","11","actual_end_time","实际结束时间","timestamp","","","Y","","","N","N","","N","基础版字段定义，后续可按数据库规范细化。 PostgreSQL适配：由 datetime 调整为 timestamp。"
"P0","核心运行层","pro_order_operation","工单工序表","12","op_status","工序状态","varchar","20","","N","0","status_dict","N","N","","N","基础版字段定义，后续可按数据库规范细化。"
"P0","核心运行层","pro_order_operation","工单工序表","13","create_by","创建人","varchar","64","","N","","","N","N","","N","基础版字段定义，后续可按数据库规范细化。"
"P0","核心运行层","pro_order_operation","工单工序表","14","create_time","创建时间","timestamp","","","N","","","N","N","","N","基础版字段定义，后续可按数据库规范细化。 PostgreSQL适配：由 datetime 调整为 timestamp。"
"P0","核心运行层","pro_order_operation","工单工序表","15","update_by","更新人","varchar","64","","Y","","","N","N","","N","基础版字段定义，后续可按数据库规范细化。"
"P0","核心运行层","pro_order_operation","工单工序表","16","update_time","更新时间","timestamp","","","Y","","","N","N","","N","基础版字段定义，后续可按数据库规范细化。 PostgreSQL适配：由 datetime 调整为 timestamp。"
"P0","核心运行层","pro_order_operation","工单工序表","17","del_flag","逻辑删除标识","char","1","","N","'0'","sys_del_flag","N","N","","","0存在 2删除"
"P0","核心运行层","pro_order_operation","工单工序表","18","remark","备注","varchar","500","","Y","","","N","N","","N","基础版字段定义，后续可按数据库规范细化。"
"P0","核心运行层","pro_operation_execution","工序执行实例表","1","op_exec_id","工序执行ID","bigint","20","","N","","","Y","N","","N","主键，建议使用雪花ID或数据库统一ID生成策略。"
"P0","核心运行层","pro_operation_execution","工序执行实例表","2","prod_order_id","生产工单ID","bigint","20","","N","","","N","Y","pro_production_order.prod_order_id","N","基础版字段定义，后续可按数据库规范细化。"
"P0","核心运行层","pro_operation_execution","工序执行实例表","3","order_op_id","工单工序ID","bigint","20","","N","","","N","Y","pro_order_operation.order_op_id","Y","基础版字段定义，后续可按数据库规范细化。"
"P0","核心运行层","pro_operation_execution","工序执行实例表","4","dispatch_id","派工ID","bigint","20","","N","","","N","Y","pro_shop_floor_dispatch.dispatch_id","N","基础版字段定义，后续可按数据库规范细化。"
"P0","核心运行层","pro_operation_execution","工序执行实例表","5","execution_no","执行次数","varchar","64","","N","","","N","N","","Y","基础版字段定义，后续可按数据库规范细化。"
"P0","核心运行层","pro_operation_execution","工序执行实例表","6","start_time","开始时间","timestamp","","","Y","","","N","N","","N","基础版字段定义，后续可按数据库规范细化。 PostgreSQL适配：由 datetime 调整为 timestamp。"
"P0","核心运行层","pro_operation_execution","工序执行实例表","7","end_time","结束时间","timestamp","","","Y","","","N","N","","N","基础版字段定义，后续可按数据库规范细化。 PostgreSQL适配：由 datetime 调整为 timestamp。"
"P0","核心运行层","pro_operation_execution","工序执行实例表","8","executor_id","执行人ID","bigint","20","","N","","","N","Y","pro_person_master.person_id","N","基础版字段定义，后续可按数据库规范细化。"
"P0","核心运行层","pro_operation_execution","工序执行实例表","9","equipment_id","设备ID","bigint","20","","N","","","N","Y","pro_equipment_master.equipment_id","N","基础版字段定义，后续可按数据库规范细化。"
"P0","核心运行层","pro_operation_execution","工序执行实例表","10","exec_status","执行状态","varchar","20","","N","0","status_dict","N","N","","N","基础版字段定义，后续可按数据库规范细化。"
"P0","核心运行层","pro_operation_execution","工序执行实例表","11","create_by","创建人","varchar","64","","N","","","N","N","","N","基础版字段定义，后续可按数据库规范细化。"
"P0","核心运行层","pro_operation_execution","工序执行实例表","12","create_time","创建时间","timestamp","","","N","","","N","N","","N","基础版字段定义，后续可按数据库规范细化。 PostgreSQL适配：由 datetime 调整为 timestamp。"
"P0","核心运行层","pro_operation_execution","工序执行实例表","13","update_by","更新人","varchar","64","","Y","","","N","N","","N","基础版字段定义，后续可按数据库规范细化。"
"P0","核心运行层","pro_operation_execution","工序执行实例表","14","update_time","更新时间","timestamp","","","Y","","","N","N","","N","基础版字段定义，后续可按数据库规范细化。 PostgreSQL适配：由 datetime 调整为 timestamp。"
"P0","核心运行层","pro_operation_execution","工序执行实例表","15","shift_id","班次ID","bigint","20","","Y","","","N","Y","pro_shift.shift_id","N","班次ID"
"P0","核心运行层","pro_operation_execution","工序执行实例表","16","del_flag","逻辑删除标识","char","1","","N","'0'","sys_del_flag","N","N","","","0存在 2删除"
"P0","核心运行层","pro_operation_execution","工序执行实例表","17","remark","备注","varchar","500","","Y","","","N","N","","N","基础版字段定义，后续可按数据库规范细化。"
"P0","核心运行层","pro_production_report","报工表","1","report_id","报工ID","bigint","20","","N","","","Y","N","","N","主键，建议使用雪花ID或数据库统一ID生成策略。"
"P0","核心运行层","pro_production_report","报工表","2","prod_order_id","生产工单ID","bigint","20","","N","","","N","Y","pro_production_order.prod_order_id","N","基础版字段定义，后续可按数据库规范细化。"
"P0","核心运行层","pro_production_report","报工表","3","order_op_id","工单工序ID","bigint","20","","N","","","N","Y","pro_order_operation.order_op_id","N","基础版字段定义，后续可按数据库规范细化。"
"P0","核心运行层","pro_production_report","报工表","4","op_exec_id","工序执行ID","bigint","20","","N","","","N","Y","pro_operation_execution.op_exec_id","Y","基础版字段定义，后续可按数据库规范细化。"
"P0","核心运行层","pro_production_report","报工表","5","report_no","报工单号","varchar","64","","N","","","N","N","","Y","基础版字段定义，后续可按数据库规范细化。"
"P0","核心运行层","pro_production_report","报工表","6","good_qty","合格数量","numeric","18","6","N","0","","N","N","","N","基础版字段定义，后续可按数据库规范细化。 PostgreSQL适配：由 decimal 调整为 numeric。"
"P0","核心运行层","pro_production_report","报工表","7","scrap_qty","报废数量","numeric","18","6","N","0","","N","N","","N","基础版字段定义，后续可按数据库规范细化。 PostgreSQL适配：由 decimal 调整为 numeric。"
"P0","核心运行层","pro_production_report","报工表","8","rework_qty","返工数量","numeric","18","6","N","0","","N","N","","N","基础版字段定义，后续可按数据库规范细化。 PostgreSQL适配：由 decimal 调整为 numeric。"
"P0","核心运行层","pro_production_report","报工表","9","report_uom","报工单位","varchar","20","","Y","","mes_uom","N","N","","N","基础版字段定义，后续可按数据库规范细化。"
"P0","核心运行层","pro_production_report","报工表","10","report_time","报工时间","timestamp","","","Y","","","N","N","","N","基础版字段定义，后续可按数据库规范细化。 PostgreSQL适配：由 datetime 调整为 timestamp。"
"P0","核心运行层","pro_production_report","报工表","11","report_person_id","报工人ID","bigint","20","","N","","","N","Y","pro_person_master.person_id","N","基础版字段定义，后续可按数据库规范细化。"
"P0","核心运行层","pro_production_report","报工表","12","report_status","报工状态","varchar","20","","N","0","status_dict","N","N","","N","基础版字段定义，后续可按数据库规范细化。"
"P0","核心运行层","pro_production_report","报工表","13","create_by","创建人","varchar","64","","N","","","N","N","","N","基础版字段定义，后续可按数据库规范细化。"
"P0","核心运行层","pro_production_report","报工表","14","create_time","创建时间","timestamp","","","N","","","N","N","","N","基础版字段定义，后续可按数据库规范细化。 PostgreSQL适配：由 datetime 调整为 timestamp。"
"P0","核心运行层","pro_production_report","报工表","15","update_by","更新人","varchar","64","","Y","","","N","N","","N","基础版字段定义，后续可按数据库规范细化。"
"P0","核心运行层","pro_production_report","报工表","16","update_time","更新时间","timestamp","","","Y","","","N","N","","N","基础版字段定义，后续可按数据库规范细化。 PostgreSQL适配：由 datetime 调整为 timestamp。"
"P0","核心运行层","pro_production_report","报工表","17","shift_id","班次ID","bigint","20","","Y","","","N","Y","pro_shift.shift_id","N","班次ID"
"P0","核心运行层","pro_production_report","报工表","18","equipment_id","设备ID","bigint","20","","Y","","","N","Y","pro_equipment_master.equipment_id","N","设备ID"
"P0","核心运行层","pro_production_report","报工表","19","del_flag","逻辑删除标识","char","1","","N","'0'","sys_del_flag","N","N","","","0存在 2删除"
"P0","核心运行层","pro_production_report","报工表","20","remark","备注","varchar","500","","Y","","","N","N","","N","基础版字段定义，后续可按数据库规范细化。"
"P0","核心运行层","pro_material_lot","物料批次表","1","material_lot_id","物料批次ID","bigint","20","","N","","","Y","N","","N","主键，建议使用雪花ID或数据库统一ID生成策略。"
"P0","核心运行层","pro_material_lot","物料批次表","2","material_id","物料ID","bigint","20","","N","","","N","Y","pro_material_master.material_id","Y","基础版字段定义，后续可按数据库规范细化。"
"P0","核心运行层","pro_material_lot","物料批次表","3","lot_no","批次号","varchar","64","","N","","","N","N","","Y","基础版字段定义，后续可按数据库规范细化。"
"P0","核心运行层","pro_material_lot","物料批次表","4","supplier_id","供应商ID","bigint","20","","N","","","N","Y","pro_supplier_master.supplier_id","N","基础版字段定义，后续可按数据库规范细化。"
"P0","核心运行层","pro_material_lot","物料批次表","5","gr_item_id","收货明细ID","bigint","20","","N","","","N","Y","pro_goods_receipt_item.gr_item_id","N","基础版字段定义，后续可按数据库规范细化。"
"P0","核心运行层","pro_material_lot","物料批次表","6","received_qty","接收数量","numeric","18","6","N","0","","N","N","","N","基础版字段定义，后续可按数据库规范细化。 PostgreSQL适配：由 decimal 调整为 numeric。"
"P0","核心运行层","pro_material_lot","物料批次表","7","available_qty","可用数量","numeric","18","6","N","0","","N","N","","N","基础版字段定义，后续可按数据库规范细化。 PostgreSQL适配：由 decimal 调整为 numeric。"
"P0","核心运行层","pro_material_lot","物料批次表","8","uom","单位","varchar","20","","Y","","mes_uom","N","N","","N","基础版字段定义，后续可按数据库规范细化。"
"P0","核心运行层","pro_material_lot","物料批次表","9","manufacture_date","生产日期","date","","","Y","","","N","N","","N","基础版字段定义，后续可按数据库规范细化。"
"P0","核心运行层","pro_material_lot","物料批次表","10","expire_date","失效日期","date","","","Y","","","N","N","","N","基础版字段定义，后续可按数据库规范细化。"
"P0","核心运行层","pro_material_lot","物料批次表","11","lot_status","批次状态","varchar","20","","N","0","status_dict","N","N","","N","基础版字段定义，后续可按数据库规范细化。"
"P0","核心运行层","pro_material_lot","物料批次表","12","create_by","创建人","varchar","64","","N","","","N","N","","N","基础版字段定义，后续可按数据库规范细化。"
"P0","核心运行层","pro_material_lot","物料批次表","13","create_time","创建时间","timestamp","","","N","","","N","N","","N","基础版字段定义，后续可按数据库规范细化。 PostgreSQL适配：由 datetime 调整为 timestamp。"
"P0","核心运行层","pro_material_lot","物料批次表","14","update_by","更新人","varchar","64","","Y","","","N","N","","N","基础版字段定义，后续可按数据库规范细化。"
"P0","核心运行层","pro_material_lot","物料批次表","15","update_time","更新时间","timestamp","","","Y","","","N","N","","N","基础版字段定义，后续可按数据库规范细化。 PostgreSQL适配：由 datetime 调整为 timestamp。"
"P0","核心运行层","pro_material_lot","物料批次表","16","warehouse_id","仓库ID","bigint","20","","Y","","","N","Y","pro_warehouse_master.warehouse_id","N","仓库ID"
"P0","核心运行层","pro_material_lot","物料批次表","17","storage_location_id","库位ID","bigint","20","","Y","","","N","Y","pro_storage_location_master.storage_location_id","N","库位ID"
"P0","核心运行层","pro_material_lot","物料批次表","18","del_flag","逻辑删除标识","char","1","","N","'0'","sys_del_flag","N","N","","","0存在 2删除"
"P0","核心运行层","pro_material_lot","物料批次表","19","remark","备注","varchar","500","","Y","","","N","N","","N","基础版字段定义，后续可按数据库规范细化。"
"P0","核心运行层","pro_operation_consumption","工序投料表","1","op_consume_id","投料记录ID","bigint","20","","N","","","Y","N","","N","主键，建议使用雪花ID或数据库统一ID生成策略。"
"P0","核心运行层","pro_operation_consumption","工序投料表","2","prod_order_id","生产工单ID","bigint","20","","N","","","N","Y","pro_production_order.prod_order_id","N","基础版字段定义，后续可按数据库规范细化。"
"P0","核心运行层","pro_operation_consumption","工序投料表","3","order_op_id","工单工序ID","bigint","20","","N","","","N","Y","pro_order_operation.order_op_id","N","基础版字段定义，后续可按数据库规范细化。"
"P0","核心运行层","pro_operation_consumption","工序投料表","4","op_exec_id","工序执行ID","bigint","20","","N","","","N","Y","pro_operation_execution.op_exec_id","Y","基础版字段定义，后续可按数据库规范细化。"
"P0","核心运行层","pro_operation_consumption","工序投料表","5","order_component_id","工单组件ID","bigint","20","","N","","","N","Y","pro_order_component.order_component_id","Y","基础版字段定义，后续可按数据库规范细化。"
"P0","核心运行层","pro_operation_consumption","工序投料表","6","material_id","物料ID","bigint","20","","N","","","N","N","","N","基础版字段定义，后续可按数据库规范细化。"
"P0","核心运行层","pro_operation_consumption","工序投料表","7","material_lot_id","物料批次ID","bigint","20","","N","","","N","Y","pro_material_lot.material_lot_id","Y","基础版字段定义，后续可按数据库规范细化。"
"P0","核心运行层","pro_operation_consumption","工序投料表","8","serial_id","序列号ID","bigint","20","","N","","","N","Y","pro_serial_number.serial_id","N","基础版字段定义，后续可按数据库规范细化。"
"P0","核心运行层","pro_operation_consumption","工序投料表","9","consume_qty","投料数量","numeric","18","6","N","0","","N","N","","N","基础版字段定义，后续可按数据库规范细化。 PostgreSQL适配：由 decimal 调整为 numeric。"
"P0","核心运行层","pro_operation_consumption","工序投料表","10","consume_uom","投料单位","varchar","20","","Y","","mes_uom","N","N","","N","基础版字段定义，后续可按数据库规范细化。"
"P0","核心运行层","pro_operation_consumption","工序投料表","11","consume_type","投料类型","varchar","32","","Y","","mes_consume_type","N","N","","N","基础版字段定义，后续可按数据库规范细化。"
"P0","核心运行层","pro_operation_consumption","工序投料表","12","consume_time","投料时间","timestamp","","","Y","","","N","N","","Y","基础版字段定义，后续可按数据库规范细化。 PostgreSQL适配：由 datetime 调整为 timestamp。"
"P0","核心运行层","pro_operation_consumption","工序投料表","13","create_by","创建人","varchar","64","","N","","","N","N","","N","基础版字段定义，后续可按数据库规范细化。"
"P0","核心运行层","pro_operation_consumption","工序投料表","14","create_time","创建时间","timestamp","","","N","","","N","N","","N","基础版字段定义，后续可按数据库规范细化。 PostgreSQL适配：由 datetime 调整为 timestamp。"
"P0","核心运行层","pro_operation_consumption","工序投料表","15","update_by","更新人","varchar","64","","Y","","","N","N","","N","基础版字段定义，后续可按数据库规范细化。"
"P0","核心运行层","pro_operation_consumption","工序投料表","16","update_time","更新时间","timestamp","","","Y","","","N","N","","N","基础版字段定义，后续可按数据库规范细化。 PostgreSQL适配：由 datetime 调整为 timestamp。"
"P0","核心运行层","pro_operation_consumption","工序投料表","17","del_flag","逻辑删除标识","char","1","","N","'0'","sys_del_flag","N","N","","","0存在 2删除"
"P0","核心运行层","pro_operation_consumption","工序投料表","18","remark","备注","varchar","500","","Y","","","N","N","","N","基础版字段定义，后续可按数据库规范细化。"
"P0","核心运行层","pro_sap_system","SAP系统定义表","1","sap_system_id","SAP系统ID","bigint","20","","N","","","Y","N","","N","主键，建议使用雪花ID或数据库统一ID生成策略。"
"P0","核心运行层","pro_sap_system","SAP系统定义表","2","sap_system_code","SAP系统编码","varchar","64","","N","","","N","N","","Y","基础版字段定义，后续可按数据库规范细化。"
"P0","核心运行层","pro_sap_system","SAP系统定义表","3","sap_system_name","SAP系统名称","varchar","128","","N","","","N","N","","N","基础版字段定义，后续可按数据库规范细化。"
"P0","核心运行层","pro_sap_system","SAP系统定义表","4","client_no","客户端号","varchar","64","","N","","","N","N","","N","基础版字段定义，后续可按数据库规范细化。"
"P0","核心运行层","pro_sap_system","SAP系统定义表","5","environment_type","环境类型","varchar","32","","Y","","type_dict","N","N","","N","基础版字段定义，后续可按数据库规范细化。"
"P0","核心运行层","pro_sap_system","SAP系统定义表","6","endpoint_url","接口地址","varchar","500","","Y","","","N","N","","N","基础版字段定义，后续可按数据库规范细化。"
"P0","核心运行层","pro_sap_system","SAP系统定义表","7","status","状态","varchar","20","","N","0","status_dict","N","N","","N","基础版字段定义，后续可按数据库规范细化。"
"P0","核心运行层","pro_sap_system","SAP系统定义表","8","create_by","创建人","varchar","64","","N","","","N","N","","N","基础版字段定义，后续可按数据库规范细化。"
"P0","核心运行层","pro_sap_system","SAP系统定义表","9","create_time","创建时间","timestamp","","","N","","","N","N","","N","基础版字段定义，后续可按数据库规范细化。 PostgreSQL适配：由 datetime 调整为 timestamp。"
"P0","核心运行层","pro_sap_system","SAP系统定义表","10","update_by","更新人","varchar","64","","Y","","","N","N","","N","基础版字段定义，后续可按数据库规范细化。"
"P0","核心运行层","pro_sap_system","SAP系统定义表","11","update_time","更新时间","timestamp","","","Y","","","N","N","","N","基础版字段定义，后续可按数据库规范细化。 PostgreSQL适配：由 datetime 调整为 timestamp。"
"P0","核心运行层","pro_sap_system","SAP系统定义表","12","del_flag","逻辑删除标识","char","1","","N","'0'","sys_del_flag","N","N","","","0存在 2删除"
"P0","核心运行层","pro_sap_system","SAP系统定义表","13","remark","备注","varchar","500","","Y","","","N","N","","N","基础版字段定义，后续可按数据库规范细化。"
"P0","核心运行层","pro_sap_plant_ref","SAP工厂参考表","1","sap_plant_ref_id","SAP工厂参考ID","bigint","20","","N","","","Y","N","","N","主键，建议使用雪花ID或数据库统一ID生成策略。"
"P0","核心运行层","pro_sap_plant_ref","SAP工厂参考表","2","sap_system_id","SAP系统ID","bigint","20","","N","","","N","Y","pro_sap_system.sap_system_id","Y","基础版字段定义，后续可按数据库规范细化。"
"P0","核心运行层","pro_sap_plant_ref","SAP工厂参考表","3","sap_plant_code","SAP工厂编码","varchar","64","","N","","","N","N","","Y","基础版字段定义，后续可按数据库规范细化。"
"P0","核心运行层","pro_sap_plant_ref","SAP工厂参考表","4","sap_plant_name","SAP工厂名称","varchar","128","","N","","","N","N","","N","基础版字段定义，后续可按数据库规范细化。"
"P0","核心运行层","pro_sap_plant_ref","SAP工厂参考表","5","company_code","公司代码","varchar","64","","N","","","N","N","","N","基础版字段定义，后续可按数据库规范细化。"
"P0","核心运行层","pro_sap_plant_ref","SAP工厂参考表","6","status","状态","varchar","20","","N","0","status_dict","N","N","","N","基础版字段定义，后续可按数据库规范细化。"
"P0","核心运行层","pro_sap_plant_ref","SAP工厂参考表","7","last_sync_time","最后同步时间","timestamp","","","Y","","","N","N","","N","基础版字段定义，后续可按数据库规范细化。 PostgreSQL适配：由 datetime 调整为 timestamp。"
"P0","核心运行层","pro_sap_plant_ref","SAP工厂参考表","8","create_by","创建人","varchar","64","","N","","","N","N","","N","基础版字段定义，后续可按数据库规范细化。"
"P0","核心运行层","pro_sap_plant_ref","SAP工厂参考表","9","create_time","创建时间","timestamp","","","N","","","N","N","","N","基础版字段定义，后续可按数据库规范细化。 PostgreSQL适配：由 datetime 调整为 timestamp。"
"P0","核心运行层","pro_sap_plant_ref","SAP工厂参考表","10","update_by","更新人","varchar","64","","Y","","","N","N","","N","基础版字段定义，后续可按数据库规范细化。"
"P0","核心运行层","pro_sap_plant_ref","SAP工厂参考表","11","update_time","更新时间","timestamp","","","Y","","","N","N","","N","基础版字段定义，后续可按数据库规范细化。 PostgreSQL适配：由 datetime 调整为 timestamp。"
"P0","核心运行层","pro_sap_plant_ref","SAP工厂参考表","12","del_flag","逻辑删除标识","char","1","","N","'0'","sys_del_flag","N","N","","","0存在 2删除"
"P0","核心运行层","pro_sap_plant_ref","SAP工厂参考表","13","remark","备注","varchar","500","","Y","","","N","N","","N","基础版字段定义，后续可按数据库规范细化。"
"P0","核心运行层","pro_sap_material_ref","SAP物料参考表","1","sap_material_ref_id","SAP物料参考ID","bigint","20","","N","","","Y","N","","N","主键，建议使用雪花ID或数据库统一ID生成策略。"
"P0","核心运行层","pro_sap_material_ref","SAP物料参考表","2","sap_system_id","SAP系统ID","bigint","20","","N","","","N","Y","pro_sap_system.sap_system_id","Y","基础版字段定义，后续可按数据库规范细化。"
"P0","核心运行层","pro_sap_material_ref","SAP物料参考表","3","sap_material_code","SAP物料编码","varchar","64","","N","","","N","N","","Y","基础版字段定义，后续可按数据库规范细化。"
"P0","核心运行层","pro_sap_material_ref","SAP物料参考表","4","sap_material_name","SAP物料名称","varchar","128","","N","","","N","N","","N","基础版字段定义，后续可按数据库规范细化。"
"P0","核心运行层","pro_sap_material_ref","SAP物料参考表","5","plant_code","工厂编码","varchar","64","","N","","","N","N","","Y","基础版字段定义，后续可按数据库规范细化。"
"P0","核心运行层","pro_sap_material_ref","SAP物料参考表","6","material_type","物料类型","varchar","32","","Y","","mes_material_type","N","N","","N","基础版字段定义，后续可按数据库规范细化。"
"P0","核心运行层","pro_sap_material_ref","SAP物料参考表","7","base_uom","基本单位","varchar","20","","Y","","mes_uom","N","N","","N","基础版字段定义，后续可按数据库规范细化。"
"P0","核心运行层","pro_sap_material_ref","SAP物料参考表","8","status","状态","varchar","20","","N","0","status_dict","N","N","","N","基础版字段定义，后续可按数据库规范细化。"
"P0","核心运行层","pro_sap_material_ref","SAP物料参考表","9","last_sync_time","最后同步时间","timestamp","","","Y","","","N","N","","N","基础版字段定义，后续可按数据库规范细化。 PostgreSQL适配：由 datetime 调整为 timestamp。"
"P0","核心运行层","pro_sap_material_ref","SAP物料参考表","10","create_by","创建人","varchar","64","","N","","","N","N","","N","基础版字段定义，后续可按数据库规范细化。"
"P0","核心运行层","pro_sap_material_ref","SAP物料参考表","11","create_time","创建时间","timestamp","","","N","","","N","N","","N","基础版字段定义，后续可按数据库规范细化。 PostgreSQL适配：由 datetime 调整为 timestamp。"
"P0","核心运行层","pro_sap_material_ref","SAP物料参考表","12","update_by","更新人","varchar","64","","Y","","","N","N","","N","基础版字段定义，后续可按数据库规范细化。"
"P0","核心运行层","pro_sap_material_ref","SAP物料参考表","13","update_time","更新时间","timestamp","","","Y","","","N","N","","N","基础版字段定义，后续可按数据库规范细化。 PostgreSQL适配：由 datetime 调整为 timestamp。"
"P0","核心运行层","pro_sap_material_ref","SAP物料参考表","14","del_flag","逻辑删除标识","char","1","","N","'0'","sys_del_flag","N","N","","","0存在 2删除"
"P0","核心运行层","pro_sap_material_ref","SAP物料参考表","15","remark","备注","varchar","500","","Y","","","N","N","","N","基础版字段定义，后续可按数据库规范细化。"
"P0","核心运行层","pro_sap_bom_ref","SAP BOM头参考表","1","sap_bom_ref_id","SAP BOM参考ID","bigint","20","","N","","","Y","N","","N","主键，建议使用雪花ID或数据库统一ID生成策略。"
"P0","核心运行层","pro_sap_bom_ref","SAP BOM头参考表","2","sap_system_id","SAP系统ID","bigint","20","","N","","","N","Y","pro_sap_system.sap_system_id","Y","基础版字段定义，后续可按数据库规范细化。"
"P0","核心运行层","pro_sap_bom_ref","SAP BOM头参考表","3","sap_bom_no","SAP BOM编号","varchar","64","","N","","","N","N","","Y","基础版字段定义，后续可按数据库规范细化。"
"P0","核心运行层","pro_sap_bom_ref","SAP BOM头参考表","4","sap_bom_alt","SAP替代BOM","varchar","64","","Y","","","N","N","","Y","基础版字段定义，后续可按数据库规范细化。"
"P0","核心运行层","pro_sap_bom_ref","SAP BOM头参考表","5","plant_code","工厂编码","varchar","64","","N","","","N","N","","Y","基础版字段定义，后续可按数据库规范细化。"
"P0","核心运行层","pro_sap_bom_ref","SAP BOM头参考表","6","bom_usage","BOM用途","varchar","64","","Y","","mes_bom_usage","N","N","","Y","基础版字段定义，后续可按数据库规范细化。"
"P0","核心运行层","pro_sap_bom_ref","SAP BOM头参考表","7","material_code","物料编码","varchar","64","","N","","","N","N","","N","基础版字段定义，后续可按数据库规范细化。"
"P0","核心运行层","pro_sap_bom_ref","SAP BOM头参考表","8","valid_from","有效开始日期","varchar","64","","Y","","","N","N","","N","基础版字段定义，后续可按数据库规范细化。"
"P0","核心运行层","pro_sap_bom_ref","SAP BOM头参考表","9","valid_to","有效结束日期","varchar","64","","Y","","","N","N","","N","基础版字段定义，后续可按数据库规范细化。"
"P0","核心运行层","pro_sap_bom_ref","SAP BOM头参考表","10","status","状态","varchar","20","","N","0","status_dict","N","N","","N","基础版字段定义，后续可按数据库规范细化。"
"P0","核心运行层","pro_sap_bom_ref","SAP BOM头参考表","11","last_sync_time","最后同步时间","timestamp","","","Y","","","N","N","","N","基础版字段定义，后续可按数据库规范细化。 PostgreSQL适配：由 datetime 调整为 timestamp。"
"P0","核心运行层","pro_sap_bom_ref","SAP BOM头参考表","12","create_by","创建人","varchar","64","","N","","","N","N","","N","基础版字段定义，后续可按数据库规范细化。"
"P0","核心运行层","pro_sap_bom_ref","SAP BOM头参考表","13","create_time","创建时间","timestamp","","","N","","","N","N","","N","基础版字段定义，后续可按数据库规范细化。 PostgreSQL适配：由 datetime 调整为 timestamp。"
"P0","核心运行层","pro_sap_bom_ref","SAP BOM头参考表","14","update_by","更新人","varchar","64","","Y","","","N","N","","N","基础版字段定义，后续可按数据库规范细化。"
"P0","核心运行层","pro_sap_bom_ref","SAP BOM头参考表","15","update_time","更新时间","timestamp","","","Y","","","N","N","","N","基础版字段定义，后续可按数据库规范细化。 PostgreSQL适配：由 datetime 调整为 timestamp。"
"P0","核心运行层","pro_sap_bom_ref","SAP BOM头参考表","16","del_flag","逻辑删除标识","char","1","","N","'0'","sys_del_flag","N","N","","","0存在 2删除"
"P0","核心运行层","pro_sap_bom_ref","SAP BOM头参考表","17","remark","备注","varchar","500","","Y","","","N","N","","N","基础版字段定义，后续可按数据库规范细化。"
"P0","核心运行层","pro_sap_bom_item_ref","SAP BOM行参考表","1","sap_bom_item_ref_id","SAP BOM行参考ID","bigint","20","","N","","","Y","N","","N","主键，建议使用雪花ID或数据库统一ID生成策略。"
"P0","核心运行层","pro_sap_bom_item_ref","SAP BOM行参考表","2","sap_bom_ref_id","SAP BOM参考ID","bigint","20","","N","","","N","Y","pro_sap_bom_ref.sap_bom_ref_id","Y","基础版字段定义，后续可按数据库规范细化。"
"P0","核心运行层","pro_sap_bom_item_ref","SAP BOM行参考表","3","sap_item_node_no","SAP项目节点号","varchar","64","","N","","","N","N","","Y","基础版字段定义，后续可按数据库规范细化。"
"P0","核心运行层","pro_sap_bom_item_ref","SAP BOM行参考表","4","sap_item_no","SAP项目号","varchar","64","","N","","","N","N","","N","基础版字段定义，后续可按数据库规范细化。"
"P0","核心运行层","pro_sap_bom_item_ref","SAP BOM行参考表","5","component_code","组件编码","varchar","64","","N","","","N","N","","N","基础版字段定义，后续可按数据库规范细化。"
"P0","核心运行层","pro_sap_bom_item_ref","SAP BOM行参考表","6","component_qty","组件数量","numeric","18","6","N","0","","N","N","","N","基础版字段定义，后续可按数据库规范细化。 PostgreSQL适配：由 decimal 调整为 numeric。"
"P0","核心运行层","pro_sap_bom_item_ref","SAP BOM行参考表","7","component_uom","组件单位","varchar","20","","Y","","mes_uom","N","N","","N","基础版字段定义，后续可按数据库规范细化。"
"P0","核心运行层","pro_sap_bom_item_ref","SAP BOM行参考表","8","valid_from","有效开始日期","varchar","64","","Y","","","N","N","","N","基础版字段定义，后续可按数据库规范细化。"
"P0","核心运行层","pro_sap_bom_item_ref","SAP BOM行参考表","9","valid_to","有效结束日期","varchar","64","","Y","","","N","N","","N","基础版字段定义，后续可按数据库规范细化。"
"P0","核心运行层","pro_sap_bom_item_ref","SAP BOM行参考表","10","item_status","项目状态","varchar","20","","N","0","status_dict","N","N","","N","基础版字段定义，后续可按数据库规范细化。"
"P0","核心运行层","pro_sap_bom_item_ref","SAP BOM行参考表","11","last_sync_time","最后同步时间","timestamp","","","Y","","","N","N","","N","基础版字段定义，后续可按数据库规范细化。 PostgreSQL适配：由 datetime 调整为 timestamp。"
"P0","核心运行层","pro_sap_bom_item_ref","SAP BOM行参考表","12","create_by","创建人","varchar","64","","N","","","N","N","","N","基础版字段定义，后续可按数据库规范细化。"
"P0","核心运行层","pro_sap_bom_item_ref","SAP BOM行参考表","13","create_time","创建时间","timestamp","","","N","","","N","N","","N","基础版字段定义，后续可按数据库规范细化。 PostgreSQL适配：由 datetime 调整为 timestamp。"
"P0","核心运行层","pro_sap_bom_item_ref","SAP BOM行参考表","14","update_by","更新人","varchar","64","","Y","","","N","N","","N","基础版字段定义，后续可按数据库规范细化。"
"P0","核心运行层","pro_sap_bom_item_ref","SAP BOM行参考表","15","update_time","更新时间","timestamp","","","Y","","","N","N","","N","基础版字段定义，后续可按数据库规范细化。 PostgreSQL适配：由 datetime 调整为 timestamp。"
"P0","核心运行层","pro_sap_bom_item_ref","SAP BOM行参考表","16","del_flag","逻辑删除标识","char","1","","N","'0'","sys_del_flag","N","N","","","0存在 2删除"
"P0","核心运行层","pro_sap_bom_item_ref","SAP BOM行参考表","17","remark","备注","varchar","500","","Y","","","N","N","","N","基础版字段定义，后续可按数据库规范细化。"
"P0","核心运行层","pro_sap_routing_ref","SAP工艺路线参考表","1","sap_routing_ref_id","SAP工艺路线参考ID","bigint","20","","N","","","Y","N","","N","主键，建议使用雪花ID或数据库统一ID生成策略。"
"P0","核心运行层","pro_sap_routing_ref","SAP工艺路线参考表","2","sap_system_id","SAP系统ID","bigint","20","","N","","","N","Y","pro_sap_system.sap_system_id","Y","基础版字段定义，后续可按数据库规范细化。"
"P0","核心运行层","pro_sap_routing_ref","SAP工艺路线参考表","3","sap_routing_group","SAP工艺路线组","varchar","64","","Y","","","N","N","","Y","基础版字段定义，后续可按数据库规范细化。"
"P0","核心运行层","pro_sap_routing_ref","SAP工艺路线参考表","4","sap_group_counter","SAP组计数器","varchar","64","","Y","","","N","N","","Y","基础版字段定义，后续可按数据库规范细化。"
"P0","核心运行层","pro_sap_routing_ref","SAP工艺路线参考表","5","plant_code","工厂编码","varchar","64","","N","","","N","N","","Y","基础版字段定义，后续可按数据库规范细化。"
"P0","核心运行层","pro_sap_routing_ref","SAP工艺路线参考表","6","material_code","物料编码","varchar","64","","N","","","N","N","","N","基础版字段定义，后续可按数据库规范细化。"
"P0","核心运行层","pro_sap_routing_ref","SAP工艺路线参考表","7","valid_from","有效开始日期","varchar","64","","Y","","","N","N","","N","基础版字段定义，后续可按数据库规范细化。"
"P0","核心运行层","pro_sap_routing_ref","SAP工艺路线参考表","8","valid_to","有效结束日期","varchar","64","","Y","","","N","N","","N","基础版字段定义，后续可按数据库规范细化。"
"P0","核心运行层","pro_sap_routing_ref","SAP工艺路线参考表","9","status","状态","varchar","20","","N","0","status_dict","N","N","","N","基础版字段定义，后续可按数据库规范细化。"
"P0","核心运行层","pro_sap_routing_ref","SAP工艺路线参考表","10","last_sync_time","最后同步时间","timestamp","","","Y","","","N","N","","N","基础版字段定义，后续可按数据库规范细化。 PostgreSQL适配：由 datetime 调整为 timestamp。"
"P0","核心运行层","pro_sap_routing_ref","SAP工艺路线参考表","11","create_by","创建人","varchar","64","","N","","","N","N","","N","基础版字段定义，后续可按数据库规范细化。"
"P0","核心运行层","pro_sap_routing_ref","SAP工艺路线参考表","12","create_time","创建时间","timestamp","","","N","","","N","N","","N","基础版字段定义，后续可按数据库规范细化。 PostgreSQL适配：由 datetime 调整为 timestamp。"
"P0","核心运行层","pro_sap_routing_ref","SAP工艺路线参考表","13","update_by","更新人","varchar","64","","Y","","","N","N","","N","基础版字段定义，后续可按数据库规范细化。"
"P0","核心运行层","pro_sap_routing_ref","SAP工艺路线参考表","14","update_time","更新时间","timestamp","","","Y","","","N","N","","N","基础版字段定义，后续可按数据库规范细化。 PostgreSQL适配：由 datetime 调整为 timestamp。"
"P0","核心运行层","pro_sap_routing_ref","SAP工艺路线参考表","15","del_flag","逻辑删除标识","char","1","","N","'0'","sys_del_flag","N","N","","","0存在 2删除"
"P0","核心运行层","pro_sap_routing_ref","SAP工艺路线参考表","16","remark","备注","varchar","500","","Y","","","N","N","","N","基础版字段定义，后续可按数据库规范细化。"
"P0","核心运行层","pro_sap_operation_ref","SAP工序参考表","1","sap_operation_ref_id","SAP工序参考ID","bigint","20","","N","","","Y","N","","N","主键，建议使用雪花ID或数据库统一ID生成策略。"
"P0","核心运行层","pro_sap_operation_ref","SAP工序参考表","2","sap_routing_ref_id","SAP工艺路线参考ID","bigint","20","","N","","","N","Y","pro_sap_routing_ref.sap_routing_ref_id","Y","基础版字段定义，后续可按数据库规范细化。"
"P0","核心运行层","pro_sap_operation_ref","SAP工序参考表","3","sap_operation_no","SAP工序号","varchar","64","","N","","","N","N","","Y","基础版字段定义，后续可按数据库规范细化。"
"P0","核心运行层","pro_sap_operation_ref","SAP工序参考表","4","sap_work_center_code","SAP工作中心编码","varchar","64","","N","","","N","N","","N","基础版字段定义，后续可按数据库规范细化。"
"P0","核心运行层","pro_sap_operation_ref","SAP工序参考表","5","operation_desc","工序说明","varchar","64","","Y","","","N","N","","N","基础版字段定义，后续可按数据库规范细化。"
"P0","核心运行层","pro_sap_operation_ref","SAP工序参考表","6","standard_time","标准工时","numeric","18","2","Y","0","","N","N","","N","基础版字段定义，后续可按数据库规范细化。 PostgreSQL适配：由 decimal 调整为 numeric。"
"P0","核心运行层","pro_sap_operation_ref","SAP工序参考表","7","time_uom","时间单位","varchar","20","","Y","","mes_uom","N","N","","N","基础版字段定义，后续可按数据库规范细化。"
"P0","核心运行层","pro_sap_operation_ref","SAP工序参考表","8","status","状态","varchar","20","","N","0","status_dict","N","N","","N","基础版字段定义，后续可按数据库规范细化。"
"P0","核心运行层","pro_sap_operation_ref","SAP工序参考表","9","last_sync_time","最后同步时间","timestamp","","","Y","","","N","N","","N","基础版字段定义，后续可按数据库规范细化。 PostgreSQL适配：由 datetime 调整为 timestamp。"
"P0","核心运行层","pro_sap_operation_ref","SAP工序参考表","10","create_by","创建人","varchar","64","","N","","","N","N","","N","基础版字段定义，后续可按数据库规范细化。"
"P0","核心运行层","pro_sap_operation_ref","SAP工序参考表","11","create_time","创建时间","timestamp","","","N","","","N","N","","N","基础版字段定义，后续可按数据库规范细化。 PostgreSQL适配：由 datetime 调整为 timestamp。"
"P0","核心运行层","pro_sap_operation_ref","SAP工序参考表","12","update_by","更新人","varchar","64","","Y","","","N","N","","N","基础版字段定义，后续可按数据库规范细化。"
"P0","核心运行层","pro_sap_operation_ref","SAP工序参考表","13","update_time","更新时间","timestamp","","","Y","","","N","N","","N","基础版字段定义，后续可按数据库规范细化。 PostgreSQL适配：由 datetime 调整为 timestamp。"
"P0","核心运行层","pro_sap_operation_ref","SAP工序参考表","14","del_flag","逻辑删除标识","char","1","","N","'0'","sys_del_flag","N","N","","","0存在 2删除"
"P0","核心运行层","pro_sap_operation_ref","SAP工序参考表","15","remark","备注","varchar","500","","Y","","","N","N","","N","基础版字段定义，后续可按数据库规范细化。"
"P0","核心运行层","pro_sap_work_center_ref","SAP工作中心参考表","1","sap_work_center_ref_id","SAP工作中心参考ID","bigint","20","","N","","","Y","N","","N","主键，建议使用雪花ID或数据库统一ID生成策略。"
"P0","核心运行层","pro_sap_work_center_ref","SAP工作中心参考表","2","sap_system_id","SAP系统ID","bigint","20","","N","","","N","Y","pro_sap_system.sap_system_id","Y","基础版字段定义，后续可按数据库规范细化。"
"P0","核心运行层","pro_sap_work_center_ref","SAP工作中心参考表","3","sap_work_center_code","SAP工作中心编码","varchar","64","","N","","","N","N","","Y","基础版字段定义，后续可按数据库规范细化。"
"P0","核心运行层","pro_sap_work_center_ref","SAP工作中心参考表","4","plant_code","工厂编码","varchar","64","","N","","","N","N","","Y","基础版字段定义，后续可按数据库规范细化。"
"P0","核心运行层","pro_sap_work_center_ref","SAP工作中心参考表","5","work_center_name","工作中心名称","varchar","128","","N","","","N","N","","N","基础版字段定义，后续可按数据库规范细化。"
"P0","核心运行层","pro_sap_work_center_ref","SAP工作中心参考表","6","work_center_category","工作中心类别","varchar","64","","Y","","","N","N","","N","基础版字段定义，后续可按数据库规范细化。"
"P0","核心运行层","pro_sap_work_center_ref","SAP工作中心参考表","7","status","状态","varchar","20","","N","0","status_dict","N","N","","N","基础版字段定义，后续可按数据库规范细化。"
"P0","核心运行层","pro_sap_work_center_ref","SAP工作中心参考表","8","last_sync_time","最后同步时间","timestamp","","","Y","","","N","N","","N","基础版字段定义，后续可按数据库规范细化。 PostgreSQL适配：由 datetime 调整为 timestamp。"
"P0","核心运行层","pro_sap_work_center_ref","SAP工作中心参考表","9","create_by","创建人","varchar","64","","N","","","N","N","","N","基础版字段定义，后续可按数据库规范细化。"
"P0","核心运行层","pro_sap_work_center_ref","SAP工作中心参考表","10","create_time","创建时间","timestamp","","","N","","","N","N","","N","基础版字段定义，后续可按数据库规范细化。 PostgreSQL适配：由 datetime 调整为 timestamp。"
"P0","核心运行层","pro_sap_work_center_ref","SAP工作中心参考表","11","update_by","更新人","varchar","64","","Y","","","N","N","","N","基础版字段定义，后续可按数据库规范细化。"
"P0","核心运行层","pro_sap_work_center_ref","SAP工作中心参考表","12","update_time","更新时间","timestamp","","","Y","","","N","N","","N","基础版字段定义，后续可按数据库规范细化。 PostgreSQL适配：由 datetime 调整为 timestamp。"
"P0","核心运行层","pro_sap_work_center_ref","SAP工作中心参考表","13","del_flag","逻辑删除标识","char","1","","N","'0'","sys_del_flag","N","N","","","0存在 2删除"
"P0","核心运行层","pro_sap_work_center_ref","SAP工作中心参考表","14","remark","备注","varchar","500","","Y","","","N","N","","N","基础版字段定义，后续可按数据库规范细化。"
"P0","核心运行层","pro_sap_production_order_ref","SAP生产订单参考表","1","sap_prod_order_ref_id","SAP生产订单参考ID","bigint","20","","N","","","Y","N","","N","主键，建议使用雪花ID或数据库统一ID生成策略。"
"P0","核心运行层","pro_sap_production_order_ref","SAP生产订单参考表","2","sap_system_id","SAP系统ID","bigint","20","","N","","","N","Y","pro_sap_system.sap_system_id","Y","基础版字段定义，后续可按数据库规范细化。"
"P0","核心运行层","pro_sap_production_order_ref","SAP生产订单参考表","3","sap_order_no","SAP订单号","varchar","64","","N","","","N","N","","Y","基础版字段定义，后续可按数据库规范细化。"
"P0","核心运行层","pro_sap_production_order_ref","SAP生产订单参考表","4","plant_code","工厂编码","varchar","64","","N","","","N","N","","N","基础版字段定义，后续可按数据库规范细化。"
"P0","核心运行层","pro_sap_production_order_ref","SAP生产订单参考表","5","material_code","物料编码","varchar","64","","N","","","N","N","","N","基础版字段定义，后续可按数据库规范细化。"
"P0","核心运行层","pro_sap_production_order_ref","SAP生产订单参考表","6","order_qty","工单数量","numeric","18","6","N","0","","N","N","","N","基础版字段定义，后续可按数据库规范细化。 PostgreSQL适配：由 decimal 调整为 numeric。"
"P0","核心运行层","pro_sap_production_order_ref","SAP生产订单参考表","7","order_uom","工单单位","varchar","20","","Y","","mes_uom","N","N","","N","基础版字段定义，后续可按数据库规范细化。"
"P0","核心运行层","pro_sap_production_order_ref","SAP生产订单参考表","8","basic_start_date","基本开始日期","date","","","Y","","","N","N","","N","基础版字段定义，后续可按数据库规范细化。"
"P0","核心运行层","pro_sap_production_order_ref","SAP生产订单参考表","9","basic_finish_date","基本完成日期","date","","","Y","","","N","N","","N","基础版字段定义，后续可按数据库规范细化。"
"P0","核心运行层","pro_sap_production_order_ref","SAP生产订单参考表","10","order_status","工单状态","varchar","20","","N","0","mes_order_status","N","N","","N","基础版字段定义，后续可按数据库规范细化。"
"P0","核心运行层","pro_sap_production_order_ref","SAP生产订单参考表","11","last_sync_time","最后同步时间","timestamp","","","Y","","","N","N","","N","基础版字段定义，后续可按数据库规范细化。 PostgreSQL适配：由 datetime 调整为 timestamp。"
"P0","核心运行层","pro_sap_production_order_ref","SAP生产订单参考表","12","create_by","创建人","varchar","64","","N","","","N","N","","N","基础版字段定义，后续可按数据库规范细化。"
"P0","核心运行层","pro_sap_production_order_ref","SAP生产订单参考表","13","create_time","创建时间","timestamp","","","N","","","N","N","","N","基础版字段定义，后续可按数据库规范细化。 PostgreSQL适配：由 datetime 调整为 timestamp。"
"P0","核心运行层","pro_sap_production_order_ref","SAP生产订单参考表","14","update_by","更新人","varchar","64","","Y","","","N","N","","N","基础版字段定义，后续可按数据库规范细化。"
"P0","核心运行层","pro_sap_production_order_ref","SAP生产订单参考表","15","update_time","更新时间","timestamp","","","Y","","","N","N","","N","基础版字段定义，后续可按数据库规范细化。 PostgreSQL适配：由 datetime 调整为 timestamp。"
"P0","核心运行层","pro_sap_production_order_ref","SAP生产订单参考表","16","del_flag","逻辑删除标识","char","1","","N","'0'","sys_del_flag","N","N","","","0存在 2删除"
"P0","核心运行层","pro_sap_production_order_ref","SAP生产订单参考表","17","remark","备注","varchar","500","","Y","","","N","N","","N","基础版字段定义，后续可按数据库规范细化。"
"P0","核心运行层","pro_sap_plant_map","SAP工厂映射表","1","sap_plant_map_id","SAP工厂映射ID","bigint","20","","N","","","Y","N","","N","主键，建议使用雪花ID或数据库统一ID生成策略。"
"P0","核心运行层","pro_sap_plant_map","SAP工厂映射表","2","sap_plant_ref_id","SAP工厂参考ID","bigint","20","","N","","","N","Y","pro_sap_plant_ref.sap_plant_ref_id","Y","基础版字段定义，后续可按数据库规范细化。"
"P0","核心运行层","pro_sap_plant_map","SAP工厂映射表","3","plant_id","工厂ID","bigint","20","","N","","","N","Y","pro_plant_master.plant_id","N","基础版字段定义，后续可按数据库规范细化。"
"P0","核心运行层","pro_sap_plant_map","SAP工厂映射表","4","map_status","映射状态","varchar","20","","N","0","status_dict","N","N","","N","基础版字段定义，后续可按数据库规范细化。"
"P0","核心运行层","pro_sap_plant_map","SAP工厂映射表","5","effective_from","生效开始时间","timestamp","","","Y","","","N","N","","N","基础版字段定义，后续可按数据库规范细化。 PostgreSQL适配：由 datetime 调整为 timestamp。"
"P0","核心运行层","pro_sap_plant_map","SAP工厂映射表","6","effective_to","生效结束时间","timestamp","","","Y","","","N","N","","N","基础版字段定义，后续可按数据库规范细化。 PostgreSQL适配：由 datetime 调整为 timestamp。"
"P0","核心运行层","pro_sap_plant_map","SAP工厂映射表","7","create_by","创建人","varchar","64","","N","","","N","N","","N","基础版字段定义，后续可按数据库规范细化。"
"P0","核心运行层","pro_sap_plant_map","SAP工厂映射表","8","create_time","创建时间","timestamp","","","N","","","N","N","","N","基础版字段定义，后续可按数据库规范细化。 PostgreSQL适配：由 datetime 调整为 timestamp。"
"P0","核心运行层","pro_sap_plant_map","SAP工厂映射表","9","update_by","更新人","varchar","64","","Y","","","N","N","","N","基础版字段定义，后续可按数据库规范细化。"
"P0","核心运行层","pro_sap_plant_map","SAP工厂映射表","10","update_time","更新时间","timestamp","","","Y","","","N","N","","N","基础版字段定义，后续可按数据库规范细化。 PostgreSQL适配：由 datetime 调整为 timestamp。"
"P0","核心运行层","pro_sap_plant_map","SAP工厂映射表","11","del_flag","逻辑删除标识","char","1","","N","'0'","sys_del_flag","N","N","","","0存在 2删除"
"P0","核心运行层","pro_sap_plant_map","SAP工厂映射表","12","remark","备注","varchar","500","","Y","","","N","N","","N","基础版字段定义，后续可按数据库规范细化。"
"P0","核心运行层","pro_sap_material_map","SAP物料映射表","1","sap_material_map_id","SAP物料映射ID","bigint","20","","N","","","Y","N","","N","主键，建议使用雪花ID或数据库统一ID生成策略。"
"P0","核心运行层","pro_sap_material_map","SAP物料映射表","2","sap_material_ref_id","SAP物料参考ID","bigint","20","","N","","","N","Y","pro_sap_material_ref.sap_material_ref_id","Y","基础版字段定义，后续可按数据库规范细化。"
"P0","核心运行层","pro_sap_material_map","SAP物料映射表","3","material_id","物料ID","bigint","20","","N","","","N","Y","pro_material_master.material_id","N","基础版字段定义，后续可按数据库规范细化。"
"P0","核心运行层","pro_sap_material_map","SAP物料映射表","4","map_status","映射状态","varchar","20","","N","0","status_dict","N","N","","N","基础版字段定义，后续可按数据库规范细化。"
"P0","核心运行层","pro_sap_material_map","SAP物料映射表","5","effective_from","生效开始时间","timestamp","","","Y","","","N","N","","N","基础版字段定义，后续可按数据库规范细化。 PostgreSQL适配：由 datetime 调整为 timestamp。"
"P0","核心运行层","pro_sap_material_map","SAP物料映射表","6","effective_to","生效结束时间","timestamp","","","Y","","","N","N","","N","基础版字段定义，后续可按数据库规范细化。 PostgreSQL适配：由 datetime 调整为 timestamp。"
"P0","核心运行层","pro_sap_material_map","SAP物料映射表","7","create_by","创建人","varchar","64","","N","","","N","N","","N","基础版字段定义，后续可按数据库规范细化。"
"P0","核心运行层","pro_sap_material_map","SAP物料映射表","8","create_time","创建时间","timestamp","","","N","","","N","N","","N","基础版字段定义，后续可按数据库规范细化。 PostgreSQL适配：由 datetime 调整为 timestamp。"
"P0","核心运行层","pro_sap_material_map","SAP物料映射表","9","update_by","更新人","varchar","64","","Y","","","N","N","","N","基础版字段定义，后续可按数据库规范细化。"
"P0","核心运行层","pro_sap_material_map","SAP物料映射表","10","update_time","更新时间","timestamp","","","Y","","","N","N","","N","基础版字段定义，后续可按数据库规范细化。 PostgreSQL适配：由 datetime 调整为 timestamp。"
"P0","核心运行层","pro_sap_material_map","SAP物料映射表","11","del_flag","逻辑删除标识","char","1","","N","'0'","sys_del_flag","N","N","","","0存在 2删除"
"P0","核心运行层","pro_sap_material_map","SAP物料映射表","12","remark","备注","varchar","500","","Y","","","N","N","","N","基础版字段定义，后续可按数据库规范细化。"
"P0","核心运行层","pro_sap_bom_map","SAP BOM头映射表","1","sap_bom_map_id","SAP BOM映射ID","bigint","20","","N","","","Y","N","","N","主键，建议使用雪花ID或数据库统一ID生成策略。"
"P0","核心运行层","pro_sap_bom_map","SAP BOM头映射表","2","sap_bom_ref_id","SAP BOM参考ID","bigint","20","","N","","","N","Y","pro_sap_bom_ref.sap_bom_ref_id","Y","基础版字段定义，后续可按数据库规范细化。"
"P0","核心运行层","pro_sap_bom_map","SAP BOM头映射表","3","bom_id","BOM ID","bigint","20","","N","","","N","Y","pro_bom_header.bom_id","N","基础版字段定义，后续可按数据库规范细化。"
"P0","核心运行层","pro_sap_bom_map","SAP BOM头映射表","4","map_status","映射状态","varchar","20","","N","0","status_dict","N","N","","N","基础版字段定义，后续可按数据库规范细化。"
"P0","核心运行层","pro_sap_bom_map","SAP BOM头映射表","5","effective_from","生效开始时间","timestamp","","","Y","","","N","N","","N","基础版字段定义，后续可按数据库规范细化。 PostgreSQL适配：由 datetime 调整为 timestamp。"
"P0","核心运行层","pro_sap_bom_map","SAP BOM头映射表","6","effective_to","生效结束时间","timestamp","","","Y","","","N","N","","N","基础版字段定义，后续可按数据库规范细化。 PostgreSQL适配：由 datetime 调整为 timestamp。"
"P0","核心运行层","pro_sap_bom_map","SAP BOM头映射表","7","create_by","创建人","varchar","64","","N","","","N","N","","N","基础版字段定义，后续可按数据库规范细化。"
"P0","核心运行层","pro_sap_bom_map","SAP BOM头映射表","8","create_time","创建时间","timestamp","","","N","","","N","N","","N","基础版字段定义，后续可按数据库规范细化。 PostgreSQL适配：由 datetime 调整为 timestamp。"
"P0","核心运行层","pro_sap_bom_map","SAP BOM头映射表","9","update_by","更新人","varchar","64","","Y","","","N","N","","N","基础版字段定义，后续可按数据库规范细化。"
"P0","核心运行层","pro_sap_bom_map","SAP BOM头映射表","10","update_time","更新时间","timestamp","","","Y","","","N","N","","N","基础版字段定义，后续可按数据库规范细化。 PostgreSQL适配：由 datetime 调整为 timestamp。"
"P0","核心运行层","pro_sap_bom_map","SAP BOM头映射表","11","del_flag","逻辑删除标识","char","1","","N","'0'","sys_del_flag","N","N","","","0存在 2删除"
"P0","核心运行层","pro_sap_bom_map","SAP BOM头映射表","12","remark","备注","varchar","500","","Y","","","N","N","","N","基础版字段定义，后续可按数据库规范细化。"
"P0","核心运行层","pro_sap_bom_item_map","SAP BOM行映射表","1","sap_bom_item_map_id","SAP BOM行映射ID","bigint","20","","N","","","Y","N","","N","主键，建议使用雪花ID或数据库统一ID生成策略。"
"P0","核心运行层","pro_sap_bom_item_map","SAP BOM行映射表","2","sap_bom_item_ref_id","SAP BOM行参考ID","bigint","20","","N","","","N","Y","pro_sap_bom_item_ref.sap_bom_item_ref_id","Y","基础版字段定义，后续可按数据库规范细化。"
"P0","核心运行层","pro_sap_bom_item_map","SAP BOM行映射表","3","bom_item_id","BOM明细ID","bigint","20","","N","","","N","Y","pro_bom_item.bom_item_id","N","基础版字段定义，后续可按数据库规范细化。"
"P0","核心运行层","pro_sap_bom_item_map","SAP BOM行映射表","4","map_status","映射状态","varchar","20","","N","0","status_dict","N","N","","N","基础版字段定义，后续可按数据库规范细化。"
"P0","核心运行层","pro_sap_bom_item_map","SAP BOM行映射表","5","effective_from","生效开始时间","timestamp","","","Y","","","N","N","","N","基础版字段定义，后续可按数据库规范细化。 PostgreSQL适配：由 datetime 调整为 timestamp。"
"P0","核心运行层","pro_sap_bom_item_map","SAP BOM行映射表","6","effective_to","生效结束时间","timestamp","","","Y","","","N","N","","N","基础版字段定义，后续可按数据库规范细化。 PostgreSQL适配：由 datetime 调整为 timestamp。"
"P0","核心运行层","pro_sap_bom_item_map","SAP BOM行映射表","7","create_by","创建人","varchar","64","","N","","","N","N","","N","基础版字段定义，后续可按数据库规范细化。"
"P0","核心运行层","pro_sap_bom_item_map","SAP BOM行映射表","8","create_time","创建时间","timestamp","","","N","","","N","N","","N","基础版字段定义，后续可按数据库规范细化。 PostgreSQL适配：由 datetime 调整为 timestamp。"
"P0","核心运行层","pro_sap_bom_item_map","SAP BOM行映射表","9","update_by","更新人","varchar","64","","Y","","","N","N","","N","基础版字段定义，后续可按数据库规范细化。"
"P0","核心运行层","pro_sap_bom_item_map","SAP BOM行映射表","10","update_time","更新时间","timestamp","","","Y","","","N","N","","N","基础版字段定义，后续可按数据库规范细化。 PostgreSQL适配：由 datetime 调整为 timestamp。"
"P0","核心运行层","pro_sap_bom_item_map","SAP BOM行映射表","11","del_flag","逻辑删除标识","char","1","","N","'0'","sys_del_flag","N","N","","","0存在 2删除"
"P0","核心运行层","pro_sap_bom_item_map","SAP BOM行映射表","12","remark","备注","varchar","500","","Y","","","N","N","","N","基础版字段定义，后续可按数据库规范细化。"
"P0","核心运行层","pro_sap_routing_map","SAP工艺路线映射表","1","sap_routing_map_id","SAP工艺路线映射ID","bigint","20","","N","","","Y","N","","N","主键，建议使用雪花ID或数据库统一ID生成策略。"
"P0","核心运行层","pro_sap_routing_map","SAP工艺路线映射表","2","sap_routing_ref_id","SAP工艺路线参考ID","bigint","20","","N","","","N","Y","pro_sap_routing_ref.sap_routing_ref_id","Y","基础版字段定义，后续可按数据库规范细化。"
"P0","核心运行层","pro_sap_routing_map","SAP工艺路线映射表","3","routing_id","工艺路线ID","bigint","20","","N","","","N","Y","pro_routing_header.routing_id","N","基础版字段定义，后续可按数据库规范细化。"
"P0","核心运行层","pro_sap_routing_map","SAP工艺路线映射表","4","map_status","映射状态","varchar","20","","N","0","status_dict","N","N","","N","基础版字段定义，后续可按数据库规范细化。"
"P0","核心运行层","pro_sap_routing_map","SAP工艺路线映射表","5","effective_from","生效开始时间","timestamp","","","Y","","","N","N","","N","基础版字段定义，后续可按数据库规范细化。 PostgreSQL适配：由 datetime 调整为 timestamp。"
"P0","核心运行层","pro_sap_routing_map","SAP工艺路线映射表","6","effective_to","生效结束时间","timestamp","","","Y","","","N","N","","N","基础版字段定义，后续可按数据库规范细化。 PostgreSQL适配：由 datetime 调整为 timestamp。"
"P0","核心运行层","pro_sap_routing_map","SAP工艺路线映射表","7","create_by","创建人","varchar","64","","N","","","N","N","","N","基础版字段定义，后续可按数据库规范细化。"
"P0","核心运行层","pro_sap_routing_map","SAP工艺路线映射表","8","create_time","创建时间","timestamp","","","N","","","N","N","","N","基础版字段定义，后续可按数据库规范细化。 PostgreSQL适配：由 datetime 调整为 timestamp。"
"P0","核心运行层","pro_sap_routing_map","SAP工艺路线映射表","9","update_by","更新人","varchar","64","","Y","","","N","N","","N","基础版字段定义，后续可按数据库规范细化。"
"P0","核心运行层","pro_sap_routing_map","SAP工艺路线映射表","10","update_time","更新时间","timestamp","","","Y","","","N","N","","N","基础版字段定义，后续可按数据库规范细化。 PostgreSQL适配：由 datetime 调整为 timestamp。"
"P0","核心运行层","pro_sap_routing_map","SAP工艺路线映射表","11","del_flag","逻辑删除标识","char","1","","N","'0'","sys_del_flag","N","N","","","0存在 2删除"
"P0","核心运行层","pro_sap_routing_map","SAP工艺路线映射表","12","remark","备注","varchar","500","","Y","","","N","N","","N","基础版字段定义，后续可按数据库规范细化。"
"P0","核心运行层","pro_sap_operation_map","SAP工序映射表","1","sap_operation_map_id","SAP工序映射ID","bigint","20","","N","","","Y","N","","N","主键，建议使用雪花ID或数据库统一ID生成策略。"
"P0","核心运行层","pro_sap_operation_map","SAP工序映射表","2","sap_operation_ref_id","SAP工序参考ID","bigint","20","","N","","","N","Y","pro_sap_operation_ref.sap_operation_ref_id","Y","基础版字段定义，后续可按数据库规范细化。"
"P0","核心运行层","pro_sap_operation_map","SAP工序映射表","3","operation_id","工序ID","bigint","20","","N","","","N","Y","pro_routing_operation.operation_id","N","基础版字段定义，后续可按数据库规范细化。"
"P0","核心运行层","pro_sap_operation_map","SAP工序映射表","4","map_status","映射状态","varchar","20","","N","0","status_dict","N","N","","N","基础版字段定义，后续可按数据库规范细化。"
"P0","核心运行层","pro_sap_operation_map","SAP工序映射表","5","effective_from","生效开始时间","timestamp","","","Y","","","N","N","","N","基础版字段定义，后续可按数据库规范细化。 PostgreSQL适配：由 datetime 调整为 timestamp。"
"P0","核心运行层","pro_sap_operation_map","SAP工序映射表","6","effective_to","生效结束时间","timestamp","","","Y","","","N","N","","N","基础版字段定义，后续可按数据库规范细化。 PostgreSQL适配：由 datetime 调整为 timestamp。"
"P0","核心运行层","pro_sap_operation_map","SAP工序映射表","7","create_by","创建人","varchar","64","","N","","","N","N","","N","基础版字段定义，后续可按数据库规范细化。"
"P0","核心运行层","pro_sap_operation_map","SAP工序映射表","8","create_time","创建时间","timestamp","","","N","","","N","N","","N","基础版字段定义，后续可按数据库规范细化。 PostgreSQL适配：由 datetime 调整为 timestamp。"
"P0","核心运行层","pro_sap_operation_map","SAP工序映射表","9","update_by","更新人","varchar","64","","Y","","","N","N","","N","基础版字段定义，后续可按数据库规范细化。"
"P0","核心运行层","pro_sap_operation_map","SAP工序映射表","10","update_time","更新时间","timestamp","","","Y","","","N","N","","N","基础版字段定义，后续可按数据库规范细化。 PostgreSQL适配：由 datetime 调整为 timestamp。"
"P0","核心运行层","pro_sap_operation_map","SAP工序映射表","11","del_flag","逻辑删除标识","char","1","","N","'0'","sys_del_flag","N","N","","","0存在 2删除"
"P0","核心运行层","pro_sap_operation_map","SAP工序映射表","12","remark","备注","varchar","500","","Y","","","N","N","","N","基础版字段定义，后续可按数据库规范细化。"
"P0","核心运行层","pro_sap_work_center_map","SAP工作中心映射表","1","sap_wc_map_id","SAP工作中心映射ID","bigint","20","","N","","","Y","N","","N","主键，建议使用雪花ID或数据库统一ID生成策略。"
"P0","核心运行层","pro_sap_work_center_map","SAP工作中心映射表","2","sap_work_center_ref_id","SAP工作中心参考ID","bigint","20","","N","","","N","Y","pro_sap_work_center_ref.sap_work_center_ref_id","Y","基础版字段定义，后续可按数据库规范细化。"
"P0","核心运行层","pro_sap_work_center_map","SAP工作中心映射表","3","work_center_id","工作中心ID","bigint","20","","N","","","N","Y","pro_work_center_master.work_center_id","N","基础版字段定义，后续可按数据库规范细化。"
"P0","核心运行层","pro_sap_work_center_map","SAP工作中心映射表","4","plant_id","工厂ID","bigint","20","","N","","","N","Y","pro_plant_master.plant_id","N","基础版字段定义，后续可按数据库规范细化。"
"P0","核心运行层","pro_sap_work_center_map","SAP工作中心映射表","5","map_status","映射状态","varchar","20","","N","0","status_dict","N","N","","N","基础版字段定义，后续可按数据库规范细化。"
"P0","核心运行层","pro_sap_work_center_map","SAP工作中心映射表","6","effective_from","生效开始时间","timestamp","","","Y","","","N","N","","N","基础版字段定义，后续可按数据库规范细化。 PostgreSQL适配：由 datetime 调整为 timestamp。"
"P0","核心运行层","pro_sap_work_center_map","SAP工作中心映射表","7","effective_to","生效结束时间","timestamp","","","Y","","","N","N","","N","基础版字段定义，后续可按数据库规范细化。 PostgreSQL适配：由 datetime 调整为 timestamp。"
"P0","核心运行层","pro_sap_work_center_map","SAP工作中心映射表","8","create_by","创建人","varchar","64","","N","","","N","N","","N","基础版字段定义，后续可按数据库规范细化。"
"P0","核心运行层","pro_sap_work_center_map","SAP工作中心映射表","9","create_time","创建时间","timestamp","","","N","","","N","N","","N","基础版字段定义，后续可按数据库规范细化。 PostgreSQL适配：由 datetime 调整为 timestamp。"
"P0","核心运行层","pro_sap_work_center_map","SAP工作中心映射表","10","update_by","更新人","varchar","64","","Y","","","N","N","","N","基础版字段定义，后续可按数据库规范细化。"
"P0","核心运行层","pro_sap_work_center_map","SAP工作中心映射表","11","update_time","更新时间","timestamp","","","Y","","","N","N","","N","基础版字段定义，后续可按数据库规范细化。 PostgreSQL适配：由 datetime 调整为 timestamp。"
"P0","核心运行层","pro_sap_work_center_map","SAP工作中心映射表","12","del_flag","逻辑删除标识","char","1","","N","'0'","sys_del_flag","N","N","","","0存在 2删除"
"P0","核心运行层","pro_sap_work_center_map","SAP工作中心映射表","13","remark","备注","varchar","500","","Y","","","N","N","","N","基础版字段定义，后续可按数据库规范细化。"
"P0","核心运行层","pro_sap_production_order_map","SAP生产订单映射表","1","sap_prod_order_map_id","SAP生产订单映射ID","bigint","20","","N","","","Y","N","","N","主键，建议使用雪花ID或数据库统一ID生成策略。"
"P0","核心运行层","pro_sap_production_order_map","SAP生产订单映射表","2","sap_prod_order_ref_id","SAP生产订单参考ID","bigint","20","","N","","","N","Y","pro_sap_production_order_ref.sap_prod_order_ref_id","Y","基础版字段定义，后续可按数据库规范细化。"
"P0","核心运行层","pro_sap_production_order_map","SAP生产订单映射表","3","prod_order_id","生产工单ID","bigint","20","","N","","","N","Y","pro_production_order.prod_order_id","N","基础版字段定义，后续可按数据库规范细化。"
"P0","核心运行层","pro_sap_production_order_map","SAP生产订单映射表","4","map_status","映射状态","varchar","20","","N","0","status_dict","N","N","","N","基础版字段定义，后续可按数据库规范细化。"
"P0","核心运行层","pro_sap_production_order_map","SAP生产订单映射表","5","effective_from","生效开始时间","timestamp","","","Y","","","N","N","","N","基础版字段定义，后续可按数据库规范细化。 PostgreSQL适配：由 datetime 调整为 timestamp。"
"P0","核心运行层","pro_sap_production_order_map","SAP生产订单映射表","6","effective_to","生效结束时间","timestamp","","","Y","","","N","N","","N","基础版字段定义，后续可按数据库规范细化。 PostgreSQL适配：由 datetime 调整为 timestamp。"
"P0","核心运行层","pro_sap_production_order_map","SAP生产订单映射表","7","create_by","创建人","varchar","64","","N","","","N","N","","N","基础版字段定义，后续可按数据库规范细化。"
"P0","核心运行层","pro_sap_production_order_map","SAP生产订单映射表","8","create_time","创建时间","timestamp","","","N","","","N","N","","N","基础版字段定义，后续可按数据库规范细化。 PostgreSQL适配：由 datetime 调整为 timestamp。"
"P0","核心运行层","pro_sap_production_order_map","SAP生产订单映射表","9","update_by","更新人","varchar","64","","Y","","","N","N","","N","基础版字段定义，后续可按数据库规范细化。"
"P0","核心运行层","pro_sap_production_order_map","SAP生产订单映射表","10","update_time","更新时间","timestamp","","","Y","","","N","N","","N","基础版字段定义，后续可按数据库规范细化。 PostgreSQL适配：由 datetime 调整为 timestamp。"
"P0","核心运行层","pro_sap_production_order_map","SAP生产订单映射表","11","del_flag","逻辑删除标识","char","1","","N","'0'","sys_del_flag","N","N","","","0存在 2删除"
"P0","核心运行层","pro_sap_production_order_map","SAP生产订单映射表","12","remark","备注","varchar","500","","Y","","","N","N","","N","基础版字段定义，后续可按数据库规范细化。"
"P1","增强协同层","pro_equipment_master","设备主数据表","1","equipment_id","设备ID","bigint","20","","N","","","Y","N","","N","主键，建议使用雪花ID或数据库统一ID生成策略。"
"P1","增强协同层","pro_equipment_master","设备主数据表","2","plant_id","工厂ID","bigint","20","","N","","","N","Y","pro_plant_master.plant_id","Y","基础版字段定义，后续可按数据库规范细化。"
"P1","增强协同层","pro_equipment_master","设备主数据表","3","work_center_id","工作中心ID","bigint","20","","N","","","N","Y","pro_work_center_master.work_center_id","N","基础版字段定义，后续可按数据库规范细化。"
"P1","增强协同层","pro_equipment_master","设备主数据表","4","equipment_code","设备编码","varchar","64","","N","","","N","N","","Y","基础版字段定义，后续可按数据库规范细化。"
"P1","增强协同层","pro_equipment_master","设备主数据表","5","equipment_name","设备名称","varchar","128","","N","","","N","N","","N","基础版字段定义，后续可按数据库规范细化。"
"P1","增强协同层","pro_equipment_master","设备主数据表","6","equipment_type","设备类型","varchar","32","","Y","","type_dict","N","N","","N","基础版字段定义，后续可按数据库规范细化。"
"P1","增强协同层","pro_equipment_master","设备主数据表","7","asset_no","资产编号","varchar","64","","N","","","N","N","","N","基础版字段定义，后续可按数据库规范细化。"
"P1","增强协同层","pro_equipment_master","设备主数据表","8","equipment_status","设备状态","varchar","20","","N","0","status_dict","N","N","","N","基础版字段定义，后续可按数据库规范细化。"
"P1","增强协同层","pro_equipment_master","设备主数据表","9","create_by","创建人","varchar","64","","N","","","N","N","","N","基础版字段定义，后续可按数据库规范细化。"
"P1","增强协同层","pro_equipment_master","设备主数据表","10","create_time","创建时间","timestamp","","","N","","","N","N","","N","基础版字段定义，后续可按数据库规范细化。 PostgreSQL适配：由 datetime 调整为 timestamp。"
"P1","增强协同层","pro_equipment_master","设备主数据表","11","update_by","更新人","varchar","64","","Y","","","N","N","","N","基础版字段定义，后续可按数据库规范细化。"
"P1","增强协同层","pro_equipment_master","设备主数据表","12","update_time","更新时间","timestamp","","","Y","","","N","N","","N","基础版字段定义，后续可按数据库规范细化。 PostgreSQL适配：由 datetime 调整为 timestamp。"
"P1","增强协同层","pro_equipment_master","设备主数据表","13","del_flag","逻辑删除标识","char","1","","N","'0'","sys_del_flag","N","N","","","0存在 2删除"
"P1","增强协同层","pro_equipment_master","设备主数据表","14","remark","备注","varchar","500","","Y","","","N","N","","N","基础版字段定义，后续可按数据库规范细化。"
"P1","增强协同层","pro_person_master","人员主数据表","1","person_id","人员ID","bigint","20","","N","","","Y","N","","N","主键，建议使用雪花ID或数据库统一ID生成策略。"
"P1","增强协同层","pro_person_master","人员主数据表","2","person_code","人员编码","varchar","64","","N","","","N","N","","Y","基础版字段定义，后续可按数据库规范细化。"
"P1","增强协同层","pro_person_master","人员主数据表","3","person_name","人员姓名","varchar","128","","N","","","N","N","","N","基础版字段定义，后续可按数据库规范细化。"
"P1","增强协同层","pro_person_master","人员主数据表","4","person_type","人员类型","varchar","32","","Y","","type_dict","N","N","","N","基础版字段定义，后续可按数据库规范细化。"
"P1","增强协同层","pro_person_master","人员主数据表","5","dept_code","部门编码","varchar","64","","N","","","N","N","","N","基础版字段定义，后续可按数据库规范细化。"
"P1","增强协同层","pro_person_master","人员主数据表","6","phone","电话","varchar","64","","Y","","","N","N","","N","基础版字段定义，后续可按数据库规范细化。"
"P1","增强协同层","pro_person_master","人员主数据表","7","email","邮箱","varchar","64","","Y","","","N","N","","N","基础版字段定义，后续可按数据库规范细化。"
"P1","增强协同层","pro_person_master","人员主数据表","8","status","状态","varchar","20","","N","0","status_dict","N","N","","N","基础版字段定义，后续可按数据库规范细化。"
"P1","增强协同层","pro_person_master","人员主数据表","9","create_by","创建人","varchar","64","","N","","","N","N","","N","基础版字段定义，后续可按数据库规范细化。"
"P1","增强协同层","pro_person_master","人员主数据表","10","create_time","创建时间","timestamp","","","N","","","N","N","","N","基础版字段定义，后续可按数据库规范细化。 PostgreSQL适配：由 datetime 调整为 timestamp。"
"P1","增强协同层","pro_person_master","人员主数据表","11","update_by","更新人","varchar","64","","Y","","","N","N","","N","基础版字段定义，后续可按数据库规范细化。"
"P1","增强协同层","pro_person_master","人员主数据表","12","update_time","更新时间","timestamp","","","Y","","","N","N","","N","基础版字段定义，后续可按数据库规范细化。 PostgreSQL适配：由 datetime 调整为 timestamp。"
"P1","增强协同层","pro_person_master","人员主数据表","13","del_flag","逻辑删除标识","char","1","","N","'0'","sys_del_flag","N","N","","","0存在 2删除"
"P1","增强协同层","pro_person_master","人员主数据表","14","remark","备注","varchar","500","","Y","","","N","N","","N","基础版字段定义，后续可按数据库规范细化。"
"P1","增强协同层","pro_work_center_person_map","工作中心人员关系表","1","wc_person_map_id","工作中心人员关系ID","bigint","20","","N","","","Y","N","","N","主键，建议使用雪花ID或数据库统一ID生成策略。"
"P1","增强协同层","pro_work_center_person_map","工作中心人员关系表","2","work_center_id","工作中心ID","bigint","20","","N","","","N","Y","pro_work_center_master.work_center_id","Y","基础版字段定义，后续可按数据库规范细化。"
"P1","增强协同层","pro_work_center_person_map","工作中心人员关系表","3","person_id","人员ID","bigint","20","","N","","","N","Y","pro_person_master.person_id","Y","基础版字段定义，后续可按数据库规范细化。"
"P1","增强协同层","pro_work_center_person_map","工作中心人员关系表","4","role_type","角色类型","varchar","32","","Y","","type_dict","N","N","","Y","基础版字段定义，后续可按数据库规范细化。"
"P1","增强协同层","pro_work_center_person_map","工作中心人员关系表","5","effective_from","生效开始时间","timestamp","","","Y","","","N","N","","N","基础版字段定义，后续可按数据库规范细化。 PostgreSQL适配：由 datetime 调整为 timestamp。"
"P1","增强协同层","pro_work_center_person_map","工作中心人员关系表","6","effective_to","生效结束时间","timestamp","","","Y","","","N","N","","N","基础版字段定义，后续可按数据库规范细化。 PostgreSQL适配：由 datetime 调整为 timestamp。"
"P1","增强协同层","pro_work_center_person_map","工作中心人员关系表","7","status","状态","varchar","20","","N","0","status_dict","N","N","","N","基础版字段定义，后续可按数据库规范细化。"
"P1","增强协同层","pro_work_center_person_map","工作中心人员关系表","8","create_by","创建人","varchar","64","","N","","","N","N","","N","基础版字段定义，后续可按数据库规范细化。"
"P1","增强协同层","pro_work_center_person_map","工作中心人员关系表","9","create_time","创建时间","timestamp","","","N","","","N","N","","N","基础版字段定义，后续可按数据库规范细化。 PostgreSQL适配：由 datetime 调整为 timestamp。"
"P1","增强协同层","pro_work_center_person_map","工作中心人员关系表","10","update_by","更新人","varchar","64","","Y","","","N","N","","N","基础版字段定义，后续可按数据库规范细化。"
"P1","增强协同层","pro_work_center_person_map","工作中心人员关系表","11","update_time","更新时间","timestamp","","","Y","","","N","N","","N","基础版字段定义，后续可按数据库规范细化。 PostgreSQL适配：由 datetime 调整为 timestamp。"
"P1","增强协同层","pro_work_center_person_map","工作中心人员关系表","12","del_flag","逻辑删除标识","char","1","","N","'0'","sys_del_flag","N","N","","","0存在 2删除"
"P1","增强协同层","pro_work_center_person_map","工作中心人员关系表","13","remark","备注","varchar","500","","Y","","","N","N","","N","基础版字段定义，后续可按数据库规范细化。"
"P1","增强协同层","pro_tooling_master","工装主数据表","1","tooling_id","工装ID","bigint","20","","N","","","Y","N","","N","主键，建议使用雪花ID或数据库统一ID生成策略。"
"P1","增强协同层","pro_tooling_master","工装主数据表","2","tooling_code","工装编码","varchar","64","","N","","","N","N","","Y","基础版字段定义，后续可按数据库规范细化。"
"P1","增强协同层","pro_tooling_master","工装主数据表","3","tooling_name","工装名称","varchar","128","","N","","","N","N","","N","基础版字段定义，后续可按数据库规范细化。"
"P1","增强协同层","pro_tooling_master","工装主数据表","4","tooling_type","工装类型","varchar","32","","Y","","type_dict","N","N","","N","基础版字段定义，后续可按数据库规范细化。"
"P1","增强协同层","pro_tooling_master","工装主数据表","5","spec_model","规格型号","varchar","64","","Y","","","N","N","","N","基础版字段定义，后续可按数据库规范细化。"
"P1","增强协同层","pro_tooling_master","工装主数据表","6","owner_dept","所属部门","varchar","64","","Y","","","N","N","","N","基础版字段定义，后续可按数据库规范细化。"
"P1","增强协同层","pro_tooling_master","工装主数据表","7","status","状态","varchar","20","","N","0","status_dict","N","N","","N","基础版字段定义，后续可按数据库规范细化。"
"P1","增强协同层","pro_tooling_master","工装主数据表","8","create_by","创建人","varchar","64","","N","","","N","N","","N","基础版字段定义，后续可按数据库规范细化。"
"P1","增强协同层","pro_tooling_master","工装主数据表","9","create_time","创建时间","timestamp","","","N","","","N","N","","N","基础版字段定义，后续可按数据库规范细化。 PostgreSQL适配：由 datetime 调整为 timestamp。"
"P1","增强协同层","pro_tooling_master","工装主数据表","10","update_by","更新人","varchar","64","","Y","","","N","N","","N","基础版字段定义，后续可按数据库规范细化。"
"P1","增强协同层","pro_tooling_master","工装主数据表","11","update_time","更新时间","timestamp","","","Y","","","N","N","","N","基础版字段定义，后续可按数据库规范细化。 PostgreSQL适配：由 datetime 调整为 timestamp。"
"P1","增强协同层","pro_tooling_master","工装主数据表","12","del_flag","逻辑删除标识","char","1","","N","'0'","sys_del_flag","N","N","","","0存在 2删除"
"P1","增强协同层","pro_tooling_master","工装主数据表","13","remark","备注","varchar","500","","Y","","","N","N","","N","基础版字段定义，后续可按数据库规范细化。"
"P1","增强协同层","pro_fixture_master","夹具主数据表","1","fixture_id","夹具ID","bigint","20","","N","","","Y","N","","N","主键，建议使用雪花ID或数据库统一ID生成策略。"
"P1","增强协同层","pro_fixture_master","夹具主数据表","2","fixture_code","夹具编码","varchar","64","","N","","","N","N","","Y","基础版字段定义，后续可按数据库规范细化。"
"P1","增强协同层","pro_fixture_master","夹具主数据表","3","fixture_name","夹具名称","varchar","128","","N","","","N","N","","N","基础版字段定义，后续可按数据库规范细化。"
"P1","增强协同层","pro_fixture_master","夹具主数据表","4","fixture_type","夹具类型","varchar","32","","Y","","type_dict","N","N","","N","基础版字段定义，后续可按数据库规范细化。"
"P1","增强协同层","pro_fixture_master","夹具主数据表","5","spec_model","规格型号","varchar","64","","Y","","","N","N","","N","基础版字段定义，后续可按数据库规范细化。"
"P1","增强协同层","pro_fixture_master","夹具主数据表","6","owner_dept","所属部门","varchar","64","","Y","","","N","N","","N","基础版字段定义，后续可按数据库规范细化。"
"P1","增强协同层","pro_fixture_master","夹具主数据表","7","status","状态","varchar","20","","N","0","status_dict","N","N","","N","基础版字段定义，后续可按数据库规范细化。"
"P1","增强协同层","pro_fixture_master","夹具主数据表","8","create_by","创建人","varchar","64","","N","","","N","N","","N","基础版字段定义，后续可按数据库规范细化。"
"P1","增强协同层","pro_fixture_master","夹具主数据表","9","create_time","创建时间","timestamp","","","N","","","N","N","","N","基础版字段定义，后续可按数据库规范细化。 PostgreSQL适配：由 datetime 调整为 timestamp。"
"P1","增强协同层","pro_fixture_master","夹具主数据表","10","update_by","更新人","varchar","64","","Y","","","N","N","","N","基础版字段定义，后续可按数据库规范细化。"
"P1","增强协同层","pro_fixture_master","夹具主数据表","11","update_time","更新时间","timestamp","","","Y","","","N","N","","N","基础版字段定义，后续可按数据库规范细化。 PostgreSQL适配：由 datetime 调整为 timestamp。"
"P1","增强协同层","pro_fixture_master","夹具主数据表","12","del_flag","逻辑删除标识","char","1","","N","'0'","sys_del_flag","N","N","","","0存在 2删除"
"P1","增强协同层","pro_fixture_master","夹具主数据表","13","remark","备注","varchar","500","","Y","","","N","N","","N","基础版字段定义，后续可按数据库规范细化。"
"P1","增强协同层","pro_bom_substitution_group","BOM替代组表","1","bom_sub_group_id","替代组ID","bigint","20","","N","","","Y","N","","N","主键，建议使用雪花ID或数据库统一ID生成策略。"
"P1","增强协同层","pro_bom_substitution_group","BOM替代组表","2","bom_item_id","BOM明细ID","bigint","20","","N","","","N","Y","pro_bom_item.bom_item_id","Y","基础版字段定义，后续可按数据库规范细化。"
"P1","增强协同层","pro_bom_substitution_group","BOM替代组表","3","group_code","组编码","varchar","64","","N","","","N","N","","Y","基础版字段定义，后续可按数据库规范细化。"
"P1","增强协同层","pro_bom_substitution_group","BOM替代组表","4","group_name","组名称","varchar","128","","N","","","N","N","","N","基础版字段定义，后续可按数据库规范细化。"
"P1","增强协同层","pro_bom_substitution_group","BOM替代组表","5","substitution_type","替代类型","varchar","32","","Y","","type_dict","N","N","","N","基础版字段定义，后续可按数据库规范细化。"
"P1","增强协同层","pro_bom_substitution_group","BOM替代组表","6","priority_rule","优先级规则","varchar","64","","Y","","","N","N","","N","基础版字段定义，后续可按数据库规范细化。"
"P1","增强协同层","pro_bom_substitution_group","BOM替代组表","7","approval_required_flag","是否需要审批","char","1","","N","N","sys_yes_no","N","N","","N","基础版字段定义，后续可按数据库规范细化。"
"P1","增强协同层","pro_bom_substitution_group","BOM替代组表","8","status","状态","varchar","20","","N","0","status_dict","N","N","","N","基础版字段定义，后续可按数据库规范细化。"
"P1","增强协同层","pro_bom_substitution_group","BOM替代组表","9","create_by","创建人","varchar","64","","N","","","N","N","","N","基础版字段定义，后续可按数据库规范细化。"
"P1","增强协同层","pro_bom_substitution_group","BOM替代组表","10","create_time","创建时间","timestamp","","","N","","","N","N","","N","基础版字段定义，后续可按数据库规范细化。 PostgreSQL适配：由 datetime 调整为 timestamp。"
"P1","增强协同层","pro_bom_substitution_group","BOM替代组表","11","update_by","更新人","varchar","64","","Y","","","N","N","","N","基础版字段定义，后续可按数据库规范细化。"
"P1","增强协同层","pro_bom_substitution_group","BOM替代组表","12","update_time","更新时间","timestamp","","","Y","","","N","N","","N","基础版字段定义，后续可按数据库规范细化。 PostgreSQL适配：由 datetime 调整为 timestamp。"
"P1","增强协同层","pro_bom_substitution_group","BOM替代组表","13","del_flag","逻辑删除标识","char","1","","N","'0'","sys_del_flag","N","N","","","0存在 2删除"
"P1","增强协同层","pro_bom_substitution_group","BOM替代组表","14","remark","备注","varchar","500","","Y","","","N","N","","N","基础版字段定义，后续可按数据库规范细化。"
"P1","增强协同层","pro_bom_substitution_item","BOM替代料明细表","1","bom_sub_item_id","替代料明细ID","bigint","20","","N","","","Y","N","","N","主键，建议使用雪花ID或数据库统一ID生成策略。"
"P1","增强协同层","pro_bom_substitution_item","BOM替代料明细表","2","bom_sub_group_id","替代组ID","bigint","20","","N","","","N","Y","pro_bom_substitution_group.bom_sub_group_id","Y","基础版字段定义，后续可按数据库规范细化。"
"P1","增强协同层","pro_bom_substitution_item","BOM替代料明细表","3","sub_material_id","替代物料ID","bigint","20","","N","","","N","Y","pro_material_master.material_id","Y","基础版字段定义，后续可按数据库规范细化。"
"P1","增强协同层","pro_bom_substitution_item","BOM替代料明细表","4","priority_no","优先级","varchar","64","","N","","","N","N","","N","基础版字段定义，后续可按数据库规范细化。"
"P1","增强协同层","pro_bom_substitution_item","BOM替代料明细表","5","sub_qty","替代数量","numeric","18","6","N","0","","N","N","","N","基础版字段定义，后续可按数据库规范细化。 PostgreSQL适配：由 decimal 调整为 numeric。"
"P1","增强协同层","pro_bom_substitution_item","BOM替代料明细表","6","sub_uom","替代单位","varchar","20","","Y","","mes_uom","N","N","","N","基础版字段定义，后续可按数据库规范细化。"
"P1","增强协同层","pro_bom_substitution_item","BOM替代料明细表","7","effective_from","生效开始时间","timestamp","","","Y","","","N","N","","N","基础版字段定义，后续可按数据库规范细化。 PostgreSQL适配：由 datetime 调整为 timestamp。"
"P1","增强协同层","pro_bom_substitution_item","BOM替代料明细表","8","effective_to","生效结束时间","timestamp","","","Y","","","N","N","","N","基础版字段定义，后续可按数据库规范细化。 PostgreSQL适配：由 datetime 调整为 timestamp。"
"P1","增强协同层","pro_bom_substitution_item","BOM替代料明细表","9","approval_status","审批状态","varchar","20","","N","0","mes_approval_status","N","N","","N","基础版字段定义，后续可按数据库规范细化。"
"P1","增强协同层","pro_bom_substitution_item","BOM替代料明细表","10","status","状态","varchar","20","","N","0","status_dict","N","N","","N","基础版字段定义，后续可按数据库规范细化。"
"P1","增强协同层","pro_bom_substitution_item","BOM替代料明细表","11","create_by","创建人","varchar","64","","N","","","N","N","","N","基础版字段定义，后续可按数据库规范细化。"
"P1","增强协同层","pro_bom_substitution_item","BOM替代料明细表","12","create_time","创建时间","timestamp","","","N","","","N","N","","N","基础版字段定义，后续可按数据库规范细化。 PostgreSQL适配：由 datetime 调整为 timestamp。"
"P1","增强协同层","pro_bom_substitution_item","BOM替代料明细表","13","update_by","更新人","varchar","64","","Y","","","N","N","","N","基础版字段定义，后续可按数据库规范细化。"
"P1","增强协同层","pro_bom_substitution_item","BOM替代料明细表","14","update_time","更新时间","timestamp","","","Y","","","N","N","","N","基础版字段定义，后续可按数据库规范细化。 PostgreSQL适配：由 datetime 调整为 timestamp。"
"P1","增强协同层","pro_bom_substitution_item","BOM替代料明细表","15","del_flag","逻辑删除标识","char","1","","N","'0'","sys_del_flag","N","N","","","0存在 2删除"
"P1","增强协同层","pro_bom_substitution_item","BOM替代料明细表","16","remark","备注","varchar","500","","Y","","","N","N","","N","基础版字段定义，后续可按数据库规范细化。"
"P1","增强协同层","pro_bom_cutover_rule","BOM切换规则表","1","cutover_rule_id","切换规则ID","bigint","20","","N","","","Y","N","","N","主键，建议使用雪花ID或数据库统一ID生成策略。"
"P1","增强协同层","pro_bom_cutover_rule","BOM切换规则表","2","bom_item_id","BOM明细ID","bigint","20","","N","","","N","Y","pro_bom_item.bom_item_id","Y","基础版字段定义，后续可按数据库规范细化。"
"P1","增强协同层","pro_bom_cutover_rule","BOM切换规则表","3","from_material_id","原物料ID","bigint","20","","N","","","N","Y","pro_material_master.material_id","Y","基础版字段定义，后续可按数据库规范细化。"
"P1","增强协同层","pro_bom_cutover_rule","BOM切换规则表","4","to_material_id","新物料ID","bigint","20","","N","","","N","Y","pro_material_master.material_id","Y","基础版字段定义，后续可按数据库规范细化。"
"P1","增强协同层","pro_bom_cutover_rule","BOM切换规则表","5","cutover_type","切换类型","varchar","32","","Y","","type_dict","N","N","","Y","基础版字段定义，后续可按数据库规范细化。"
"P1","增强协同层","pro_bom_cutover_rule","BOM切换规则表","6","trigger_type","触发类型","varchar","32","","Y","","type_dict","N","N","","Y","基础版字段定义，后续可按数据库规范细化。"
"P1","增强协同层","pro_bom_cutover_rule","BOM切换规则表","7","trigger_value","触发值","varchar","64","","Y","","","N","N","","N","基础版字段定义，后续可按数据库规范细化。"
"P1","增强协同层","pro_bom_cutover_rule","BOM切换规则表","8","effective_from","生效开始时间","timestamp","","","Y","","","N","N","","N","基础版字段定义，后续可按数据库规范细化。 PostgreSQL适配：由 datetime 调整为 timestamp。"
"P1","增强协同层","pro_bom_cutover_rule","BOM切换规则表","9","effective_to","生效结束时间","timestamp","","","Y","","","N","N","","N","基础版字段定义，后续可按数据库规范细化。 PostgreSQL适配：由 datetime 调整为 timestamp。"
"P1","增强协同层","pro_bom_cutover_rule","BOM切换规则表","10","rule_status","规则状态","varchar","20","","N","0","status_dict","N","N","","N","基础版字段定义，后续可按数据库规范细化。"
"P1","增强协同层","pro_bom_cutover_rule","BOM切换规则表","11","create_by","创建人","varchar","64","","N","","","N","N","","N","基础版字段定义，后续可按数据库规范细化。"
"P1","增强协同层","pro_bom_cutover_rule","BOM切换规则表","12","create_time","创建时间","timestamp","","","N","","","N","N","","N","基础版字段定义，后续可按数据库规范细化。 PostgreSQL适配：由 datetime 调整为 timestamp。"
"P1","增强协同层","pro_bom_cutover_rule","BOM切换规则表","13","update_by","更新人","varchar","64","","Y","","","N","N","","N","基础版字段定义，后续可按数据库规范细化。"
"P1","增强协同层","pro_bom_cutover_rule","BOM切换规则表","14","update_time","更新时间","timestamp","","","Y","","","N","N","","N","基础版字段定义，后续可按数据库规范细化。 PostgreSQL适配：由 datetime 调整为 timestamp。"
"P1","增强协同层","pro_bom_cutover_rule","BOM切换规则表","15","del_flag","逻辑删除标识","char","1","","N","'0'","sys_del_flag","N","N","","","0存在 2删除"
"P1","增强协同层","pro_bom_cutover_rule","BOM切换规则表","16","remark","备注","varchar","500","","Y","","","N","N","","N","基础版字段定义，后续可按数据库规范细化。"
"P1","增强协同层","pro_bom_cutover_execution_log","BOM切换执行日志表","1","cutover_exec_id","切换执行ID","bigint","20","","N","","","Y","N","","N","主键，建议使用雪花ID或数据库统一ID生成策略。"
"P1","增强协同层","pro_bom_cutover_execution_log","BOM切换执行日志表","2","cutover_rule_id","切换规则ID","bigint","20","","N","","","N","Y","pro_bom_cutover_rule.cutover_rule_id","Y","基础版字段定义，后续可按数据库规范细化。"
"P1","增强协同层","pro_bom_cutover_execution_log","BOM切换执行日志表","3","prod_order_id","生产工单ID","bigint","20","","N","","","N","Y","pro_production_order.prod_order_id","N","基础版字段定义，后续可按数据库规范细化。"
"P1","增强协同层","pro_bom_cutover_execution_log","BOM切换执行日志表","4","order_component_id","工单组件ID","bigint","20","","N","","","N","Y","pro_order_component.order_component_id","Y","基础版字段定义，后续可按数据库规范细化。"
"P1","增强协同层","pro_bom_cutover_execution_log","BOM切换执行日志表","5","from_material_id","原物料ID","bigint","20","","N","","","N","N","","N","基础版字段定义，后续可按数据库规范细化。"
"P1","增强协同层","pro_bom_cutover_execution_log","BOM切换执行日志表","6","to_material_id","新物料ID","bigint","20","","N","","","N","N","","N","基础版字段定义，后续可按数据库规范细化。"
"P1","增强协同层","pro_bom_cutover_execution_log","BOM切换执行日志表","7","trigger_value","触发值","varchar","64","","Y","","","N","N","","N","基础版字段定义，后续可按数据库规范细化。"
"P1","增强协同层","pro_bom_cutover_execution_log","BOM切换执行日志表","8","exec_time","执行时间","timestamp","","","Y","","","N","N","","N","基础版字段定义，后续可按数据库规范细化。 PostgreSQL适配：由 datetime 调整为 timestamp。"
"P1","增强协同层","pro_bom_cutover_execution_log","BOM切换执行日志表","9","exec_result","执行结果","varchar","64","","Y","","","N","N","","N","基础版字段定义，后续可按数据库规范细化。"
"P1","增强协同层","pro_bom_cutover_execution_log","BOM切换执行日志表","10","create_by","创建人","varchar","64","","N","","","N","N","","N","基础版字段定义，后续可按数据库规范细化。"
"P1","增强协同层","pro_bom_cutover_execution_log","BOM切换执行日志表","11","create_time","创建时间","timestamp","","","N","","","N","N","","N","基础版字段定义，后续可按数据库规范细化。 PostgreSQL适配：由 datetime 调整为 timestamp。"
"P1","增强协同层","pro_bom_cutover_execution_log","BOM切换执行日志表","12","del_flag","逻辑删除标识","char","1","","N","'0'","sys_del_flag","N","N","","","0存在 2删除"
"P1","增强协同层","pro_bom_cutover_execution_log","BOM切换执行日志表","13","remark","备注","varchar","500","","Y","","","N","N","","N","基础版字段定义，后续可按数据库规范细化。"
"P1","增强协同层","pro_operation_relation","工序关系表","1","op_relation_id","工序关系ID","bigint","20","","N","","","Y","N","","N","主键，建议使用雪花ID或数据库统一ID生成策略。"
"P1","增强协同层","pro_operation_relation","工序关系表","2","routing_id","工艺路线ID","bigint","20","","N","","","N","Y","pro_routing_header.routing_id","Y","基础版字段定义，后续可按数据库规范细化。"
"P1","增强协同层","pro_operation_relation","工序关系表","3","pre_operation_id","前置工序ID","bigint","20","","N","","","N","Y","pro_routing_operation.operation_id","Y","基础版字段定义，后续可按数据库规范细化。"
"P1","增强协同层","pro_operation_relation","工序关系表","4","next_operation_id","后续工序ID","bigint","20","","N","","","N","Y","pro_routing_operation.operation_id","Y","基础版字段定义，后续可按数据库规范细化。"
"P1","增强协同层","pro_operation_relation","工序关系表","5","relation_type","关系类型","varchar","32","","Y","","type_dict","N","N","","Y","基础版字段定义，后续可按数据库规范细化。"
"P1","增强协同层","pro_operation_relation","工序关系表","6","join_type","汇合方式","varchar","32","","Y","","type_dict","N","N","","N","基础版字段定义，后续可按数据库规范细化。"
"P1","增强协同层","pro_operation_relation","工序关系表","7","lag_time","间隔时间","numeric","18","2","Y","0","","N","N","","N","基础版字段定义，后续可按数据库规范细化。 PostgreSQL适配：由 decimal 调整为 numeric。"
"P1","增强协同层","pro_operation_relation","工序关系表","8","status","状态","varchar","20","","N","0","status_dict","N","N","","N","基础版字段定义，后续可按数据库规范细化。"
"P1","增强协同层","pro_operation_relation","工序关系表","9","create_by","创建人","varchar","64","","N","","","N","N","","N","基础版字段定义，后续可按数据库规范细化。"
"P1","增强协同层","pro_operation_relation","工序关系表","10","create_time","创建时间","timestamp","","","N","","","N","N","","N","基础版字段定义，后续可按数据库规范细化。 PostgreSQL适配：由 datetime 调整为 timestamp。"
"P1","增强协同层","pro_operation_relation","工序关系表","11","update_by","更新人","varchar","64","","Y","","","N","N","","N","基础版字段定义，后续可按数据库规范细化。"
"P1","增强协同层","pro_operation_relation","工序关系表","12","update_time","更新时间","timestamp","","","Y","","","N","N","","N","基础版字段定义，后续可按数据库规范细化。 PostgreSQL适配：由 datetime 调整为 timestamp。"
"P1","增强协同层","pro_operation_relation","工序关系表","13","del_flag","逻辑删除标识","char","1","","N","'0'","sys_del_flag","N","N","","","0存在 2删除"
"P1","增强协同层","pro_operation_relation","工序关系表","14","remark","备注","varchar","500","","Y","","","N","N","","N","基础版字段定义，后续可按数据库规范细化。"
"P1","增强协同层","pro_operation_resource","工序资源表","1","op_res_id","工序资源ID","bigint","20","","N","","","Y","N","","N","主键，建议使用雪花ID或数据库统一ID生成策略。"
"P1","增强协同层","pro_operation_resource","工序资源表","2","operation_id","工序ID","bigint","20","","N","","","N","Y","pro_routing_operation.operation_id","Y","基础版字段定义，后续可按数据库规范细化。"
"P1","增强协同层","pro_operation_resource","工序资源表","3","resource_type","资源类型","varchar","32","","N","","mes_operation_resource_type","N","N","","Y","资源类型：EQUIPMENT设备、TOOLING工装、FIXTURE夹具等。"
"P1","增强协同层","pro_operation_resource","工序资源表","4","equipment_id","设备ID","bigint","20","","Y","","","N","Y","pro_equipment_master.equipment_id","N","资源类型为设备时使用。"
"P1","增强协同层","pro_operation_resource","工序资源表","5","tooling_id","工装ID","bigint","20","","Y","","","N","Y","pro_tooling_master.tooling_id","N","资源类型为工装时使用。"
"P1","增强协同层","pro_operation_resource","工序资源表","6","fixture_id","夹具ID","bigint","20","","Y","","","N","Y","pro_fixture_master.fixture_id","N","资源类型为夹具时使用。"
"P1","增强协同层","pro_operation_resource","工序资源表","7","resource_id","资源ID","bigint","20","","Y","","","N","N","","Y","兼容字段，按resource_type记录资源主键；新开发优先使用equipment_id/tooling_id/fixture_id明确外键。"
"P1","增强协同层","pro_operation_resource","工序资源表","8","resource_code","资源编码","varchar","64","","N","","","N","N","","N","基础版字段定义，后续可按数据库规范细化。"
"P1","增强协同层","pro_operation_resource","工序资源表","9","resource_name","资源名称","varchar","128","","N","","","N","N","","N","基础版字段定义，后续可按数据库规范细化。"
"P1","增强协同层","pro_operation_resource","工序资源表","10","required_qty","需求数量","numeric","18","6","N","0","","N","N","","N","基础版字段定义，后续可按数据库规范细化。 PostgreSQL适配：由 decimal 调整为 numeric。"
"P1","增强协同层","pro_operation_resource","工序资源表","11","resource_uom","资源单位","varchar","20","","Y","","mes_uom","N","N","","N","基础版字段定义，后续可按数据库规范细化。"
"P1","增强协同层","pro_operation_resource","工序资源表","12","mandatory_flag","是否必需","char","1","","N","N","sys_yes_no","N","N","","N","基础版字段定义，后续可按数据库规范细化。"
"P1","增强协同层","pro_operation_resource","工序资源表","13","status","状态","varchar","20","","N","0","status_dict","N","N","","N","基础版字段定义，后续可按数据库规范细化。"
"P1","增强协同层","pro_operation_resource","工序资源表","14","create_by","创建人","varchar","64","","N","","","N","N","","N","基础版字段定义，后续可按数据库规范细化。"
"P1","增强协同层","pro_operation_resource","工序资源表","15","create_time","创建时间","timestamp","","","N","","","N","N","","N","基础版字段定义，后续可按数据库规范细化。 PostgreSQL适配：由 datetime 调整为 timestamp。"
"P1","增强协同层","pro_operation_resource","工序资源表","16","update_by","更新人","varchar","64","","Y","","","N","N","","N","基础版字段定义，后续可按数据库规范细化。"
"P1","增强协同层","pro_operation_resource","工序资源表","17","update_time","更新时间","timestamp","","","Y","","","N","N","","N","基础版字段定义，后续可按数据库规范细化。 PostgreSQL适配：由 datetime 调整为 timestamp。"
"P1","增强协同层","pro_operation_resource","工序资源表","18","del_flag","逻辑删除标识","char","1","","N","'0'","sys_del_flag","N","N","","","0存在 2删除"
"P1","增强协同层","pro_operation_resource","工序资源表","19","remark","备注","varchar","500","","Y","","","N","N","","N","基础版字段定义，后续可按数据库规范细化。"
"P1","增强协同层","pro_operation_parameter","工序参数表","1","op_param_id","工序参数ID","bigint","20","","N","","","Y","N","","N","主键，建议使用雪花ID或数据库统一ID生成策略。"
"P1","增强协同层","pro_operation_parameter","工序参数表","2","operation_id","工序ID","bigint","20","","N","","","N","Y","pro_routing_operation.operation_id","Y","基础版字段定义，后续可按数据库规范细化。"
"P1","增强协同层","pro_operation_parameter","工序参数表","3","param_code","参数编码","varchar","64","","N","","","N","N","","Y","基础版字段定义，后续可按数据库规范细化。"
"P1","增强协同层","pro_operation_parameter","工序参数表","4","param_name","参数名称","varchar","128","","N","","","N","N","","N","基础版字段定义，后续可按数据库规范细化。"
"P1","增强协同层","pro_operation_parameter","工序参数表","5","param_value","参数值","varchar","64","","Y","","","N","N","","N","基础版字段定义，后续可按数据库规范细化。"
"P1","增强协同层","pro_operation_parameter","工序参数表","6","param_uom","参数单位","varchar","20","","Y","","mes_uom","N","N","","N","基础版字段定义，后续可按数据库规范细化。"
"P1","增强协同层","pro_operation_parameter","工序参数表","7","upper_limit","上限值","numeric","18","6","Y","","","N","N","","N","基础版字段定义，后续可按数据库规范细化。 PostgreSQL适配：由 decimal 调整为 numeric。"
"P1","增强协同层","pro_operation_parameter","工序参数表","8","lower_limit","下限值","numeric","18","6","Y","","","N","N","","N","基础版字段定义，后续可按数据库规范细化。 PostgreSQL适配：由 decimal 调整为 numeric。"
"P1","增强协同层","pro_operation_parameter","工序参数表","9","control_type","控制类型","varchar","32","","Y","","type_dict","N","N","","N","基础版字段定义，后续可按数据库规范细化。"
"P1","增强协同层","pro_operation_parameter","工序参数表","10","status","状态","varchar","20","","N","0","status_dict","N","N","","N","基础版字段定义，后续可按数据库规范细化。"
"P1","增强协同层","pro_operation_parameter","工序参数表","11","create_by","创建人","varchar","64","","N","","","N","N","","N","基础版字段定义，后续可按数据库规范细化。"
"P1","增强协同层","pro_operation_parameter","工序参数表","12","create_time","创建时间","timestamp","","","N","","","N","N","","N","基础版字段定义，后续可按数据库规范细化。 PostgreSQL适配：由 datetime 调整为 timestamp。"
"P1","增强协同层","pro_operation_parameter","工序参数表","13","update_by","更新人","varchar","64","","Y","","","N","N","","N","基础版字段定义，后续可按数据库规范细化。"
"P1","增强协同层","pro_operation_parameter","工序参数表","14","update_time","更新时间","timestamp","","","Y","","","N","N","","N","基础版字段定义，后续可按数据库规范细化。 PostgreSQL适配：由 datetime 调整为 timestamp。"
"P1","增强协同层","pro_operation_parameter","工序参数表","15","del_flag","逻辑删除标识","char","1","","N","'0'","sys_del_flag","N","N","","","0存在 2删除"
"P1","增强协同层","pro_operation_parameter","工序参数表","16","remark","备注","varchar","500","","Y","","","N","N","","N","基础版字段定义，后续可按数据库规范细化。"
"P1","增强协同层","pro_operation_document","工序文档表","1","op_doc_id","工序文档ID","bigint","20","","N","","","Y","N","","N","主键，建议使用雪花ID或数据库统一ID生成策略。"
"P1","增强协同层","pro_operation_document","工序文档表","2","operation_id","工序ID","bigint","20","","N","","","N","Y","pro_routing_operation.operation_id","Y","基础版字段定义，后续可按数据库规范细化。"
"P1","增强协同层","pro_operation_document","工序文档表","3","doc_code","文档编码","varchar","64","","N","","","N","N","","Y","基础版字段定义，后续可按数据库规范细化。"
"P1","增强协同层","pro_operation_document","工序文档表","4","doc_name","文档名称","varchar","128","","N","","","N","N","","N","基础版字段定义，后续可按数据库规范细化。"
"P1","增强协同层","pro_operation_document","工序文档表","5","doc_type","文档类型","varchar","32","","Y","","type_dict","N","N","","N","基础版字段定义，后续可按数据库规范细化。"
"P1","增强协同层","pro_operation_document","工序文档表","6","doc_version","文档版本","varchar","32","","N","","","N","N","","Y","基础版字段定义，后续可按数据库规范细化。"
"P1","增强协同层","pro_operation_document","工序文档表","7","doc_url","文档地址","varchar","500","","Y","","","N","N","","N","基础版字段定义，后续可按数据库规范细化。"
"P1","增强协同层","pro_operation_document","工序文档表","8","mandatory_flag","是否必需","char","1","","N","N","sys_yes_no","N","N","","N","基础版字段定义，后续可按数据库规范细化。"
"P1","增强协同层","pro_operation_document","工序文档表","9","status","状态","varchar","20","","N","0","status_dict","N","N","","N","基础版字段定义，后续可按数据库规范细化。"
"P1","增强协同层","pro_operation_document","工序文档表","10","create_by","创建人","varchar","64","","N","","","N","N","","N","基础版字段定义，后续可按数据库规范细化。"
"P1","增强协同层","pro_operation_document","工序文档表","11","create_time","创建时间","timestamp","","","N","","","N","N","","N","基础版字段定义，后续可按数据库规范细化。 PostgreSQL适配：由 datetime 调整为 timestamp。"
"P1","增强协同层","pro_operation_document","工序文档表","12","update_by","更新人","varchar","64","","Y","","","N","N","","N","基础版字段定义，后续可按数据库规范细化。"
"P1","增强协同层","pro_operation_document","工序文档表","13","update_time","更新时间","timestamp","","","Y","","","N","N","","N","基础版字段定义，后续可按数据库规范细化。 PostgreSQL适配：由 datetime 调整为 timestamp。"
"P1","增强协同层","pro_operation_document","工序文档表","14","del_flag","逻辑删除标识","char","1","","N","'0'","sys_del_flag","N","N","","","0存在 2删除"
"P1","增强协同层","pro_operation_document","工序文档表","15","remark","备注","varchar","500","","Y","","","N","N","","N","基础版字段定义，后续可按数据库规范细化。"
"P1","增强协同层","pro_inspection_plan","检验方案表","1","insp_plan_id","检验方案ID","bigint","20","","N","","","Y","N","","N","主键，建议使用雪花ID或数据库统一ID生成策略。"
"P1","增强协同层","pro_inspection_plan","检验方案表","2","insp_plan_code","检验方案编码","varchar","64","","N","","","N","N","","Y","基础版字段定义，后续可按数据库规范细化。"
"P1","增强协同层","pro_inspection_plan","检验方案表","3","insp_plan_name","检验方案名称","varchar","128","","N","","","N","N","","N","基础版字段定义，后续可按数据库规范细化。"
"P1","增强协同层","pro_inspection_plan","检验方案表","4","insp_plan_version","检验方案版本","varchar","32","","N","","","N","N","","Y","基础版字段定义，后续可按数据库规范细化。"
"P1","增强协同层","pro_inspection_plan","检验方案表","5","insp_type","检验类型","varchar","32","","Y","","type_dict","N","N","","N","基础版字段定义，后续可按数据库规范细化。"
"P1","增强协同层","pro_inspection_plan","检验方案表","6","effective_from","生效开始时间","timestamp","","","Y","","","N","N","","N","基础版字段定义，后续可按数据库规范细化。 PostgreSQL适配：由 datetime 调整为 timestamp。"
"P1","增强协同层","pro_inspection_plan","检验方案表","7","effective_to","生效结束时间","timestamp","","","Y","","","N","N","","N","基础版字段定义，后续可按数据库规范细化。 PostgreSQL适配：由 datetime 调整为 timestamp。"
"P1","增强协同层","pro_inspection_plan","检验方案表","8","plan_status","方案状态","varchar","20","","N","0","mes_schedule_status","N","N","","N","基础版字段定义，后续可按数据库规范细化。"
"P1","增强协同层","pro_inspection_plan","检验方案表","9","create_by","创建人","varchar","64","","N","","","N","N","","N","基础版字段定义，后续可按数据库规范细化。"
"P1","增强协同层","pro_inspection_plan","检验方案表","10","create_time","创建时间","timestamp","","","N","","","N","N","","N","基础版字段定义，后续可按数据库规范细化。 PostgreSQL适配：由 datetime 调整为 timestamp。"
"P1","增强协同层","pro_inspection_plan","检验方案表","11","update_by","更新人","varchar","64","","Y","","","N","N","","N","基础版字段定义，后续可按数据库规范细化。"
"P1","增强协同层","pro_inspection_plan","检验方案表","12","update_time","更新时间","timestamp","","","Y","","","N","N","","N","基础版字段定义，后续可按数据库规范细化。 PostgreSQL适配：由 datetime 调整为 timestamp。"
"P1","增强协同层","pro_inspection_plan","检验方案表","13","del_flag","逻辑删除标识","char","1","","N","'0'","sys_del_flag","N","N","","","0存在 2删除"
"P1","增强协同层","pro_inspection_plan","检验方案表","14","remark","备注","varchar","500","","Y","","","N","N","","N","基础版字段定义，后续可按数据库规范细化。"
"P1","增强协同层","pro_inspection_characteristic","检验特性表","1","insp_char_id","检验特性ID","bigint","20","","N","","","Y","N","","N","主键，建议使用雪花ID或数据库统一ID生成策略。"
"P1","增强协同层","pro_inspection_characteristic","检验特性表","2","insp_plan_id","检验方案ID","bigint","20","","N","","","N","Y","pro_inspection_plan.insp_plan_id","Y","基础版字段定义，后续可按数据库规范细化。"
"P1","增强协同层","pro_inspection_characteristic","检验特性表","3","char_code","检验项目编码","varchar","64","","N","","","N","N","","Y","基础版字段定义，后续可按数据库规范细化。"
"P1","增强协同层","pro_inspection_characteristic","检验特性表","4","char_name","检验项目名称","varchar","128","","N","","","N","N","","N","基础版字段定义，后续可按数据库规范细化。"
"P1","增强协同层","pro_inspection_characteristic","检验特性表","5","char_type","检验项目类型","varchar","32","","Y","","type_dict","N","N","","N","基础版字段定义，后续可按数据库规范细化。"
"P1","增强协同层","pro_inspection_characteristic","检验特性表","6","standard_value","标准值","numeric","18","6","Y","","","N","N","","N","基础版字段定义，后续可按数据库规范细化。 PostgreSQL适配：由 decimal 调整为 numeric。"
"P1","增强协同层","pro_inspection_characteristic","检验特性表","7","upper_limit","上限值","numeric","18","6","Y","","","N","N","","N","基础版字段定义，后续可按数据库规范细化。 PostgreSQL适配：由 decimal 调整为 numeric。"
"P1","增强协同层","pro_inspection_characteristic","检验特性表","8","lower_limit","下限值","numeric","18","6","Y","","","N","N","","N","基础版字段定义，后续可按数据库规范细化。 PostgreSQL适配：由 decimal 调整为 numeric。"
"P1","增强协同层","pro_inspection_characteristic","检验特性表","9","uom","单位","varchar","20","","Y","","mes_uom","N","N","","N","基础版字段定义，后续可按数据库规范细化。"
"P1","增强协同层","pro_inspection_characteristic","检验特性表","10","sample_qty","抽样数量","numeric","18","6","N","0","","N","N","","N","基础版字段定义，后续可按数据库规范细化。 PostgreSQL适配：由 decimal 调整为 numeric。"
"P1","增强协同层","pro_inspection_characteristic","检验特性表","11","status","状态","varchar","20","","N","0","status_dict","N","N","","N","基础版字段定义，后续可按数据库规范细化。"
"P1","增强协同层","pro_inspection_characteristic","检验特性表","12","create_by","创建人","varchar","64","","N","","","N","N","","N","基础版字段定义，后续可按数据库规范细化。"
"P1","增强协同层","pro_inspection_characteristic","检验特性表","13","create_time","创建时间","timestamp","","","N","","","N","N","","N","基础版字段定义，后续可按数据库规范细化。 PostgreSQL适配：由 datetime 调整为 timestamp。"
"P1","增强协同层","pro_inspection_characteristic","检验特性表","14","update_by","更新人","varchar","64","","Y","","","N","N","","N","基础版字段定义，后续可按数据库规范细化。"
"P1","增强协同层","pro_inspection_characteristic","检验特性表","15","update_time","更新时间","timestamp","","","Y","","","N","N","","N","基础版字段定义，后续可按数据库规范细化。 PostgreSQL适配：由 datetime 调整为 timestamp。"
"P1","增强协同层","pro_inspection_characteristic","检验特性表","16","del_flag","逻辑删除标识","char","1","","N","'0'","sys_del_flag","N","N","","","0存在 2删除"
"P1","增强协同层","pro_inspection_characteristic","检验特性表","17","remark","备注","varchar","500","","Y","","","N","N","","N","基础版字段定义，后续可按数据库规范细化。"
"P1","增强协同层","pro_operation_inspection_map","工序检验映射表","1","op_insp_map_id","工序检验关系ID","bigint","20","","N","","","Y","N","","N","主键，建议使用雪花ID或数据库统一ID生成策略。"
"P1","增强协同层","pro_operation_inspection_map","工序检验映射表","2","operation_id","工序ID","bigint","20","","N","","","N","Y","pro_routing_operation.operation_id","Y","基础版字段定义，后续可按数据库规范细化。"
"P1","增强协同层","pro_operation_inspection_map","工序检验映射表","3","insp_plan_id","检验方案ID","bigint","20","","N","","","N","Y","pro_inspection_plan.insp_plan_id","N","基础版字段定义，后续可按数据库规范细化。"
"P1","增强协同层","pro_operation_inspection_map","工序检验映射表","4","insp_char_id","检验特性ID","bigint","20","","N","","","N","Y","pro_inspection_characteristic.insp_char_id","Y","基础版字段定义，后续可按数据库规范细化。"
"P1","增强协同层","pro_operation_inspection_map","工序检验映射表","5","inspection_stage","检验阶段","varchar","64","","Y","","mes_inspection_stage","N","N","","Y","检验阶段字典。"
"P1","增强协同层","pro_operation_inspection_map","工序检验映射表","6","mandatory_flag","是否必需","char","1","","N","N","sys_yes_no","N","N","","N","基础版字段定义，后续可按数据库规范细化。"
"P1","增强协同层","pro_operation_inspection_map","工序检验映射表","7","status","状态","varchar","20","","N","0","status_dict","N","N","","N","基础版字段定义，后续可按数据库规范细化。"
"P1","增强协同层","pro_operation_inspection_map","工序检验映射表","8","create_by","创建人","varchar","64","","N","","","N","N","","N","基础版字段定义，后续可按数据库规范细化。"
"P1","增强协同层","pro_operation_inspection_map","工序检验映射表","9","create_time","创建时间","timestamp","","","N","","","N","N","","N","基础版字段定义，后续可按数据库规范细化。 PostgreSQL适配：由 datetime 调整为 timestamp。"
"P1","增强协同层","pro_operation_inspection_map","工序检验映射表","10","update_by","更新人","varchar","64","","Y","","","N","N","","N","基础版字段定义，后续可按数据库规范细化。"
"P1","增强协同层","pro_operation_inspection_map","工序检验映射表","11","update_time","更新时间","timestamp","","","Y","","","N","N","","N","基础版字段定义，后续可按数据库规范细化。 PostgreSQL适配：由 datetime 调整为 timestamp。"
"P1","增强协同层","pro_operation_inspection_map","工序检验映射表","12","del_flag","逻辑删除标识","char","1","","N","'0'","sys_del_flag","N","N","","","0存在 2删除"
"P1","增强协同层","pro_operation_inspection_map","工序检验映射表","13","remark","备注","varchar","500","","Y","","","N","N","","N","基础版字段定义，后续可按数据库规范细化。"
"P1","增强协同层","pro_shop_floor_dispatch","派工表","1","dispatch_id","派工ID","bigint","20","","N","","","Y","N","","N","主键，建议使用雪花ID或数据库统一ID生成策略。"
"P1","增强协同层","pro_shop_floor_dispatch","派工表","2","prod_order_id","生产工单ID","bigint","20","","N","","","N","Y","pro_production_order.prod_order_id","N","基础版字段定义，后续可按数据库规范细化。"
"P1","增强协同层","pro_shop_floor_dispatch","派工表","3","order_op_id","工单工序ID","bigint","20","","N","","","N","Y","pro_order_operation.order_op_id","Y","基础版字段定义，后续可按数据库规范细化。"
"P1","增强协同层","pro_shop_floor_dispatch","派工表","4","work_center_id","工作中心ID","bigint","20","","N","","","N","Y","pro_work_center_master.work_center_id","N","基础版字段定义，后续可按数据库规范细化。"
"P1","增强协同层","pro_shop_floor_dispatch","派工表","5","person_id","人员ID","bigint","20","","N","","","N","Y","pro_person_master.person_id","N","基础版字段定义，后续可按数据库规范细化。"
"P1","增强协同层","pro_shop_floor_dispatch","派工表","6","equipment_id","设备ID","bigint","20","","N","","","N","Y","pro_equipment_master.equipment_id","N","基础版字段定义，后续可按数据库规范细化。"
"P1","增强协同层","pro_shop_floor_dispatch","派工表","7","dispatch_qty","派工数量","numeric","18","6","N","0","","N","N","","N","基础版字段定义，后续可按数据库规范细化。 PostgreSQL适配：由 decimal 调整为 numeric。"
"P1","增强协同层","pro_shop_floor_dispatch","派工表","8","planned_start_time","计划开始时间","timestamp","","","Y","","","N","N","","N","基础版字段定义，后续可按数据库规范细化。 PostgreSQL适配：由 datetime 调整为 timestamp。"
"P1","增强协同层","pro_shop_floor_dispatch","派工表","9","planned_end_time","计划结束时间","timestamp","","","Y","","","N","N","","N","基础版字段定义，后续可按数据库规范细化。 PostgreSQL适配：由 datetime 调整为 timestamp。"
"P1","增强协同层","pro_shop_floor_dispatch","派工表","10","dispatch_status","派工状态","varchar","20","","N","0","status_dict","N","N","","N","基础版字段定义，后续可按数据库规范细化。"
"P1","增强协同层","pro_shop_floor_dispatch","派工表","11","create_by","创建人","varchar","64","","N","","","N","N","","N","基础版字段定义，后续可按数据库规范细化。"
"P1","增强协同层","pro_shop_floor_dispatch","派工表","12","create_time","创建时间","timestamp","","","N","","","N","N","","N","基础版字段定义，后续可按数据库规范细化。 PostgreSQL适配：由 datetime 调整为 timestamp。"
"P1","增强协同层","pro_shop_floor_dispatch","派工表","13","update_by","更新人","varchar","64","","Y","","","N","N","","N","基础版字段定义，后续可按数据库规范细化。"
"P1","增强协同层","pro_shop_floor_dispatch","派工表","14","update_time","更新时间","timestamp","","","Y","","","N","N","","N","基础版字段定义，后续可按数据库规范细化。 PostgreSQL适配：由 datetime 调整为 timestamp。"
"P1","增强协同层","pro_shop_floor_dispatch","派工表","15","del_flag","逻辑删除标识","char","1","","N","'0'","sys_del_flag","N","N","","","0存在 2删除"
"P1","增强协同层","pro_shop_floor_dispatch","派工表","16","remark","备注","varchar","500","","Y","","","N","N","","N","基础版字段定义，后续可按数据库规范细化。"
"P1","增强协同层","pro_report_labor","报工人工明细表","1","report_labor_id","报工人工明细ID","bigint","20","","N","","","Y","N","","N","主键，建议使用雪花ID或数据库统一ID生成策略。"
"P1","增强协同层","pro_report_labor","报工人工明细表","2","report_id","报工ID","bigint","20","","N","","","N","Y","pro_production_report.report_id","Y","基础版字段定义，后续可按数据库规范细化。"
"P1","增强协同层","pro_report_labor","报工人工明细表","3","person_id","人员ID","bigint","20","","N","","","N","Y","pro_person_master.person_id","Y","基础版字段定义，后续可按数据库规范细化。"
"P1","增强协同层","pro_report_labor","报工人工明细表","4","labor_type","人工类型","varchar","32","","Y","","type_dict","N","N","","Y","基础版字段定义，后续可按数据库规范细化。"
"P1","增强协同层","pro_report_labor","报工人工明细表","5","work_hours","工时","numeric","18","2","Y","0","","N","N","","N","基础版字段定义，后续可按数据库规范细化。 PostgreSQL适配：由 decimal 调整为 numeric。"
"P1","增强协同层","pro_report_labor","报工人工明细表","6","start_time","开始时间","timestamp","","","Y","","","N","N","","N","基础版字段定义，后续可按数据库规范细化。 PostgreSQL适配：由 datetime 调整为 timestamp。"
"P1","增强协同层","pro_report_labor","报工人工明细表","7","end_time","结束时间","timestamp","","","Y","","","N","N","","N","基础版字段定义，后续可按数据库规范细化。 PostgreSQL适配：由 datetime 调整为 timestamp。"
"P1","增强协同层","pro_report_labor","报工人工明细表","8","status","状态","varchar","20","","N","0","status_dict","N","N","","N","基础版字段定义，后续可按数据库规范细化。"
"P1","增强协同层","pro_report_labor","报工人工明细表","9","create_by","创建人","varchar","64","","N","","","N","N","","N","基础版字段定义，后续可按数据库规范细化。"
"P1","增强协同层","pro_report_labor","报工人工明细表","10","create_time","创建时间","timestamp","","","N","","","N","N","","N","基础版字段定义，后续可按数据库规范细化。 PostgreSQL适配：由 datetime 调整为 timestamp。"
"P1","增强协同层","pro_report_labor","报工人工明细表","11","update_by","更新人","varchar","64","","Y","","","N","N","","N","基础版字段定义，后续可按数据库规范细化。"
"P1","增强协同层","pro_report_labor","报工人工明细表","12","update_time","更新时间","timestamp","","","Y","","","N","N","","N","基础版字段定义，后续可按数据库规范细化。 PostgreSQL适配：由 datetime 调整为 timestamp。"
"P1","增强协同层","pro_report_labor","报工人工明细表","13","del_flag","逻辑删除标识","char","1","","N","'0'","sys_del_flag","N","N","","","0存在 2删除"
"P1","增强协同层","pro_report_labor","报工人工明细表","14","remark","备注","varchar","500","","Y","","","N","N","","N","基础版字段定义，后续可按数据库规范细化。"
"P1","增强协同层","pro_report_equipment","报工设备明细表","1","report_equipment_id","报工设备明细ID","bigint","20","","N","","","Y","N","","N","主键，建议使用雪花ID或数据库统一ID生成策略。"
"P1","增强协同层","pro_report_equipment","报工设备明细表","2","report_id","报工ID","bigint","20","","N","","","N","Y","pro_production_report.report_id","Y","基础版字段定义，后续可按数据库规范细化。"
"P1","增强协同层","pro_report_equipment","报工设备明细表","3","equipment_id","设备ID","bigint","20","","N","","","N","Y","pro_equipment_master.equipment_id","Y","基础版字段定义，后续可按数据库规范细化。"
"P1","增强协同层","pro_report_equipment","报工设备明细表","4","run_hours","运行时长","numeric","18","2","Y","0","","N","N","","N","基础版字段定义，后续可按数据库规范细化。 PostgreSQL适配：由 decimal 调整为 numeric。"
"P1","增强协同层","pro_report_equipment","报工设备明细表","5","start_time","开始时间","timestamp","","","Y","","","N","N","","N","基础版字段定义，后续可按数据库规范细化。 PostgreSQL适配：由 datetime 调整为 timestamp。"
"P1","增强协同层","pro_report_equipment","报工设备明细表","6","end_time","结束时间","timestamp","","","Y","","","N","N","","N","基础版字段定义，后续可按数据库规范细化。 PostgreSQL适配：由 datetime 调整为 timestamp。"
"P1","增强协同层","pro_report_equipment","报工设备明细表","7","equipment_status","设备状态","varchar","20","","N","0","status_dict","N","N","","N","基础版字段定义，后续可按数据库规范细化。"
"P1","增强协同层","pro_report_equipment","报工设备明细表","8","create_by","创建人","varchar","64","","N","","","N","N","","N","基础版字段定义，后续可按数据库规范细化。"
"P1","增强协同层","pro_report_equipment","报工设备明细表","9","create_time","创建时间","timestamp","","","N","","","N","N","","N","基础版字段定义，后续可按数据库规范细化。 PostgreSQL适配：由 datetime 调整为 timestamp。"
"P1","增强协同层","pro_report_equipment","报工设备明细表","10","update_by","更新人","varchar","64","","Y","","","N","N","","N","基础版字段定义，后续可按数据库规范细化。"
"P1","增强协同层","pro_report_equipment","报工设备明细表","11","update_time","更新时间","timestamp","","","Y","","","N","N","","N","基础版字段定义，后续可按数据库规范细化。 PostgreSQL适配：由 datetime 调整为 timestamp。"
"P1","增强协同层","pro_report_equipment","报工设备明细表","12","del_flag","逻辑删除标识","char","1","","N","'0'","sys_del_flag","N","N","","","0存在 2删除"
"P1","增强协同层","pro_report_equipment","报工设备明细表","13","remark","备注","varchar","500","","Y","","","N","N","","N","基础版字段定义，后续可按数据库规范细化。"
"P1","增强协同层","pro_defect_code_master","缺陷代码主数据表","1","defect_code_id","缺陷代码ID","bigint","20","","N","","","Y","N","","N","主键，建议使用雪花ID或数据库统一ID生成策略。"
"P1","增强协同层","pro_defect_code_master","缺陷代码主数据表","2","defect_code","缺陷编码","varchar","64","","N","","","N","N","","Y","基础版字段定义，后续可按数据库规范细化。"
"P1","增强协同层","pro_defect_code_master","缺陷代码主数据表","3","defect_name","缺陷名称","varchar","128","","N","","","N","N","","N","基础版字段定义，后续可按数据库规范细化。"
"P1","增强协同层","pro_defect_code_master","缺陷代码主数据表","4","defect_type","缺陷类型","varchar","32","","Y","","type_dict","N","N","","N","基础版字段定义，后续可按数据库规范细化。"
"P1","增强协同层","pro_defect_code_master","缺陷代码主数据表","5","severity_level","严重等级","varchar","64","","Y","","mes_severity_level","N","N","","N","严重等级字典。"
"P1","增强协同层","pro_defect_code_master","缺陷代码主数据表","6","status","状态","varchar","20","","N","0","status_dict","N","N","","N","基础版字段定义，后续可按数据库规范细化。"
"P1","增强协同层","pro_defect_code_master","缺陷代码主数据表","7","create_by","创建人","varchar","64","","N","","","N","N","","N","基础版字段定义，后续可按数据库规范细化。"
"P1","增强协同层","pro_defect_code_master","缺陷代码主数据表","8","create_time","创建时间","timestamp","","","N","","","N","N","","N","基础版字段定义，后续可按数据库规范细化。 PostgreSQL适配：由 datetime 调整为 timestamp。"
"P1","增强协同层","pro_defect_code_master","缺陷代码主数据表","9","update_by","更新人","varchar","64","","Y","","","N","N","","N","基础版字段定义，后续可按数据库规范细化。"
"P1","增强协同层","pro_defect_code_master","缺陷代码主数据表","10","update_time","更新时间","timestamp","","","Y","","","N","N","","N","基础版字段定义，后续可按数据库规范细化。 PostgreSQL适配：由 datetime 调整为 timestamp。"
"P1","增强协同层","pro_defect_code_master","缺陷代码主数据表","11","del_flag","逻辑删除标识","char","1","","N","'0'","sys_del_flag","N","N","","","0存在 2删除"
"P1","增强协同层","pro_defect_code_master","缺陷代码主数据表","12","remark","备注","varchar","500","","Y","","","N","N","","N","基础版字段定义，后续可按数据库规范细化。"
"P1","增强协同层","pro_production_defect","生产不良表","1","prod_defect_id","生产不良ID","bigint","20","","N","","","Y","N","","N","主键，建议使用雪花ID或数据库统一ID生成策略。"
"P1","增强协同层","pro_production_defect","生产不良表","2","prod_order_id","生产工单ID","bigint","20","","N","","","N","Y","pro_production_order.prod_order_id","N","基础版字段定义，后续可按数据库规范细化。"
"P1","增强协同层","pro_production_defect","生产不良表","3","order_op_id","工单工序ID","bigint","20","","N","","","N","Y","pro_order_operation.order_op_id","N","基础版字段定义，后续可按数据库规范细化。"
"P1","增强协同层","pro_production_defect","生产不良表","4","op_exec_id","工序执行ID","bigint","20","","N","","","N","Y","pro_operation_execution.op_exec_id","Y","基础版字段定义，后续可按数据库规范细化。"
"P1","增强协同层","pro_production_defect","生产不良表","5","report_id","报工ID","bigint","20","","N","","","N","Y","pro_production_report.report_id","N","基础版字段定义，后续可按数据库规范细化。"
"P1","增强协同层","pro_production_defect","生产不良表","6","defect_code_id","缺陷代码ID","bigint","20","","N","","","N","Y","pro_defect_code_master.defect_code_id","Y","基础版字段定义，后续可按数据库规范细化。"
"P1","增强协同层","pro_production_defect","生产不良表","7","defect_qty","不良数量","numeric","18","6","N","0","","N","N","","N","基础版字段定义，后续可按数据库规范细化。 PostgreSQL适配：由 decimal 调整为 numeric。"
"P1","增强协同层","pro_production_defect","生产不良表","8","defect_desc","不良描述","varchar","500","","Y","","","N","N","","N","基础版字段定义，后续可按数据库规范细化。"
"P1","增强协同层","pro_production_defect","生产不良表","9","disposition_result","处置结果","varchar","64","","Y","","","N","N","","N","基础版字段定义，后续可按数据库规范细化。"
"P1","增强协同层","pro_production_defect","生产不良表","10","status","状态","varchar","20","","N","0","status_dict","N","N","","N","基础版字段定义，后续可按数据库规范细化。"
"P1","增强协同层","pro_production_defect","生产不良表","11","create_by","创建人","varchar","64","","N","","","N","N","","N","基础版字段定义，后续可按数据库规范细化。"
"P1","增强协同层","pro_production_defect","生产不良表","12","create_time","创建时间","timestamp","","","N","","","N","N","","Y","基础版字段定义，后续可按数据库规范细化。 PostgreSQL适配：由 datetime 调整为 timestamp。"
"P1","增强协同层","pro_production_defect","生产不良表","13","update_by","更新人","varchar","64","","Y","","","N","N","","N","基础版字段定义，后续可按数据库规范细化。"
"P1","增强协同层","pro_production_defect","生产不良表","14","update_time","更新时间","timestamp","","","Y","","","N","N","","N","基础版字段定义，后续可按数据库规范细化。 PostgreSQL适配：由 datetime 调整为 timestamp。"
"P1","增强协同层","pro_production_defect","生产不良表","15","del_flag","逻辑删除标识","char","1","","N","'0'","sys_del_flag","N","N","","","0存在 2删除"
"P1","增强协同层","pro_production_defect","生产不良表","16","remark","备注","varchar","500","","Y","","","N","N","","N","基础版字段定义，后续可按数据库规范细化。"
"P1","增强协同层","pro_inspection_result","检验结果表","1","insp_result_id","检验结果ID","bigint","20","","N","","","Y","N","","N","主键，建议使用雪花ID或数据库统一ID生成策略。"
"P1","增强协同层","pro_inspection_result","检验结果表","2","prod_order_id","生产工单ID","bigint","20","","N","","","N","Y","pro_production_order.prod_order_id","N","基础版字段定义，后续可按数据库规范细化。"
"P1","增强协同层","pro_inspection_result","检验结果表","3","order_op_id","工单工序ID","bigint","20","","N","","","N","Y","pro_order_operation.order_op_id","N","基础版字段定义，后续可按数据库规范细化。"
"P1","增强协同层","pro_inspection_result","检验结果表","4","op_exec_id","工序执行ID","bigint","20","","N","","","N","Y","pro_operation_execution.op_exec_id","Y","基础版字段定义，后续可按数据库规范细化。"
"P1","增强协同层","pro_inspection_result","检验结果表","5","insp_plan_id","检验方案ID","bigint","20","","N","","","N","Y","pro_inspection_plan.insp_plan_id","N","基础版字段定义，后续可按数据库规范细化。"
"P1","增强协同层","pro_inspection_result","检验结果表","6","insp_char_id","检验特性ID","bigint","20","","N","","","N","Y","pro_inspection_characteristic.insp_char_id","Y","基础版字段定义，后续可按数据库规范细化。"
"P1","增强协同层","pro_inspection_result","检验结果表","7","sample_no","样本号","varchar","64","","N","","","N","N","","Y","基础版字段定义，后续可按数据库规范细化。"
"P1","增强协同层","pro_inspection_result","检验结果表","8","actual_value","实际值","varchar","64","","Y","","","N","N","","N","基础版字段定义，后续可按数据库规范细化。"
"P1","增强协同层","pro_inspection_result","检验结果表","9","result_judgement","检验判定","varchar","64","","Y","","mes_inspection_judgement","N","N","","N","检验判定字典。"
"P1","增强协同层","pro_inspection_result","检验结果表","10","inspector_id","检验员ID","bigint","20","","N","","","N","Y","pro_person_master.person_id","N","基础版字段定义，后续可按数据库规范细化。"
"P1","增强协同层","pro_inspection_result","检验结果表","11","inspection_time","检验时间","timestamp","","","Y","","","N","N","","N","基础版字段定义，后续可按数据库规范细化。 PostgreSQL适配：由 datetime 调整为 timestamp。"
"P1","增强协同层","pro_inspection_result","检验结果表","12","create_by","创建人","varchar","64","","N","","","N","N","","N","基础版字段定义，后续可按数据库规范细化。"
"P1","增强协同层","pro_inspection_result","检验结果表","13","create_time","创建时间","timestamp","","","N","","","N","N","","N","基础版字段定义，后续可按数据库规范细化。 PostgreSQL适配：由 datetime 调整为 timestamp。"
"P1","增强协同层","pro_inspection_result","检验结果表","14","update_by","更新人","varchar","64","","Y","","","N","N","","N","基础版字段定义，后续可按数据库规范细化。"
"P1","增强协同层","pro_inspection_result","检验结果表","15","update_time","更新时间","timestamp","","","Y","","","N","N","","N","基础版字段定义，后续可按数据库规范细化。 PostgreSQL适配：由 datetime 调整为 timestamp。"
"P1","增强协同层","pro_inspection_result","检验结果表","16","del_flag","逻辑删除标识","char","1","","N","'0'","sys_del_flag","N","N","","","0存在 2删除"
"P1","增强协同层","pro_inspection_result","检验结果表","17","remark","备注","varchar","500","","Y","","","N","N","","N","基础版字段定义，后续可按数据库规范细化。"
"P1","增强协同层","pro_operation_tracking","工序跟踪表","1","op_track_id","工序跟踪ID","bigint","20","","N","","","Y","N","","N","主键，建议使用雪花ID或数据库统一ID生成策略。"
"P1","增强协同层","pro_operation_tracking","工序跟踪表","2","prod_order_id","生产工单ID","bigint","20","","N","","","N","Y","pro_production_order.prod_order_id","N","基础版字段定义，后续可按数据库规范细化。"
"P1","增强协同层","pro_operation_tracking","工序跟踪表","3","order_op_id","工单工序ID","bigint","20","","N","","","N","Y","pro_order_operation.order_op_id","N","基础版字段定义，后续可按数据库规范细化。"
"P1","增强协同层","pro_operation_tracking","工序跟踪表","4","op_exec_id","工序执行ID","bigint","20","","N","","","N","Y","pro_operation_execution.op_exec_id","Y","基础版字段定义，后续可按数据库规范细化。"
"P1","增强协同层","pro_operation_tracking","工序跟踪表","5","track_type","跟踪类型","varchar","32","","Y","","type_dict","N","N","","Y","基础版字段定义，后续可按数据库规范细化。"
"P1","增强协同层","pro_operation_tracking","工序跟踪表","6","track_content","跟踪内容","varchar","500","","Y","","","N","N","","N","基础版字段定义，后续可按数据库规范细化。"
"P1","增强协同层","pro_operation_tracking","工序跟踪表","7","track_time","跟踪时间","timestamp","","","Y","","","N","N","","Y","基础版字段定义，后续可按数据库规范细化。 PostgreSQL适配：由 datetime 调整为 timestamp。"
"P1","增强协同层","pro_operation_tracking","工序跟踪表","8","operator_id","操作人ID","bigint","20","","N","","","N","Y","pro_person_master.person_id","N","基础版字段定义，后续可按数据库规范细化。"
"P1","增强协同层","pro_operation_tracking","工序跟踪表","9","source_module","来源模块","varchar","64","","Y","","","N","N","","N","基础版字段定义，后续可按数据库规范细化。"
"P1","增强协同层","pro_operation_tracking","工序跟踪表","10","create_by","创建人","varchar","64","","N","","","N","N","","N","基础版字段定义，后续可按数据库规范细化。"
"P1","增强协同层","pro_operation_tracking","工序跟踪表","11","create_time","创建时间","timestamp","","","N","","","N","N","","N","基础版字段定义，后续可按数据库规范细化。 PostgreSQL适配：由 datetime 调整为 timestamp。"
"P1","增强协同层","pro_operation_tracking","工序跟踪表","12","del_flag","逻辑删除标识","char","1","","N","'0'","sys_del_flag","N","N","","","0存在 2删除"
"P1","增强协同层","pro_operation_tracking","工序跟踪表","13","remark","备注","varchar","500","","Y","","","N","N","","N","基础版字段定义，后续可按数据库规范细化。"
"P1","增强协同层","pro_operation_return","工序退料表","1","op_return_id","退料记录ID","bigint","20","","N","","","Y","N","","N","主键，建议使用雪花ID或数据库统一ID生成策略。"
"P1","增强协同层","pro_operation_return","工序退料表","2","prod_order_id","生产工单ID","bigint","20","","N","","","N","Y","pro_production_order.prod_order_id","N","基础版字段定义，后续可按数据库规范细化。"
"P1","增强协同层","pro_operation_return","工序退料表","3","order_op_id","工单工序ID","bigint","20","","N","","","N","Y","pro_order_operation.order_op_id","N","基础版字段定义，后续可按数据库规范细化。"
"P1","增强协同层","pro_operation_return","工序退料表","4","op_exec_id","工序执行ID","bigint","20","","N","","","N","Y","pro_operation_execution.op_exec_id","Y","基础版字段定义，后续可按数据库规范细化。"
"P1","增强协同层","pro_operation_return","工序退料表","5","order_component_id","工单组件ID","bigint","20","","N","","","N","Y","pro_order_component.order_component_id","Y","基础版字段定义，后续可按数据库规范细化。"
"P1","增强协同层","pro_operation_return","工序退料表","6","material_id","物料ID","bigint","20","","N","","","N","N","","N","基础版字段定义，后续可按数据库规范细化。"
"P1","增强协同层","pro_operation_return","工序退料表","7","material_lot_id","物料批次ID","bigint","20","","N","","","N","Y","pro_material_lot.material_lot_id","Y","基础版字段定义，后续可按数据库规范细化。"
"P1","增强协同层","pro_operation_return","工序退料表","8","return_qty","退料数量","numeric","18","6","N","0","","N","N","","N","基础版字段定义，后续可按数据库规范细化。 PostgreSQL适配：由 decimal 调整为 numeric。"
"P1","增强协同层","pro_operation_return","工序退料表","9","return_uom","退料单位","varchar","20","","Y","","mes_uom","N","N","","N","基础版字段定义，后续可按数据库规范细化。"
"P1","增强协同层","pro_operation_return","工序退料表","10","return_reason","退料原因","varchar","64","","Y","","mes_return_reason","N","N","","N","退料原因字典。"
"P1","增强协同层","pro_operation_return","工序退料表","11","return_time","退料时间","timestamp","","","Y","","","N","N","","Y","基础版字段定义，后续可按数据库规范细化。 PostgreSQL适配：由 datetime 调整为 timestamp。"
"P1","增强协同层","pro_operation_return","工序退料表","12","create_by","创建人","varchar","64","","N","","","N","N","","N","基础版字段定义，后续可按数据库规范细化。"
"P1","增强协同层","pro_operation_return","工序退料表","13","create_time","创建时间","timestamp","","","N","","","N","N","","N","基础版字段定义，后续可按数据库规范细化。 PostgreSQL适配：由 datetime 调整为 timestamp。"
"P1","增强协同层","pro_operation_return","工序退料表","14","update_by","更新人","varchar","64","","Y","","","N","N","","N","基础版字段定义，后续可按数据库规范细化。"
"P1","增强协同层","pro_operation_return","工序退料表","15","update_time","更新时间","timestamp","","","Y","","","N","N","","N","基础版字段定义，后续可按数据库规范细化。 PostgreSQL适配：由 datetime 调整为 timestamp。"
"P1","增强协同层","pro_operation_return","工序退料表","16","del_flag","逻辑删除标识","char","1","","N","'0'","sys_del_flag","N","N","","","0存在 2删除"
"P1","增强协同层","pro_operation_return","工序退料表","17","remark","备注","varchar","500","","Y","","","N","N","","N","基础版字段定义，后续可按数据库规范细化。"
"P1","增强协同层","pro_interface_message","接口消息主表","1","interface_msg_id","接口消息ID","bigint","20","","N","","","Y","N","","N","主键，建议使用雪花ID或数据库统一ID生成策略。"
"P1","增强协同层","pro_interface_message","接口消息主表","2","interface_code","接口编码","varchar","64","","N","","","N","N","","Y","基础版字段定义，后续可按数据库规范细化。"
"P1","增强协同层","pro_interface_message","接口消息主表","3","business_type","业务类型","varchar","32","","Y","","type_dict","N","N","","N","基础版字段定义，后续可按数据库规范细化。"
"P1","增强协同层","pro_interface_message","接口消息主表","4","business_key","业务键","varchar","64","","Y","","","N","N","","Y","基础版字段定义，后续可按数据库规范细化。"
"P1","增强协同层","pro_interface_message","接口消息主表","5","direction","接口方向","varchar","64","","Y","","mes_interface_direction","N","N","","Y","接口方向字典。"
"P1","增强协同层","pro_interface_message","接口消息主表","6","source_system","来源系统","varchar","64","","Y","","","N","N","","N","基础版字段定义，后续可按数据库规范细化。"
"P1","增强协同层","pro_interface_message","接口消息主表","7","target_system","目标系统","varchar","64","","Y","","","N","N","","N","基础版字段定义，后续可按数据库规范细化。"
"P1","增强协同层","pro_interface_message","接口消息主表","8","message_body","消息内容","varchar","500","","Y","","","N","N","","N","基础版字段定义，后续可按数据库规范细化。"
"P1","增强协同层","pro_interface_message","接口消息主表","9","message_status","消息状态","varchar","20","","N","0","mes_interface_message_status","N","N","","N","基础版字段定义，后续可按数据库规范细化。"
"P1","增强协同层","pro_interface_message","接口消息主表","10","retry_count","重试次数","integer","11","","Y","0","","N","N","","N","基础版字段定义，后续可按数据库规范细化。 PostgreSQL适配：由 int 调整为 integer。"
"P1","增强协同层","pro_interface_message","接口消息主表","11","error_message","错误信息","varchar","500","","Y","","","N","N","","N","基础版字段定义，后续可按数据库规范细化。"
"P1","增强协同层","pro_interface_message","接口消息主表","12","create_time","创建时间","timestamp","","","N","","","N","N","","N","基础版字段定义，后续可按数据库规范细化。 PostgreSQL适配：由 datetime 调整为 timestamp。"
"P1","增强协同层","pro_interface_message","接口消息主表","13","update_time","更新时间","timestamp","","","Y","","","N","N","","N","基础版字段定义，后续可按数据库规范细化。 PostgreSQL适配：由 datetime 调整为 timestamp。"
"P1","增强协同层","pro_interface_message","接口消息主表","14","del_flag","逻辑删除标识","char","1","","N","'0'","sys_del_flag","N","N","","","0存在 2删除"
"P1","增强协同层","pro_interface_message","接口消息主表","15","remark","备注","varchar","500","","Y","","","N","N","","N","基础版字段定义，后续可按数据库规范细化。"
"P2","高级追溯与接口运营层","pro_supplier_master","供应商主数据表","1","supplier_id","供应商ID","bigint","20","","N","","","Y","N","","N","主键，建议使用雪花ID或数据库统一ID生成策略。"
"P2","高级追溯与接口运营层","pro_supplier_master","供应商主数据表","2","supplier_code","供应商编码","varchar","64","","N","","","N","N","","Y","基础版字段定义，后续可按数据库规范细化。"
"P2","高级追溯与接口运营层","pro_supplier_master","供应商主数据表","3","supplier_name","供应商名称","varchar","128","","N","","","N","N","","N","基础版字段定义，后续可按数据库规范细化。"
"P2","高级追溯与接口运营层","pro_supplier_master","供应商主数据表","4","supplier_type","供应商类型","varchar","32","","Y","","type_dict","N","N","","N","基础版字段定义，后续可按数据库规范细化。"
"P2","高级追溯与接口运营层","pro_supplier_master","供应商主数据表","5","contact_person","联系人","varchar","64","","Y","","","N","N","","N","基础版字段定义，后续可按数据库规范细化。"
"P2","高级追溯与接口运营层","pro_supplier_master","供应商主数据表","6","contact_phone","联系电话","varchar","64","","Y","","","N","N","","N","基础版字段定义，后续可按数据库规范细化。"
"P2","高级追溯与接口运营层","pro_supplier_master","供应商主数据表","7","status","状态","varchar","20","","N","0","status_dict","N","N","","N","基础版字段定义，后续可按数据库规范细化。"
"P2","高级追溯与接口运营层","pro_supplier_master","供应商主数据表","8","create_by","创建人","varchar","64","","N","","","N","N","","N","基础版字段定义，后续可按数据库规范细化。"
"P2","高级追溯与接口运营层","pro_supplier_master","供应商主数据表","9","create_time","创建时间","timestamp","","","N","","","N","N","","N","基础版字段定义，后续可按数据库规范细化。 PostgreSQL适配：由 datetime 调整为 timestamp。"
"P2","高级追溯与接口运营层","pro_supplier_master","供应商主数据表","10","update_by","更新人","varchar","64","","Y","","","N","N","","N","基础版字段定义，后续可按数据库规范细化。"
"P2","高级追溯与接口运营层","pro_supplier_master","供应商主数据表","11","update_time","更新时间","timestamp","","","Y","","","N","N","","N","基础版字段定义，后续可按数据库规范细化。 PostgreSQL适配：由 datetime 调整为 timestamp。"
"P2","高级追溯与接口运营层","pro_supplier_master","供应商主数据表","12","del_flag","逻辑删除标识","char","1","","N","'0'","sys_del_flag","N","N","","","0存在 2删除"
"P2","高级追溯与接口运营层","pro_supplier_master","供应商主数据表","13","remark","备注","varchar","500","","Y","","","N","N","","N","基础版字段定义，后续可按数据库规范细化。"
"P2","高级追溯与接口运营层","pro_warehouse_master","仓库主数据表","1","warehouse_id","仓库ID","bigint","20","","N","","","Y","N","","N","主键，建议使用雪花ID或数据库统一ID生成策略。"
"P2","高级追溯与接口运营层","pro_warehouse_master","仓库主数据表","2","plant_id","工厂ID","bigint","20","","N","","","N","Y","pro_plant_master.plant_id","Y","基础版字段定义，后续可按数据库规范细化。"
"P2","高级追溯与接口运营层","pro_warehouse_master","仓库主数据表","3","warehouse_code","仓库编码","varchar","64","","N","","","N","N","","Y","基础版字段定义，后续可按数据库规范细化。"
"P2","高级追溯与接口运营层","pro_warehouse_master","仓库主数据表","4","warehouse_name","仓库名称","varchar","128","","N","","","N","N","","N","基础版字段定义，后续可按数据库规范细化。"
"P2","高级追溯与接口运营层","pro_warehouse_master","仓库主数据表","5","warehouse_type","仓库类型","varchar","32","","Y","","type_dict","N","N","","N","基础版字段定义，后续可按数据库规范细化。"
"P2","高级追溯与接口运营层","pro_warehouse_master","仓库主数据表","6","status","状态","varchar","20","","N","0","status_dict","N","N","","N","基础版字段定义，后续可按数据库规范细化。"
"P2","高级追溯与接口运营层","pro_warehouse_master","仓库主数据表","7","create_by","创建人","varchar","64","","N","","","N","N","","N","基础版字段定义，后续可按数据库规范细化。"
"P2","高级追溯与接口运营层","pro_warehouse_master","仓库主数据表","8","create_time","创建时间","timestamp","","","N","","","N","N","","N","基础版字段定义，后续可按数据库规范细化。 PostgreSQL适配：由 datetime 调整为 timestamp。"
"P2","高级追溯与接口运营层","pro_warehouse_master","仓库主数据表","9","update_by","更新人","varchar","64","","Y","","","N","N","","N","基础版字段定义，后续可按数据库规范细化。"
"P2","高级追溯与接口运营层","pro_warehouse_master","仓库主数据表","10","update_time","更新时间","timestamp","","","Y","","","N","N","","N","基础版字段定义，后续可按数据库规范细化。 PostgreSQL适配：由 datetime 调整为 timestamp。"
"P2","高级追溯与接口运营层","pro_warehouse_master","仓库主数据表","11","del_flag","逻辑删除标识","char","1","","N","'0'","sys_del_flag","N","N","","","0存在 2删除"
"P2","高级追溯与接口运营层","pro_warehouse_master","仓库主数据表","12","remark","备注","varchar","500","","Y","","","N","N","","N","基础版字段定义，后续可按数据库规范细化。"
"P2","高级追溯与接口运营层","pro_storage_location_master","库位主数据表","1","storage_location_id","库位ID","bigint","20","","N","","","Y","N","","N","主键，建议使用雪花ID或数据库统一ID生成策略。"
"P2","高级追溯与接口运营层","pro_storage_location_master","库位主数据表","2","warehouse_id","仓库ID","bigint","20","","N","","","N","Y","pro_warehouse_master.warehouse_id","Y","基础版字段定义，后续可按数据库规范细化。"
"P2","高级追溯与接口运营层","pro_storage_location_master","库位主数据表","3","storage_location_code","库位编码","varchar","64","","N","","","N","N","","Y","基础版字段定义，后续可按数据库规范细化。"
"P2","高级追溯与接口运营层","pro_storage_location_master","库位主数据表","4","storage_location_name","库位名称","varchar","128","","N","","","N","N","","N","基础版字段定义，后续可按数据库规范细化。"
"P2","高级追溯与接口运营层","pro_storage_location_master","库位主数据表","5","location_type","库位类型","varchar","32","","Y","","type_dict","N","N","","N","基础版字段定义，后续可按数据库规范细化。"
"P2","高级追溯与接口运营层","pro_storage_location_master","库位主数据表","6","status","状态","varchar","20","","N","0","status_dict","N","N","","N","基础版字段定义，后续可按数据库规范细化。"
"P2","高级追溯与接口运营层","pro_storage_location_master","库位主数据表","7","create_by","创建人","varchar","64","","N","","","N","N","","N","基础版字段定义，后续可按数据库规范细化。"
"P2","高级追溯与接口运营层","pro_storage_location_master","库位主数据表","8","create_time","创建时间","timestamp","","","N","","","N","N","","N","基础版字段定义，后续可按数据库规范细化。 PostgreSQL适配：由 datetime 调整为 timestamp。"
"P2","高级追溯与接口运营层","pro_storage_location_master","库位主数据表","9","update_by","更新人","varchar","64","","Y","","","N","N","","N","基础版字段定义，后续可按数据库规范细化。"
"P2","高级追溯与接口运营层","pro_storage_location_master","库位主数据表","10","update_time","更新时间","timestamp","","","Y","","","N","N","","N","基础版字段定义，后续可按数据库规范细化。 PostgreSQL适配：由 datetime 调整为 timestamp。"
"P2","高级追溯与接口运营层","pro_storage_location_master","库位主数据表","11","del_flag","逻辑删除标识","char","1","","N","'0'","sys_del_flag","N","N","","","0存在 2删除"
"P2","高级追溯与接口运营层","pro_storage_location_master","库位主数据表","12","remark","备注","varchar","500","","Y","","","N","N","","N","基础版字段定义，后续可按数据库规范细化。"
"P2","高级追溯与接口运营层","pro_goods_receipt","收货单头表","1","gr_id","收货单ID","bigint","20","","N","","","Y","N","","N","主键，建议使用雪花ID或数据库统一ID生成策略。"
"P2","高级追溯与接口运营层","pro_goods_receipt","收货单头表","2","gr_no","收货单号","varchar","64","","N","","","N","N","","Y","基础版字段定义，后续可按数据库规范细化。"
"P2","高级追溯与接口运营层","pro_goods_receipt","收货单头表","3","supplier_id","供应商ID","bigint","20","","N","","","N","Y","pro_supplier_master.supplier_id","N","基础版字段定义，后续可按数据库规范细化。"
"P2","高级追溯与接口运营层","pro_goods_receipt","收货单头表","4","warehouse_id","仓库ID","bigint","20","","N","","","N","Y","pro_warehouse_master.warehouse_id","N","基础版字段定义，后续可按数据库规范细化。"
"P2","高级追溯与接口运营层","pro_goods_receipt","收货单头表","5","receipt_date","收货日期","date","","","Y","","","N","N","","N","基础版字段定义，后续可按数据库规范细化。"
"P2","高级追溯与接口运营层","pro_goods_receipt","收货单头表","6","receipt_type","收货类型","varchar","32","","Y","","type_dict","N","N","","N","基础版字段定义，后续可按数据库规范细化。"
"P2","高级追溯与接口运营层","pro_goods_receipt","收货单头表","7","gr_status","收货状态","varchar","20","","N","0","status_dict","N","N","","N","基础版字段定义，后续可按数据库规范细化。"
"P2","高级追溯与接口运营层","pro_goods_receipt","收货单头表","8","source_doc_no","来源单号","varchar","64","","N","","","N","N","","N","基础版字段定义，后续可按数据库规范细化。"
"P2","高级追溯与接口运营层","pro_goods_receipt","收货单头表","9","create_by","创建人","varchar","64","","N","","","N","N","","N","基础版字段定义，后续可按数据库规范细化。"
"P2","高级追溯与接口运营层","pro_goods_receipt","收货单头表","10","create_time","创建时间","timestamp","","","N","","","N","N","","N","基础版字段定义，后续可按数据库规范细化。 PostgreSQL适配：由 datetime 调整为 timestamp。"
"P2","高级追溯与接口运营层","pro_goods_receipt","收货单头表","11","update_by","更新人","varchar","64","","Y","","","N","N","","N","基础版字段定义，后续可按数据库规范细化。"
"P2","高级追溯与接口运营层","pro_goods_receipt","收货单头表","12","update_time","更新时间","timestamp","","","Y","","","N","N","","N","基础版字段定义，后续可按数据库规范细化。 PostgreSQL适配：由 datetime 调整为 timestamp。"
"P2","高级追溯与接口运营层","pro_goods_receipt","收货单头表","13","del_flag","逻辑删除标识","char","1","","N","'0'","sys_del_flag","N","N","","","0存在 2删除"
"P2","高级追溯与接口运营层","pro_goods_receipt","收货单头表","14","remark","备注","varchar","500","","Y","","","N","N","","N","基础版字段定义，后续可按数据库规范细化。"
"P2","高级追溯与接口运营层","pro_goods_receipt_item","收货单明细表","1","gr_item_id","收货明细ID","bigint","20","","N","","","Y","N","","N","主键，建议使用雪花ID或数据库统一ID生成策略。"
"P2","高级追溯与接口运营层","pro_goods_receipt_item","收货单明细表","2","gr_id","收货单ID","bigint","20","","N","","","N","Y","pro_goods_receipt.gr_id","Y","基础版字段定义，后续可按数据库规范细化。"
"P2","高级追溯与接口运营层","pro_goods_receipt_item","收货单明细表","3","line_no","行号","varchar","64","","N","","","N","N","","Y","基础版字段定义，后续可按数据库规范细化。"
"P2","高级追溯与接口运营层","pro_goods_receipt_item","收货单明细表","4","material_id","物料ID","bigint","20","","N","","","N","Y","pro_material_master.material_id","N","基础版字段定义，后续可按数据库规范细化。"
"P2","高级追溯与接口运营层","pro_goods_receipt_item","收货单明细表","5","received_qty","接收数量","numeric","18","6","N","0","","N","N","","N","基础版字段定义，后续可按数据库规范细化。 PostgreSQL适配：由 decimal 调整为 numeric。"
"P2","高级追溯与接口运营层","pro_goods_receipt_item","收货单明细表","6","received_uom","接收单位","varchar","20","","Y","","mes_uom","N","N","","N","基础版字段定义，后续可按数据库规范细化。"
"P2","高级追溯与接口运营层","pro_goods_receipt_item","收货单明细表","7","lot_no","批次号","varchar","64","","N","","","N","N","","N","基础版字段定义，后续可按数据库规范细化。"
"P2","高级追溯与接口运营层","pro_goods_receipt_item","收货单明细表","8","storage_location_id","库位ID","bigint","20","","N","","","N","Y","pro_storage_location_master.storage_location_id","N","基础版字段定义，后续可按数据库规范细化。"
"P2","高级追溯与接口运营层","pro_goods_receipt_item","收货单明细表","9","item_status","项目状态","varchar","20","","N","0","status_dict","N","N","","N","基础版字段定义，后续可按数据库规范细化。"
"P2","高级追溯与接口运营层","pro_goods_receipt_item","收货单明细表","10","create_by","创建人","varchar","64","","N","","","N","N","","N","基础版字段定义，后续可按数据库规范细化。"
"P2","高级追溯与接口运营层","pro_goods_receipt_item","收货单明细表","11","create_time","创建时间","timestamp","","","N","","","N","N","","N","基础版字段定义，后续可按数据库规范细化。 PostgreSQL适配：由 datetime 调整为 timestamp。"
"P2","高级追溯与接口运营层","pro_goods_receipt_item","收货单明细表","12","update_by","更新人","varchar","64","","Y","","","N","N","","N","基础版字段定义，后续可按数据库规范细化。"
"P2","高级追溯与接口运营层","pro_goods_receipt_item","收货单明细表","13","update_time","更新时间","timestamp","","","Y","","","N","N","","N","基础版字段定义，后续可按数据库规范细化。 PostgreSQL适配：由 datetime 调整为 timestamp。"
"P2","高级追溯与接口运营层","pro_goods_receipt_item","收货单明细表","14","del_flag","逻辑删除标识","char","1","","N","'0'","sys_del_flag","N","N","","","0存在 2删除"
"P2","高级追溯与接口运营层","pro_goods_receipt_item","收货单明细表","15","remark","备注","varchar","500","","Y","","","N","N","","N","基础版字段定义，后续可按数据库规范细化。"
"P2","高级追溯与接口运营层","pro_serial_number","物料序列号表","1","serial_id","序列号ID","bigint","20","","N","","","Y","N","","N","主键，建议使用雪花ID或数据库统一ID生成策略。"
"P2","高级追溯与接口运营层","pro_serial_number","物料序列号表","2","material_id","物料ID","bigint","20","","N","","","N","Y","pro_material_master.material_id","N","基础版字段定义，后续可按数据库规范细化。"
"P2","高级追溯与接口运营层","pro_serial_number","物料序列号表","3","serial_no","序列号","varchar","64","","N","","","N","N","","Y","基础版字段定义，后续可按数据库规范细化。"
"P2","高级追溯与接口运营层","pro_serial_number","物料序列号表","4","material_lot_id","物料批次ID","bigint","20","","N","","","N","Y","pro_material_lot.material_lot_id","N","基础版字段定义，后续可按数据库规范细化。"
"P2","高级追溯与接口运营层","pro_serial_number","物料序列号表","5","serial_status","序列号状态","varchar","20","","N","0","status_dict","N","N","","N","基础版字段定义，后续可按数据库规范细化。"
"P2","高级追溯与接口运营层","pro_serial_number","物料序列号表","6","current_location","当前位置","varchar","64","","Y","","","N","N","","N","基础版字段定义，后续可按数据库规范细化。"
"P2","高级追溯与接口运营层","pro_serial_number","物料序列号表","7","create_by","创建人","varchar","64","","N","","","N","N","","N","基础版字段定义，后续可按数据库规范细化。"
"P2","高级追溯与接口运营层","pro_serial_number","物料序列号表","8","create_time","创建时间","timestamp","","","N","","","N","N","","N","基础版字段定义，后续可按数据库规范细化。 PostgreSQL适配：由 datetime 调整为 timestamp。"
"P2","高级追溯与接口运营层","pro_serial_number","物料序列号表","9","update_by","更新人","varchar","64","","Y","","","N","N","","N","基础版字段定义，后续可按数据库规范细化。"
"P2","高级追溯与接口运营层","pro_serial_number","物料序列号表","10","update_time","更新时间","timestamp","","","Y","","","N","N","","N","基础版字段定义，后续可按数据库规范细化。 PostgreSQL适配：由 datetime 调整为 timestamp。"
"P2","高级追溯与接口运营层","pro_serial_number","物料序列号表","11","del_flag","逻辑删除标识","char","1","","N","'0'","sys_del_flag","N","N","","","0存在 2删除"
"P2","高级追溯与接口运营层","pro_serial_number","物料序列号表","12","remark","备注","varchar","500","","Y","","","N","N","","N","基础版字段定义，后续可按数据库规范细化。"
"P2","高级追溯与接口运营层","pro_wip_lot","在制品批次表","1","wip_lot_id","在制批次ID","bigint","20","","N","","","Y","N","","N","主键，建议使用雪花ID或数据库统一ID生成策略。"
"P2","高级追溯与接口运营层","pro_wip_lot","在制品批次表","2","prod_order_id","生产工单ID","bigint","20","","N","","","N","Y","pro_production_order.prod_order_id","Y","基础版字段定义，后续可按数据库规范细化。"
"P2","高级追溯与接口运营层","pro_wip_lot","在制品批次表","3","material_id","物料ID","bigint","20","","N","","","N","Y","pro_material_master.material_id","N","基础版字段定义，后续可按数据库规范细化。"
"P2","高级追溯与接口运营层","pro_wip_lot","在制品批次表","4","wip_lot_no","在制批次号","varchar","64","","N","","","N","N","","Y","基础版字段定义，后续可按数据库规范细化。"
"P2","高级追溯与接口运营层","pro_wip_lot","在制品批次表","5","current_order_op_id","当前工单工序ID","bigint","20","","N","","","N","Y","pro_order_operation.order_op_id","N","基础版字段定义，后续可按数据库规范细化。"
"P2","高级追溯与接口运营层","pro_wip_lot","在制品批次表","6","qty","数量","numeric","18","6","N","0","","N","N","","N","基础版字段定义，后续可按数据库规范细化。 PostgreSQL适配：由 decimal 调整为 numeric。"
"P2","高级追溯与接口运营层","pro_wip_lot","在制品批次表","7","uom","单位","varchar","20","","Y","","mes_uom","N","N","","N","基础版字段定义，后续可按数据库规范细化。"
"P2","高级追溯与接口运营层","pro_wip_lot","在制品批次表","8","wip_status","在制状态","varchar","20","","N","0","status_dict","N","N","","N","基础版字段定义，后续可按数据库规范细化。"
"P2","高级追溯与接口运营层","pro_wip_lot","在制品批次表","9","create_by","创建人","varchar","64","","N","","","N","N","","N","基础版字段定义，后续可按数据库规范细化。"
"P2","高级追溯与接口运营层","pro_wip_lot","在制品批次表","10","create_time","创建时间","timestamp","","","N","","","N","N","","N","基础版字段定义，后续可按数据库规范细化。 PostgreSQL适配：由 datetime 调整为 timestamp。"
"P2","高级追溯与接口运营层","pro_wip_lot","在制品批次表","11","update_by","更新人","varchar","64","","Y","","","N","N","","N","基础版字段定义，后续可按数据库规范细化。"
"P2","高级追溯与接口运营层","pro_wip_lot","在制品批次表","12","update_time","更新时间","timestamp","","","Y","","","N","N","","N","基础版字段定义，后续可按数据库规范细化。 PostgreSQL适配：由 datetime 调整为 timestamp。"
"P2","高级追溯与接口运营层","pro_wip_lot","在制品批次表","13","del_flag","逻辑删除标识","char","1","","N","'0'","sys_del_flag","N","N","","","0存在 2删除"
"P2","高级追溯与接口运营层","pro_wip_lot","在制品批次表","14","remark","备注","varchar","500","","Y","","","N","N","","N","基础版字段定义，后续可按数据库规范细化。"
"P2","高级追溯与接口运营层","pro_wip_lot_tracking","在制品批次跟踪表","1","wip_track_id","在制流转ID","bigint","20","","N","","","Y","N","","N","主键，建议使用雪花ID或数据库统一ID生成策略。"
"P2","高级追溯与接口运营层","pro_wip_lot_tracking","在制品批次跟踪表","2","wip_lot_id","在制批次ID","bigint","20","","N","","","N","Y","pro_wip_lot.wip_lot_id","Y","基础版字段定义，后续可按数据库规范细化。"
"P2","高级追溯与接口运营层","pro_wip_lot_tracking","在制品批次跟踪表","3","from_order_op_id","来源工序ID","bigint","20","","N","","","N","Y","pro_order_operation.order_op_id","N","基础版字段定义，后续可按数据库规范细化。"
"P2","高级追溯与接口运营层","pro_wip_lot_tracking","在制品批次跟踪表","4","to_order_op_id","目标工序ID","bigint","20","","N","","","N","Y","pro_order_operation.order_op_id","N","基础版字段定义，后续可按数据库规范细化。"
"P2","高级追溯与接口运营层","pro_wip_lot_tracking","在制品批次跟踪表","5","move_qty","流转数量","numeric","18","6","N","0","","N","N","","N","基础版字段定义，后续可按数据库规范细化。 PostgreSQL适配：由 decimal 调整为 numeric。"
"P2","高级追溯与接口运营层","pro_wip_lot_tracking","在制品批次跟踪表","6","move_uom","流转单位","varchar","20","","Y","","mes_uom","N","N","","N","基础版字段定义，后续可按数据库规范细化。"
"P2","高级追溯与接口运营层","pro_wip_lot_tracking","在制品批次跟踪表","7","move_time","流转时间","timestamp","","","Y","","","N","N","","Y","基础版字段定义，后续可按数据库规范细化。 PostgreSQL适配：由 datetime 调整为 timestamp。"
"P2","高级追溯与接口运营层","pro_wip_lot_tracking","在制品批次跟踪表","8","operator_id","操作人ID","bigint","20","","N","","","N","Y","pro_person_master.person_id","N","基础版字段定义，后续可按数据库规范细化。"
"P2","高级追溯与接口运营层","pro_wip_lot_tracking","在制品批次跟踪表","9","track_status","跟踪状态","varchar","20","","N","0","status_dict","N","N","","N","基础版字段定义，后续可按数据库规范细化。"
"P2","高级追溯与接口运营层","pro_wip_lot_tracking","在制品批次跟踪表","10","create_by","创建人","varchar","64","","N","","","N","N","","N","基础版字段定义，后续可按数据库规范细化。"
"P2","高级追溯与接口运营层","pro_wip_lot_tracking","在制品批次跟踪表","11","create_time","创建时间","timestamp","","","N","","","N","N","","N","基础版字段定义，后续可按数据库规范细化。 PostgreSQL适配：由 datetime 调整为 timestamp。"
"P2","高级追溯与接口运营层","pro_wip_lot_tracking","在制品批次跟踪表","12","del_flag","逻辑删除标识","char","1","","N","'0'","sys_del_flag","N","N","","","0存在 2删除"
"P2","高级追溯与接口运营层","pro_wip_lot_tracking","在制品批次跟踪表","13","remark","备注","varchar","500","","Y","","","N","N","","N","基础版字段定义，后续可按数据库规范细化。"
"P2","高级追溯与接口运营层","pro_finished_good_lot","成品批次表","1","fg_lot_id","成品批次ID","bigint","20","","N","","","Y","N","","N","主键，建议使用雪花ID或数据库统一ID生成策略。"
"P2","高级追溯与接口运营层","pro_finished_good_lot","成品批次表","2","prod_order_id","生产工单ID","bigint","20","","N","","","N","Y","pro_production_order.prod_order_id","N","基础版字段定义，后续可按数据库规范细化。"
"P2","高级追溯与接口运营层","pro_finished_good_lot","成品批次表","3","material_id","物料ID","bigint","20","","N","","","N","Y","pro_material_master.material_id","Y","基础版字段定义，后续可按数据库规范细化。"
"P2","高级追溯与接口运营层","pro_finished_good_lot","成品批次表","4","fg_lot_no","成品批次号","varchar","64","","N","","","N","N","","Y","基础版字段定义，后续可按数据库规范细化。"
"P2","高级追溯与接口运营层","pro_finished_good_lot","成品批次表","5","qty","数量","numeric","18","6","N","0","","N","N","","N","基础版字段定义，后续可按数据库规范细化。 PostgreSQL适配：由 decimal 调整为 numeric。"
"P2","高级追溯与接口运营层","pro_finished_good_lot","成品批次表","6","uom","单位","varchar","20","","Y","","mes_uom","N","N","","N","基础版字段定义，后续可按数据库规范细化。"
"P2","高级追溯与接口运营层","pro_finished_good_lot","成品批次表","7","produce_time","生产时间","timestamp","","","Y","","","N","N","","N","基础版字段定义，后续可按数据库规范细化。 PostgreSQL适配：由 datetime 调整为 timestamp。"
"P2","高级追溯与接口运营层","pro_finished_good_lot","成品批次表","8","fg_status","成品批次状态","varchar","20","","N","0","status_dict","N","N","","N","基础版字段定义，后续可按数据库规范细化。"
"P2","高级追溯与接口运营层","pro_finished_good_lot","成品批次表","9","create_by","创建人","varchar","64","","N","","","N","N","","N","基础版字段定义，后续可按数据库规范细化。"
"P2","高级追溯与接口运营层","pro_finished_good_lot","成品批次表","10","create_time","创建时间","timestamp","","","N","","","N","N","","N","基础版字段定义，后续可按数据库规范细化。 PostgreSQL适配：由 datetime 调整为 timestamp。"
"P2","高级追溯与接口运营层","pro_finished_good_lot","成品批次表","11","update_by","更新人","varchar","64","","Y","","","N","N","","N","基础版字段定义，后续可按数据库规范细化。"
"P2","高级追溯与接口运营层","pro_finished_good_lot","成品批次表","12","update_time","更新时间","timestamp","","","Y","","","N","N","","N","基础版字段定义，后续可按数据库规范细化。 PostgreSQL适配：由 datetime 调整为 timestamp。"
"P2","高级追溯与接口运营层","pro_finished_good_lot","成品批次表","13","del_flag","逻辑删除标识","char","1","","N","'0'","sys_del_flag","N","N","","","0存在 2删除"
"P2","高级追溯与接口运营层","pro_finished_good_lot","成品批次表","14","remark","备注","varchar","500","","Y","","","N","N","","N","基础版字段定义，后续可按数据库规范细化。"
"P2","高级追溯与接口运营层","pro_finished_good_serial","成品序列号表","1","fg_serial_id","成品序列号ID","bigint","20","","N","","","Y","N","","N","主键，建议使用雪花ID或数据库统一ID生成策略。"
"P2","高级追溯与接口运营层","pro_finished_good_serial","成品序列号表","2","fg_lot_id","成品批次ID","bigint","20","","N","","","N","Y","pro_finished_good_lot.fg_lot_id","N","基础版字段定义，后续可按数据库规范细化。"
"P2","高级追溯与接口运营层","pro_finished_good_serial","成品序列号表","3","material_id","物料ID","bigint","20","","N","","","N","Y","pro_material_master.material_id","N","基础版字段定义，后续可按数据库规范细化。"
"P2","高级追溯与接口运营层","pro_finished_good_serial","成品序列号表","4","serial_no","序列号","varchar","64","","N","","","N","N","","Y","基础版字段定义，后续可按数据库规范细化。"
"P2","高级追溯与接口运营层","pro_finished_good_serial","成品序列号表","5","udi_code","UDI编码","varchar","64","","N","","","N","N","","N","基础版字段定义，后续可按数据库规范细化。"
"P2","高级追溯与接口运营层","pro_finished_good_serial","成品序列号表","6","fg_serial_status","成品序列号状态","varchar","20","","N","0","status_dict","N","N","","N","基础版字段定义，后续可按数据库规范细化。"
"P2","高级追溯与接口运营层","pro_finished_good_serial","成品序列号表","7","create_by","创建人","varchar","64","","N","","","N","N","","N","基础版字段定义，后续可按数据库规范细化。"
"P2","高级追溯与接口运营层","pro_finished_good_serial","成品序列号表","8","create_time","创建时间","timestamp","","","N","","","N","N","","N","基础版字段定义，后续可按数据库规范细化。 PostgreSQL适配：由 datetime 调整为 timestamp。"
"P2","高级追溯与接口运营层","pro_finished_good_serial","成品序列号表","9","update_by","更新人","varchar","64","","Y","","","N","N","","N","基础版字段定义，后续可按数据库规范细化。"
"P2","高级追溯与接口运营层","pro_finished_good_serial","成品序列号表","10","update_time","更新时间","timestamp","","","Y","","","N","N","","N","基础版字段定义，后续可按数据库规范细化。 PostgreSQL适配：由 datetime 调整为 timestamp。"
"P2","高级追溯与接口运营层","pro_finished_good_serial","成品序列号表","11","del_flag","逻辑删除标识","char","1","","N","'0'","sys_del_flag","N","N","","","0存在 2删除"
"P2","高级追溯与接口运营层","pro_finished_good_serial","成品序列号表","12","remark","备注","varchar","500","","Y","","","N","N","","N","基础版字段定义，后续可按数据库规范细化。"
"P2","高级追溯与接口运营层","pro_lot_genealogy","批次族谱表","1","lot_genealogy_id","批次族谱ID","bigint","20","","N","","","Y","N","","N","主键，建议使用雪花ID或数据库统一ID生成策略。"
"P2","高级追溯与接口运营层","pro_lot_genealogy","批次族谱表","2","source_lot_type","来源批次类型","varchar","32","","Y","","mes_lot_object_type","N","N","","Y","来源批次类型，兼容字段；优先使用明确来源批次外键。"
"P2","高级追溯与接口运营层","pro_lot_genealogy","批次族谱表","3","source_lot_id","来源批次ID","bigint","20","","Y","","","N","N","","Y","兼容字段，记录来源批次泛型ID；强追溯场景优先使用明确外键字段。"
"P2","高级追溯与接口运营层","pro_lot_genealogy","批次族谱表","4","source_material_lot_id","来源物料批次ID","bigint","20","","Y","","","N","Y","pro_material_lot.material_lot_id","N","来源为物料批次时使用。"
"P2","高级追溯与接口运营层","pro_lot_genealogy","批次族谱表","5","source_wip_lot_id","来源在制批次ID","bigint","20","","Y","","","N","Y","pro_wip_lot.wip_lot_id","N","来源为在制批次时使用。"
"P2","高级追溯与接口运营层","pro_lot_genealogy","批次族谱表","6","source_fg_lot_id","来源成品批次ID","bigint","20","","Y","","","N","Y","pro_finished_good_lot.fg_lot_id","N","来源为成品批次时使用。"
"P2","高级追溯与接口运营层","pro_lot_genealogy","批次族谱表","7","target_lot_type","目标批次类型","varchar","32","","Y","","mes_lot_object_type","N","N","","Y","目标批次类型，兼容字段；优先使用明确目标批次外键。"
"P2","高级追溯与接口运营层","pro_lot_genealogy","批次族谱表","8","target_lot_id","目标批次ID","bigint","20","","Y","","","N","N","","Y","兼容字段，记录目标批次泛型ID；强追溯场景优先使用明确外键字段。"
"P2","高级追溯与接口运营层","pro_lot_genealogy","批次族谱表","9","target_material_lot_id","目标物料批次ID","bigint","20","","Y","","","N","Y","pro_material_lot.material_lot_id","N","目标为物料批次时使用。"
"P2","高级追溯与接口运营层","pro_lot_genealogy","批次族谱表","10","target_wip_lot_id","目标在制批次ID","bigint","20","","Y","","","N","Y","pro_wip_lot.wip_lot_id","N","目标为在制批次时使用。"
"P2","高级追溯与接口运营层","pro_lot_genealogy","批次族谱表","11","target_fg_lot_id","目标成品批次ID","bigint","20","","Y","","","N","Y","pro_finished_good_lot.fg_lot_id","N","目标为成品批次时使用。"
"P2","高级追溯与接口运营层","pro_lot_genealogy","批次族谱表","12","relation_type","关系类型","varchar","32","","Y","","mes_lot_genealogy_relation","N","N","","Y","批次谱系关系类型。"
"P2","高级追溯与接口运营层","pro_lot_genealogy","批次族谱表","13","qty","数量","numeric","18","6","N","0","","N","N","","N","基础版字段定义，后续可按数据库规范细化。 PostgreSQL适配：由 decimal 调整为 numeric。"
"P2","高级追溯与接口运营层","pro_lot_genealogy","批次族谱表","14","uom","单位","varchar","20","","Y","","mes_uom","N","N","","N","基础版字段定义，后续可按数据库规范细化。"
"P2","高级追溯与接口运营层","pro_lot_genealogy","批次族谱表","15","source_event_id","来源事件ID","bigint","20","","N","","","N","N","","N","基础版字段定义，后续可按数据库规范细化。"
"P2","高级追溯与接口运营层","pro_lot_genealogy","批次族谱表","16","create_time","创建时间","timestamp","","","N","","","N","N","","N","基础版字段定义，后续可按数据库规范细化。 PostgreSQL适配：由 datetime 调整为 timestamp。"
"P2","高级追溯与接口运营层","pro_lot_genealogy","批次族谱表","17","del_flag","逻辑删除标识","char","1","","N","'0'","sys_del_flag","N","N","","","0存在 2删除"
"P2","高级追溯与接口运营层","pro_lot_genealogy","批次族谱表","18","remark","备注","varchar","500","","Y","","","N","N","","N","基础版字段定义，后续可按数据库规范细化。"
"P2","高级追溯与接口运营层","pro_serial_genealogy","序列号族谱表","1","serial_genealogy_id","序列号族谱ID","bigint","20","","N","","","Y","N","","N","主键，建议使用雪花ID或数据库统一ID生成策略。"
"P2","高级追溯与接口运营层","pro_serial_genealogy","序列号族谱表","2","parent_serial_type","父级序列号类型","varchar","32","","Y","","mes_serial_object_type","N","N","","Y","父级序列号类型，兼容字段；优先使用明确序列号外键。"
"P2","高级追溯与接口运营层","pro_serial_genealogy","序列号族谱表","3","parent_serial_id","父级序列号ID","bigint","20","","Y","","","N","N","","Y","兼容字段，记录父级序列号泛型ID；强追溯场景优先使用明确外键字段。"
"P2","高级追溯与接口运营层","pro_serial_genealogy","序列号族谱表","4","parent_material_serial_id","父级物料序列号ID","bigint","20","","Y","","","N","Y","pro_serial_number.serial_id","N","父级为物料序列号时使用。"
"P2","高级追溯与接口运营层","pro_serial_genealogy","序列号族谱表","5","parent_fg_serial_id","父级成品序列号ID","bigint","20","","Y","","","N","Y","pro_finished_good_serial.fg_serial_id","N","父级为成品序列号时使用。"
"P2","高级追溯与接口运营层","pro_serial_genealogy","序列号族谱表","6","child_serial_type","子级序列号类型","varchar","32","","Y","","mes_serial_object_type","N","N","","Y","子级序列号类型，兼容字段；优先使用明确序列号外键。"
"P2","高级追溯与接口运营层","pro_serial_genealogy","序列号族谱表","7","child_serial_id","子级序列号ID","bigint","20","","Y","","","N","N","","Y","兼容字段，记录子级序列号泛型ID；强追溯场景优先使用明确外键字段。"
"P2","高级追溯与接口运营层","pro_serial_genealogy","序列号族谱表","8","child_material_serial_id","子级物料序列号ID","bigint","20","","Y","","","N","Y","pro_serial_number.serial_id","N","子级为物料序列号时使用。"
"P2","高级追溯与接口运营层","pro_serial_genealogy","序列号族谱表","9","child_fg_serial_id","子级成品序列号ID","bigint","20","","Y","","","N","Y","pro_finished_good_serial.fg_serial_id","N","子级为成品序列号时使用。"
"P2","高级追溯与接口运营层","pro_serial_genealogy","序列号族谱表","10","relation_type","关系类型","varchar","32","","Y","","mes_serial_genealogy_relation","N","N","","Y","序列号谱系关系类型。"
"P2","高级追溯与接口运营层","pro_serial_genealogy","序列号族谱表","11","source_event_id","来源事件ID","bigint","20","","N","","","N","N","","N","基础版字段定义，后续可按数据库规范细化。"
"P2","高级追溯与接口运营层","pro_serial_genealogy","序列号族谱表","12","create_time","创建时间","timestamp","","","N","","","N","N","","N","基础版字段定义，后续可按数据库规范细化。 PostgreSQL适配：由 datetime 调整为 timestamp。"
"P2","高级追溯与接口运营层","pro_serial_genealogy","序列号族谱表","13","del_flag","逻辑删除标识","char","1","","N","'0'","sys_del_flag","N","N","","","0存在 2删除"
"P2","高级追溯与接口运营层","pro_serial_genealogy","序列号族谱表","14","remark","备注","varchar","500","","Y","","","N","N","","N","基础版字段定义，后续可按数据库规范细化。"
"P2","高级追溯与接口运营层","pro_report_confirmation_if","报工确认接口表","1","report_if_id","报工接口ID","bigint","20","","N","","","Y","N","","N","主键，建议使用雪花ID或数据库统一ID生成策略。"
"P2","高级追溯与接口运营层","pro_report_confirmation_if","报工确认接口表","2","interface_msg_id","接口消息ID","bigint","20","","N","","","N","Y","pro_interface_message.interface_msg_id","Y","基础版字段定义，后续可按数据库规范细化。"
"P2","高级追溯与接口运营层","pro_report_confirmation_if","报工确认接口表","3","report_id","报工ID","bigint","20","","N","","","N","Y","pro_production_report.report_id","N","基础版字段定义，后续可按数据库规范细化。"
"P2","高级追溯与接口运营层","pro_report_confirmation_if","报工确认接口表","4","sap_order_no","SAP订单号","varchar","64","","N","","","N","N","","N","基础版字段定义，后续可按数据库规范细化。"
"P2","高级追溯与接口运营层","pro_report_confirmation_if","报工确认接口表","5","sap_operation_no","SAP工序号","varchar","64","","N","","","N","N","","N","基础版字段定义，后续可按数据库规范细化。"
"P2","高级追溯与接口运营层","pro_report_confirmation_if","报工确认接口表","6","confirm_qty","确认数量","numeric","18","6","N","0","","N","N","","N","基础版字段定义，后续可按数据库规范细化。 PostgreSQL适配：由 decimal 调整为 numeric。"
"P2","高级追溯与接口运营层","pro_report_confirmation_if","报工确认接口表","7","confirm_uom","确认单位","varchar","20","","Y","","mes_uom","N","N","","N","基础版字段定义，后续可按数据库规范细化。"
"P2","高级追溯与接口运营层","pro_report_confirmation_if","报工确认接口表","8","posting_status","过账状态","varchar","20","","N","0","mes_posting_status","N","N","","N","基础版字段定义，后续可按数据库规范细化。"
"P2","高级追溯与接口运营层","pro_report_confirmation_if","报工确认接口表","9","posting_time","过账时间","timestamp","","","Y","","","N","N","","N","基础版字段定义，后续可按数据库规范细化。 PostgreSQL适配：由 datetime 调整为 timestamp。"
"P2","高级追溯与接口运营层","pro_report_confirmation_if","报工确认接口表","10","error_message","错误信息","varchar","500","","Y","","","N","N","","N","基础版字段定义，后续可按数据库规范细化。"
"P2","高级追溯与接口运营层","pro_report_confirmation_if","报工确认接口表","11","create_time","创建时间","timestamp","","","N","","","N","N","","N","基础版字段定义，后续可按数据库规范细化。 PostgreSQL适配：由 datetime 调整为 timestamp。"
"P2","高级追溯与接口运营层","pro_report_confirmation_if","报工确认接口表","12","update_time","更新时间","timestamp","","","Y","","","N","N","","N","基础版字段定义，后续可按数据库规范细化。 PostgreSQL适配：由 datetime 调整为 timestamp。"
"P2","高级追溯与接口运营层","pro_report_confirmation_if","报工确认接口表","13","del_flag","逻辑删除标识","char","1","","N","'0'","sys_del_flag","N","N","","","0存在 2删除"
"P2","高级追溯与接口运营层","pro_report_confirmation_if","报工确认接口表","14","remark","备注","varchar","500","","Y","","","N","N","","N","基础版字段定义，后续可按数据库规范细化。"
"P2","高级追溯与接口运营层","pro_inspection_result_if","检验结果接口表","1","insp_if_id","检验接口ID","bigint","20","","N","","","Y","N","","N","主键，建议使用雪花ID或数据库统一ID生成策略。"
"P2","高级追溯与接口运营层","pro_inspection_result_if","检验结果接口表","2","interface_msg_id","接口消息ID","bigint","20","","N","","","N","Y","pro_interface_message.interface_msg_id","Y","基础版字段定义，后续可按数据库规范细化。"
"P2","高级追溯与接口运营层","pro_inspection_result_if","检验结果接口表","3","insp_result_id","检验结果ID","bigint","20","","N","","","N","Y","pro_inspection_result.insp_result_id","N","基础版字段定义，后续可按数据库规范细化。"
"P2","高级追溯与接口运营层","pro_inspection_result_if","检验结果接口表","4","sap_order_no","SAP订单号","varchar","64","","N","","","N","N","","N","基础版字段定义，后续可按数据库规范细化。"
"P2","高级追溯与接口运营层","pro_inspection_result_if","检验结果接口表","5","sap_operation_no","SAP工序号","varchar","64","","N","","","N","N","","N","基础版字段定义，后续可按数据库规范细化。"
"P2","高级追溯与接口运营层","pro_inspection_result_if","检验结果接口表","6","inspection_lot_no","检验批号","varchar","64","","N","","","N","N","","N","基础版字段定义，后续可按数据库规范细化。"
"P2","高级追溯与接口运营层","pro_inspection_result_if","检验结果接口表","7","result_payload","结果报文","varchar","500","","Y","","","N","N","","N","基础版字段定义，后续可按数据库规范细化。"
"P2","高级追溯与接口运营层","pro_inspection_result_if","检验结果接口表","8","posting_status","过账状态","varchar","20","","N","0","mes_posting_status","N","N","","N","基础版字段定义，后续可按数据库规范细化。"
"P2","高级追溯与接口运营层","pro_inspection_result_if","检验结果接口表","9","posting_time","过账时间","timestamp","","","Y","","","N","N","","N","基础版字段定义，后续可按数据库规范细化。 PostgreSQL适配：由 datetime 调整为 timestamp。"
"P2","高级追溯与接口运营层","pro_inspection_result_if","检验结果接口表","10","error_message","错误信息","varchar","500","","Y","","","N","N","","N","基础版字段定义，后续可按数据库规范细化。"
"P2","高级追溯与接口运营层","pro_inspection_result_if","检验结果接口表","11","create_time","创建时间","timestamp","","","N","","","N","N","","N","基础版字段定义，后续可按数据库规范细化。 PostgreSQL适配：由 datetime 调整为 timestamp。"
"P2","高级追溯与接口运营层","pro_inspection_result_if","检验结果接口表","12","update_time","更新时间","timestamp","","","Y","","","N","N","","N","基础版字段定义，后续可按数据库规范细化。 PostgreSQL适配：由 datetime 调整为 timestamp。"
"P2","高级追溯与接口运营层","pro_inspection_result_if","检验结果接口表","13","del_flag","逻辑删除标识","char","1","","N","'0'","sys_del_flag","N","N","","","0存在 2删除"
"P2","高级追溯与接口运营层","pro_inspection_result_if","检验结果接口表","14","remark","备注","varchar","500","","Y","","","N","N","","N","基础版字段定义，后续可按数据库规范细化。"
"P2","高级追溯与接口运营层","pro_consumption_posting_if","投料过账接口表","1","consume_if_id","投料接口ID","bigint","20","","N","","","Y","N","","N","主键，建议使用雪花ID或数据库统一ID生成策略。"
"P2","高级追溯与接口运营层","pro_consumption_posting_if","投料过账接口表","2","interface_msg_id","接口消息ID","bigint","20","","N","","","N","Y","pro_interface_message.interface_msg_id","Y","基础版字段定义，后续可按数据库规范细化。"
"P2","高级追溯与接口运营层","pro_consumption_posting_if","投料过账接口表","3","op_consume_id","投料记录ID","bigint","20","","N","","","N","Y","pro_operation_consumption.op_consume_id","N","基础版字段定义，后续可按数据库规范细化。"
"P2","高级追溯与接口运营层","pro_consumption_posting_if","投料过账接口表","4","sap_order_no","SAP订单号","varchar","64","","N","","","N","N","","N","基础版字段定义，后续可按数据库规范细化。"
"P2","高级追溯与接口运营层","pro_consumption_posting_if","投料过账接口表","5","sap_reservation_no","SAP预留号","varchar","64","","N","","","N","N","","N","基础版字段定义，后续可按数据库规范细化。"
"P2","高级追溯与接口运营层","pro_consumption_posting_if","投料过账接口表","6","sap_reservation_item","SAP预留行号","varchar","64","","Y","","","N","N","","N","基础版字段定义，后续可按数据库规范细化。"
"P2","高级追溯与接口运营层","pro_consumption_posting_if","投料过账接口表","7","material_code","物料编码","varchar","64","","N","","","N","N","","N","基础版字段定义，后续可按数据库规范细化。"
"P2","高级追溯与接口运营层","pro_consumption_posting_if","投料过账接口表","8","posting_qty","过账数量","numeric","18","6","N","0","","N","N","","N","基础版字段定义，后续可按数据库规范细化。 PostgreSQL适配：由 decimal 调整为 numeric。"
"P2","高级追溯与接口运营层","pro_consumption_posting_if","投料过账接口表","9","posting_uom","过账单位","varchar","20","","Y","","mes_uom","N","N","","N","基础版字段定义，后续可按数据库规范细化。"
"P2","高级追溯与接口运营层","pro_consumption_posting_if","投料过账接口表","10","posting_status","过账状态","varchar","20","","N","0","mes_posting_status","N","N","","N","基础版字段定义，后续可按数据库规范细化。"
"P2","高级追溯与接口运营层","pro_consumption_posting_if","投料过账接口表","11","posting_time","过账时间","timestamp","","","Y","","","N","N","","N","基础版字段定义，后续可按数据库规范细化。 PostgreSQL适配：由 datetime 调整为 timestamp。"
"P2","高级追溯与接口运营层","pro_consumption_posting_if","投料过账接口表","12","error_message","错误信息","varchar","500","","Y","","","N","N","","N","基础版字段定义，后续可按数据库规范细化。"
"P2","高级追溯与接口运营层","pro_consumption_posting_if","投料过账接口表","13","create_time","创建时间","timestamp","","","N","","","N","N","","N","基础版字段定义，后续可按数据库规范细化。 PostgreSQL适配：由 datetime 调整为 timestamp。"
"P2","高级追溯与接口运营层","pro_consumption_posting_if","投料过账接口表","14","update_time","更新时间","timestamp","","","Y","","","N","N","","N","基础版字段定义，后续可按数据库规范细化。 PostgreSQL适配：由 datetime 调整为 timestamp。"
"P2","高级追溯与接口运营层","pro_consumption_posting_if","投料过账接口表","15","del_flag","逻辑删除标识","char","1","","N","'0'","sys_del_flag","N","N","","","0存在 2删除"
"P2","高级追溯与接口运营层","pro_consumption_posting_if","投料过账接口表","16","remark","备注","varchar","500","","Y","","","N","N","","N","基础版字段定义，后续可按数据库规范细化。"
"P0+","补充核心表","pro_shift","班次主数据表","1","shift_id","班次ID","bigint","20","","N","","","Y","N","","N","主键。"
"P0+","补充核心表","pro_shift","班次主数据表","2","shift_code","班次编码","varchar","64","","N","","","N","N","","Y","建议唯一。"
"P0+","补充核心表","pro_shift","班次主数据表","3","shift_name","班次名称","varchar","128","","N","","","N","N","","N","如早班、中班、晚班。"
"P0+","补充核心表","pro_shift","班次主数据表","4","start_time","开始时间","time","","","N","","","N","N","","N","班次内开始时间。"
"P0+","补充核心表","pro_shift","班次主数据表","5","end_time","结束时间","time","","","N","","","N","N","","N","班次内结束时间。"
"P0+","补充核心表","pro_shift","班次主数据表","6","cross_day_flag","是否跨天","char","1","","N","N","sys_yes_no","N","N","","N","夜班等跨天场景。"
"P0+","补充核心表","pro_shift","班次主数据表","7","work_hours","工时","numeric","8","2","Y","0","","N","N","","N","班次标准工时。 PostgreSQL适配：由 decimal 调整为 numeric。"
"P0+","补充核心表","pro_shift","班次主数据表","8","status","状态","varchar","20","","N","0","sys_normal_disable","N","N","","N","启用/停用。"
"P0+","补充核心表","pro_shift","班次主数据表","9","create_by","创建人","varchar","64","","N","","","N","N","","N","审计字段。"
"P0+","补充核心表","pro_shift","班次主数据表","10","create_time","创建时间","timestamp","","","N","CURRENT_TIMESTAMP","","N","N","","N","审计字段。 PostgreSQL适配：由 datetime 调整为 timestamp。"
"P0+","补充核心表","pro_shift","班次主数据表","11","update_by","更新人","varchar","64","","Y","","","N","N","","N","审计字段。"
"P0+","补充核心表","pro_shift","班次主数据表","12","update_time","更新时间","timestamp","","","Y","","","N","N","","N","审计字段。 PostgreSQL适配：由 datetime 调整为 timestamp。"
"P0+","补充核心表","pro_shift","班次主数据表","13","del_flag","逻辑删除标识","char","1","","N","'0'","sys_del_flag","N","N","","","0存在 2删除"
"P0+","补充核心表","pro_shift","班次主数据表","14","remark","备注","varchar","500","","Y","","","N","N","","N","备注说明。"
"P0+","补充核心表","pro_calendar","生产日历表","1","calendar_id","生产日历ID","bigint","20","","N","","","Y","N","","N","主键。"
"P0+","补充核心表","pro_calendar","生产日历表","2","plant_id","工厂ID","bigint","20","","N","","","N","Y","pro_plant_master.plant_id","Y","所属工厂。"
"P0+","补充核心表","pro_calendar","生产日历表","3","calendar_date","日历日期","date","","","N","","","N","N","","Y","生产日历日期。"
"P0+","补充核心表","pro_calendar","生产日历表","4","day_type","日期类型","varchar","20","","N","WORKDAY","mes_calendar_day_type","N","N","","N","工作日、休息日、节假日等。"
"P0+","补充核心表","pro_calendar","生产日历表","5","work_flag","是否工作日","char","1","","N","Y","sys_yes_no","N","N","","N","是否可排产。"
"P0+","补充核心表","pro_calendar","生产日历表","6","shift_id","班次ID","bigint","20","","Y","","","N","Y","pro_shift.shift_id","Y","可按班次定义产能。"
"P0+","补充核心表","pro_calendar","生产日历表","7","capacity_hours","可用产能小时","numeric","8","2","Y","0","","N","N","","N","当天或班次可用产能。 PostgreSQL适配：由 decimal 调整为 numeric。"
"P0+","补充核心表","pro_calendar","生产日历表","8","status","状态","varchar","20","","N","0","sys_normal_disable","N","N","","N","启用/停用。"
"P0+","补充核心表","pro_calendar","生产日历表","9","create_by","创建人","varchar","64","","N","","","N","N","","N","审计字段。"
"P0+","补充核心表","pro_calendar","生产日历表","10","create_time","创建时间","timestamp","","","N","CURRENT_TIMESTAMP","","N","N","","N","审计字段。 PostgreSQL适配：由 datetime 调整为 timestamp。"
"P0+","补充核心表","pro_calendar","生产日历表","11","update_by","更新人","varchar","64","","Y","","","N","N","","N","审计字段。"
"P0+","补充核心表","pro_calendar","生产日历表","12","update_time","更新时间","timestamp","","","Y","","","N","N","","N","审计字段。 PostgreSQL适配：由 datetime 调整为 timestamp。"
"P0+","补充核心表","pro_calendar","生产日历表","13","del_flag","逻辑删除标识","char","1","","N","'0'","sys_del_flag","N","N","","","0存在 2删除"
"P0+","补充核心表","pro_calendar","生产日历表","14","remark","备注","varchar","500","","Y","","","N","N","","N","备注说明。"
"P0+","补充核心表","pro_schedule_plan","排产计划表","1","plan_id","排产计划ID","bigint","20","","N","","","Y","N","","N","主键。"
"P0+","补充核心表","pro_schedule_plan","排产计划表","2","plan_no","排产计划号","varchar","64","","N","","","N","N","","Y","排产计划唯一编号。"
"P0+","补充核心表","pro_schedule_plan","排产计划表","3","prod_order_id","生产工单ID","bigint","20","","N","","","N","Y","pro_production_order.prod_order_id","N","关联生产工单。"
"P0+","补充核心表","pro_schedule_plan","排产计划表","4","order_op_id","工单工序ID","bigint","20","","Y","","","N","Y","pro_order_operation.order_op_id","N","可排到工序粒度。"
"P0+","补充核心表","pro_schedule_plan","排产计划表","5","work_center_id","工作中心ID","bigint","20","","N","","","N","Y","pro_work_center_master.work_center_id","N","计划工作中心。"
"P0+","补充核心表","pro_schedule_plan","排产计划表","6","line_id","产线ID","bigint","20","","Y","","","N","Y","pro_production_line_master.line_id","N","计划产线。"
"P0+","补充核心表","pro_schedule_plan","排产计划表","7","shift_id","班次ID","bigint","20","","Y","","","N","Y","pro_shift.shift_id","N","计划班次。"
"P0+","补充核心表","pro_schedule_plan","排产计划表","8","plan_date","计划日期","date","","","N","","","N","N","","N","计划日期。"
"P0+","补充核心表","pro_schedule_plan","排产计划表","9","planned_start_time","计划开始时间","timestamp","","","N","","","N","N","","N","计划开始。 PostgreSQL适配：由 datetime 调整为 timestamp。"
"P0+","补充核心表","pro_schedule_plan","排产计划表","10","planned_end_time","计划结束时间","timestamp","","","N","","","N","N","","N","计划结束。 PostgreSQL适配：由 datetime 调整为 timestamp。"
"P0+","补充核心表","pro_schedule_plan","排产计划表","11","planned_qty","计划数量","numeric","18","6","N","0","","N","N","","N","排产数量。 PostgreSQL适配：由 decimal 调整为 numeric。"
"P0+","补充核心表","pro_schedule_plan","排产计划表","12","plan_status","方案状态","varchar","20","","N","DRAFT","mes_schedule_status","N","N","","N","草稿、已发布、已锁定等。"
"P0+","补充核心表","pro_schedule_plan","排产计划表","13","lock_flag","是否锁定","char","1","","N","N","sys_yes_no","N","N","","N","是否锁定计划。"
"P0+","补充核心表","pro_schedule_plan","排产计划表","14","publish_flag","是否发布","char","1","","N","N","sys_yes_no","N","N","","N","是否已发布到执行。"
"P0+","补充核心表","pro_schedule_plan","排产计划表","15","create_by","创建人","varchar","64","","N","","","N","N","","N","审计字段。"
"P0+","补充核心表","pro_schedule_plan","排产计划表","16","create_time","创建时间","timestamp","","","N","CURRENT_TIMESTAMP","","N","N","","N","审计字段。 PostgreSQL适配：由 datetime 调整为 timestamp。"
"P0+","补充核心表","pro_schedule_plan","排产计划表","17","update_by","更新人","varchar","64","","Y","","","N","N","","N","审计字段。"
"P0+","补充核心表","pro_schedule_plan","排产计划表","18","update_time","更新时间","timestamp","","","Y","","","N","N","","N","审计字段。 PostgreSQL适配：由 datetime 调整为 timestamp。"
"P0+","补充核心表","pro_schedule_plan","排产计划表","19","del_flag","逻辑删除标识","char","1","","N","'0'","sys_del_flag","N","N","","","0存在 2删除"
"P0+","补充核心表","pro_schedule_plan","排产计划表","20","remark","备注","varchar","500","","Y","","","N","N","","N","备注说明。"
"P0+","补充核心表","pro_schedule_log","排产调整日志表","1","log_id","日志ID","bigint","20","","N","","","Y","N","","N","主键。"
"P0+","补充核心表","pro_schedule_log","排产调整日志表","2","plan_id","排产计划ID","bigint","20","","N","","","N","Y","pro_schedule_plan.plan_id","N","关联排产计划。"
"P0+","补充核心表","pro_schedule_log","排产调整日志表","3","adjust_type","调整类型","varchar","32","","N","","mes_schedule_adjust_type","N","N","","N","新增、变更、取消等。"
"P0+","补充核心表","pro_schedule_log","排产调整日志表","4","before_start_time","调整前开始时间","timestamp","","","Y","","","N","N","","N","调整前计划开始。 PostgreSQL适配：由 datetime 调整为 timestamp。"
"P0+","补充核心表","pro_schedule_log","排产调整日志表","5","after_start_time","调整后开始时间","timestamp","","","Y","","","N","N","","N","调整后计划开始。 PostgreSQL适配：由 datetime 调整为 timestamp。"
"P0+","补充核心表","pro_schedule_log","排产调整日志表","6","before_end_time","调整前结束时间","timestamp","","","Y","","","N","N","","N","调整前计划结束。 PostgreSQL适配：由 datetime 调整为 timestamp。"
"P0+","补充核心表","pro_schedule_log","排产调整日志表","7","after_end_time","调整后结束时间","timestamp","","","Y","","","N","N","","N","调整后计划结束。 PostgreSQL适配：由 datetime 调整为 timestamp。"
"P0+","补充核心表","pro_schedule_log","排产调整日志表","8","before_work_center_id","调整前工作中心ID","bigint","20","","Y","","","N","Y","pro_work_center_master.work_center_id","N","调整前资源。"
"P0+","补充核心表","pro_schedule_log","排产调整日志表","9","after_work_center_id","调整后工作中心ID","bigint","20","","Y","","","N","Y","pro_work_center_master.work_center_id","N","调整后资源。"
"P0+","补充核心表","pro_schedule_log","排产调整日志表","10","adjust_reason","调整原因","varchar","500","","Y","","","N","N","","N","排产调整原因。"
"P0+","补充核心表","pro_schedule_log","排产调整日志表","11","operator_id","操作人ID","bigint","20","","Y","","","N","Y","pro_person_master.person_id","N","调整操作人。"
"P0+","补充核心表","pro_schedule_log","排产调整日志表","12","log_time","日志时间","timestamp","","","N","CURRENT_TIMESTAMP","","N","N","","N","记录时间。 PostgreSQL适配：由 datetime 调整为 timestamp。"
"P0+","补充核心表","pro_schedule_log","排产调整日志表","13","create_by","创建人","varchar","64","","N","","","N","N","","N","审计字段。"
"P0+","补充核心表","pro_schedule_log","排产调整日志表","14","create_time","创建时间","timestamp","","","N","CURRENT_TIMESTAMP","","N","N","","N","审计字段。 PostgreSQL适配：由 datetime 调整为 timestamp。"
"P0+","补充核心表","pro_schedule_log","排产调整日志表","15","update_by","更新人","varchar","64","","Y","","","N","N","","N","审计字段。"
"P0+","补充核心表","pro_schedule_log","排产调整日志表","16","update_time","更新时间","timestamp","","","Y","","","N","N","","N","审计字段。 PostgreSQL适配：由 datetime 调整为 timestamp。"
"P0+","补充核心表","pro_schedule_log","排产调整日志表","17","del_flag","逻辑删除标识","char","1","","N","'0'","sys_del_flag","N","N","","","0存在 2删除"
"P0+","补充核心表","pro_schedule_log","排产调整日志表","18","remark","备注","varchar","500","","Y","","","N","N","","N","备注说明。"
"P0+","补充核心表","pro_batch_review","批记录审核流程表","1","review_id","审核ID","bigint","20","","N","","","Y","N","","N","主键。"
"P0+","补充核心表","pro_batch_review","批记录审核流程表","2","prod_order_id","生产工单ID","bigint","20","","N","","","N","Y","pro_production_order.prod_order_id","N","关联工单。"
"P0+","补充核心表","pro_batch_review","批记录审核流程表","3","batch_record_no","批记录编号","varchar","64","","N","","","N","N","","Y","电子批记录编号。"
"P0+","补充核心表","pro_batch_review","批记录审核流程表","4","review_node","审核节点","varchar","64","","N","","mes_batch_review_node","N","N","","N","审核环节。"
"P0+","补充核心表","pro_batch_review","批记录审核流程表","5","reviewer_id","审核人ID","bigint","20","","Y","","","N","Y","pro_person_master.person_id","N","审核人员。"
"P0+","补充核心表","pro_batch_review","批记录审核流程表","6","review_status","审核状态","varchar","20","","N","PENDING","mes_review_status","N","N","","N","待审、通过、驳回。"
"P0+","补充核心表","pro_batch_review","批记录审核流程表","7","review_comment","审核意见","varchar","500","","Y","","","N","N","","N","审核说明。"
"P0+","补充核心表","pro_batch_review","批记录审核流程表","8","submit_time","提交时间","timestamp","","","Y","","","N","N","","N","提交审核时间。 PostgreSQL适配：由 datetime 调整为 timestamp。"
"P0+","补充核心表","pro_batch_review","批记录审核流程表","9","review_time","审核时间","timestamp","","","Y","","","N","N","","N","实际审核时间。 PostgreSQL适配：由 datetime 调整为 timestamp。"
"P0+","补充核心表","pro_batch_review","批记录审核流程表","10","current_flag","是否当前节点","char","1","","N","N","sys_yes_no","N","N","","N","是否当前待处理节点。"
"P0+","补充核心表","pro_batch_review","批记录审核流程表","11","status","状态","varchar","20","","N","0","sys_normal_disable","N","N","","N","记录状态。"
"P0+","补充核心表","pro_batch_review","批记录审核流程表","12","create_by","创建人","varchar","64","","N","","","N","N","","N","审计字段。"
"P0+","补充核心表","pro_batch_review","批记录审核流程表","13","create_time","创建时间","timestamp","","","N","CURRENT_TIMESTAMP","","N","N","","N","审计字段。 PostgreSQL适配：由 datetime 调整为 timestamp。"
"P0+","补充核心表","pro_batch_review","批记录审核流程表","14","update_by","更新人","varchar","64","","Y","","","N","N","","N","审计字段。"
"P0+","补充核心表","pro_batch_review","批记录审核流程表","15","update_time","更新时间","timestamp","","","Y","","","N","N","","N","审计字段。 PostgreSQL适配：由 datetime 调整为 timestamp。"
"P0+","补充核心表","pro_batch_review","批记录审核流程表","16","del_flag","逻辑删除标识","char","1","","N","'0'","sys_del_flag","N","N","","","0存在 2删除"
"P0+","补充核心表","pro_batch_review","批记录审核流程表","17","remark","备注","varchar","500","","Y","","","N","N","","N","备注说明。"
"P0+","补充核心表","pro_exception_category","异常分类配置表","1","category_id","异常分类ID","bigint","20","","N","","","Y","N","","N","主键。"
"P0+","补充核心表","pro_exception_category","异常分类配置表","2","parent_id","父级ID","bigint","20","","Y","0","","N","Y","pro_exception_category.category_id","N","支持树形分类。"
"P0+","补充核心表","pro_exception_category","异常分类配置表","3","category_code","分类编码","varchar","64","","N","","","N","N","","Y","建议唯一。"
"P0+","补充核心表","pro_exception_category","异常分类配置表","4","category_name","分类名称","varchar","128","","N","","","N","N","","N","异常分类名称。"
"P0+","补充核心表","pro_exception_category","异常分类配置表","5","category_type","分类类型","varchar","32","","N","","mes_exception_category_type","N","N","","N","设备、工艺、质量等。"
"P0+","补充核心表","pro_exception_category","异常分类配置表","6","severity_level","严重等级","varchar","20","","N","NORMAL","mes_severity_level","N","N","","N","异常严重程度。"
"P0+","补充核心表","pro_exception_category","异常分类配置表","7","response_time_limit","响应时限分钟","integer","11","","Y","0","","N","N","","N","异常响应时限。 PostgreSQL适配：由 int 调整为 integer。"
"P0+","补充核心表","pro_exception_category","异常分类配置表","8","escalation_flag","是否启用升级","char","1","","N","N","sys_yes_no","N","N","","N","是否需要升级机制。"
"P0+","补充核心表","pro_exception_category","异常分类配置表","9","status","状态","varchar","20","","N","0","sys_normal_disable","N","N","","N","启用/停用。"
"P0+","补充核心表","pro_exception_category","异常分类配置表","10","create_by","创建人","varchar","64","","N","","","N","N","","N","审计字段。"
"P0+","补充核心表","pro_exception_category","异常分类配置表","11","create_time","创建时间","timestamp","","","N","CURRENT_TIMESTAMP","","N","N","","N","审计字段。 PostgreSQL适配：由 datetime 调整为 timestamp。"
"P0+","补充核心表","pro_exception_category","异常分类配置表","12","update_by","更新人","varchar","64","","Y","","","N","N","","N","审计字段。"
"P0+","补充核心表","pro_exception_category","异常分类配置表","13","update_time","更新时间","timestamp","","","Y","","","N","N","","N","审计字段。 PostgreSQL适配：由 datetime 调整为 timestamp。"
"P0+","补充核心表","pro_exception_category","异常分类配置表","14","del_flag","逻辑删除标识","char","1","","N","'0'","sys_del_flag","N","N","","","0存在 2删除"
"P0+","补充核心表","pro_exception_category","异常分类配置表","15","remark","备注","varchar","500","","Y","","","N","N","","N","备注说明。"
"P0+","补充核心表","pro_exception_escalation","异常升级记录表","1","escalation_id","异常升级ID","bigint","20","","N","","","Y","N","","N","主键。"
"P0+","补充核心表","pro_exception_escalation","异常升级记录表","2","exception_id","异常记录ID","bigint","20","","N","","","N","Y","pro_exception_record.exception_id","N","关联异常主表。"
"P0+","补充核心表","pro_exception_escalation","异常升级记录表","3","source_module","来源模块","varchar","64","","Y","","mes_exception_source_module","N","N","","N","兼容字段，优先通过exception_id关联异常主表。"
"P0+","补充核心表","pro_exception_escalation","异常升级记录表","4","source_biz_id","来源业务ID","bigint","20","","Y","","","N","N","","N","兼容字段，优先通过exception_id关联异常主表。"
"P0+","补充核心表","pro_exception_escalation","异常升级记录表","5","category_id","异常分类ID","bigint","20","","Y","","","N","Y","pro_exception_category.category_id","N","异常分类。"
"P0+","补充核心表","pro_exception_escalation","异常升级记录表","6","escalation_level","升级等级","integer","11","","N","1","mes_escalation_level","N","N","","N","第几级升级。 PostgreSQL适配：由 int 调整为 integer。"
"P0+","补充核心表","pro_exception_escalation","异常升级记录表","7","from_person_id","升级发起人ID","bigint","20","","Y","","","N","Y","pro_person_master.person_id","N","升级发起人。"
"P0+","补充核心表","pro_exception_escalation","异常升级记录表","8","to_person_id","升级接收人ID","bigint","20","","Y","","","N","Y","pro_person_master.person_id","N","升级接收人。"
"P0+","补充核心表","pro_exception_escalation","异常升级记录表","9","escalation_reason","升级原因","varchar","500","","Y","","","N","N","","N","升级原因说明。"
"P0+","补充核心表","pro_exception_escalation","异常升级记录表","10","escalation_time","升级时间","timestamp","","","N","CURRENT_TIMESTAMP","","N","N","","N","升级发生时间。 PostgreSQL适配：由 datetime 调整为 timestamp。"
"P0+","补充核心表","pro_exception_escalation","异常升级记录表","11","handle_status","处理状态","varchar","20","","N","PENDING","mes_exception_handle_status","N","N","","N","待处理、处理中、已关闭。"
"P0+","补充核心表","pro_exception_escalation","异常升级记录表","12","handle_time","处理时间","timestamp","","","Y","","","N","N","","N","处理完成时间。 PostgreSQL适配：由 datetime 调整为 timestamp。"
"P0+","补充核心表","pro_exception_escalation","异常升级记录表","13","status","状态","varchar","20","","N","0","sys_normal_disable","N","N","","N","记录状态。"
"P0+","补充核心表","pro_exception_escalation","异常升级记录表","14","create_by","创建人","varchar","64","","N","","","N","N","","N","审计字段。"
"P0+","补充核心表","pro_exception_escalation","异常升级记录表","15","create_time","创建时间","timestamp","","","N","CURRENT_TIMESTAMP","","N","N","","N","审计字段。 PostgreSQL适配：由 datetime 调整为 timestamp。"
"P0+","补充核心表","pro_exception_escalation","异常升级记录表","16","update_by","更新人","varchar","64","","Y","","","N","N","","N","审计字段。"
"P0+","补充核心表","pro_exception_escalation","异常升级记录表","17","update_time","更新时间","timestamp","","","Y","","","N","N","","N","审计字段。 PostgreSQL适配：由 datetime 调整为 timestamp。"
"P0+","补充核心表","pro_exception_escalation","异常升级记录表","18","del_flag","逻辑删除标识","char","1","","N","'0'","sys_del_flag","N","N","","","0存在 2删除"
"P0+","补充核心表","pro_exception_escalation","异常升级记录表","19","remark","备注","varchar","500","","Y","","","N","N","","N","备注说明。"
"P0+","补充核心表","pro_wc_equipment","工作中心设备关系表","1","id","ID","bigint","20","","N","","","Y","N","","N","主键。"
"P0+","补充核心表","pro_wc_equipment","工作中心设备关系表","2","work_center_id","工作中心ID","bigint","20","","N","","","N","Y","pro_work_center_master.work_center_id","Y","工作中心。"
"P0+","补充核心表","pro_wc_equipment","工作中心设备关系表","3","equipment_id","设备ID","bigint","20","","N","","","N","Y","pro_equipment_master.equipment_id","Y","设备。"
"P0+","补充核心表","pro_wc_equipment","工作中心设备关系表","4","relation_type","关系类型","varchar","32","","N","PRIMARY","mes_wc_equipment_relation_type","N","N","","N","主设备、可选设备等。"
"P0+","补充核心表","pro_wc_equipment","工作中心设备关系表","5","primary_flag","是否主设备","char","1","","N","N","sys_yes_no","N","N","","N","是否主设备。"
"P0+","补充核心表","pro_wc_equipment","工作中心设备关系表","6","effective_from","生效开始时间","timestamp","","","Y","","","N","N","","N","关系生效开始。 PostgreSQL适配：由 datetime 调整为 timestamp。"
"P0+","补充核心表","pro_wc_equipment","工作中心设备关系表","7","effective_to","生效结束时间","timestamp","","","Y","","","N","N","","N","关系生效结束。 PostgreSQL适配：由 datetime 调整为 timestamp。"
"P0+","补充核心表","pro_wc_equipment","工作中心设备关系表","8","status","状态","varchar","20","","N","0","sys_normal_disable","N","N","","N","启用/停用。"
"P0+","补充核心表","pro_wc_equipment","工作中心设备关系表","9","create_by","创建人","varchar","64","","N","","","N","N","","N","审计字段。"
"P0+","补充核心表","pro_wc_equipment","工作中心设备关系表","10","create_time","创建时间","timestamp","","","N","CURRENT_TIMESTAMP","","N","N","","N","审计字段。 PostgreSQL适配：由 datetime 调整为 timestamp。"
"P0+","补充核心表","pro_wc_equipment","工作中心设备关系表","11","update_by","更新人","varchar","64","","Y","","","N","N","","N","审计字段。"
"P0+","补充核心表","pro_wc_equipment","工作中心设备关系表","12","update_time","更新时间","timestamp","","","Y","","","N","N","","N","审计字段。 PostgreSQL适配：由 datetime 调整为 timestamp。"
"P0+","补充核心表","pro_wc_equipment","工作中心设备关系表","13","del_flag","逻辑删除标识","char","1","","N","'0'","sys_del_flag","N","N","","","0存在 2删除"
"P0+","补充核心表","pro_wc_equipment","工作中心设备关系表","14","remark","备注","varchar","500","","Y","","","N","N","","N","备注说明。"
"P0+","补充核心表","pro_nc_handling","不合格品处置表","1","handling_id","处置ID","bigint","20","","N","","","Y","N","","N","主键。"
"P0+","补充核心表","pro_nc_handling","不合格品处置表","2","handling_no","处置单号","varchar","64","","N","","","N","N","","Y","处置单唯一编号。"
"P0+","补充核心表","pro_nc_handling","不合格品处置表","3","prod_defect_id","生产不良ID","bigint","20","","Y","","","N","Y","pro_production_defect.prod_defect_id","N","关联生产不良。"
"P0+","补充核心表","pro_nc_handling","不合格品处置表","4","insp_result_id","检验结果ID","bigint","20","","Y","","","N","Y","pro_inspection_result.insp_result_id","N","关联检验结果。"
"P0+","补充核心表","pro_nc_handling","不合格品处置表","5","prod_order_id","生产工单ID","bigint","20","","Y","","","N","Y","pro_production_order.prod_order_id","N","关联工单。"
"P0+","补充核心表","pro_nc_handling","不合格品处置表","6","order_op_id","工单工序ID","bigint","20","","Y","","","N","Y","pro_order_operation.order_op_id","N","关联工序。"
"P0+","补充核心表","pro_nc_handling","不合格品处置表","7","material_id","物料ID","bigint","20","","Y","","","N","Y","pro_material_master.material_id","N","不合格物料。"
"P0+","补充核心表","pro_nc_handling","不合格品处置表","8","material_lot_id","物料批次ID","bigint","20","","Y","","","N","Y","pro_material_lot.material_lot_id","N","不合格批次。"
"P0+","补充核心表","pro_nc_handling","不合格品处置表","9","handling_type","处置类型","varchar","32","","N","","mes_nc_handling_type","N","N","","N","返工、报废、让步接收等。"
"P0+","补充核心表","pro_nc_handling","不合格品处置表","10","handling_result","处置结果","varchar","32","","Y","","mes_nc_handling_result","N","N","","N","处置结论。"
"P0+","补充核心表","pro_nc_handling","不合格品处置表","11","handling_qty","处置数量","numeric","18","6","N","0","","N","N","","N","处置数量。 PostgreSQL适配：由 decimal 调整为 numeric。"
"P0+","补充核心表","pro_nc_handling","不合格品处置表","12","handler_id","处置人ID","bigint","20","","Y","","","N","Y","pro_person_master.person_id","N","处置人。"
"P0+","补充核心表","pro_nc_handling","不合格品处置表","13","handling_time","处置时间","timestamp","","","Y","","","N","N","","N","实际处置时间。 PostgreSQL适配：由 datetime 调整为 timestamp。"
"P0+","补充核心表","pro_nc_handling","不合格品处置表","14","approval_status","审批状态","varchar","20","","N","PENDING","mes_approval_status","N","N","","N","处置审批状态。"
"P0+","补充核心表","pro_nc_handling","不合格品处置表","15","close_flag","是否关闭","char","1","","N","N","sys_yes_no","N","N","","N","是否闭环。"
"P0+","补充核心表","pro_nc_handling","不合格品处置表","16","create_by","创建人","varchar","64","","N","","","N","N","","N","审计字段。"
"P0+","补充核心表","pro_nc_handling","不合格品处置表","17","create_time","创建时间","timestamp","","","N","CURRENT_TIMESTAMP","","N","N","","N","审计字段。 PostgreSQL适配：由 datetime 调整为 timestamp。"
"P0+","补充核心表","pro_nc_handling","不合格品处置表","18","update_by","更新人","varchar","64","","Y","","","N","N","","N","审计字段。"
"P0+","补充核心表","pro_nc_handling","不合格品处置表","19","update_time","更新时间","timestamp","","","Y","","","N","N","","N","审计字段。 PostgreSQL适配：由 datetime 调整为 timestamp。"
"P0+","补充核心表","pro_nc_handling","不合格品处置表","20","del_flag","逻辑删除标识","char","1","","N","'0'","sys_del_flag","N","N","","","0存在 2删除"
"P0+","补充核心表","pro_nc_handling","不合格品处置表","21","remark","备注","varchar","500","","Y","","","N","N","","N","备注说明。"
"P0+","补充核心表","pro_exception_record","异常记录主表","1","exception_id","异常记录ID","bigint","20","","N","","","Y","N","","N","主键，建议使用雪花ID或数据库统一ID生成策略。"
"P0+","补充核心表","pro_exception_record","异常记录主表","2","exception_no","异常单号","varchar","64","","N","","","N","N","","Y","异常记录唯一编号。"
"P0+","补充核心表","pro_exception_record","异常记录主表","3","source_module","来源模块","varchar","64","","N","","mes_exception_source_module","N","N","","N","异常来源模块。"
"P0+","补充核心表","pro_exception_record","异常记录主表","4","source_biz_id","来源业务ID","bigint","20","","Y","","","N","N","","N","兼容字段，记录来源业务主键；优先使用明确业务外键。"
"P0+","补充核心表","pro_exception_record","异常记录主表","5","category_id","异常分类ID","bigint","20","","Y","","","N","Y","pro_exception_category.category_id","N","异常分类。"
"P0+","补充核心表","pro_exception_record","异常记录主表","6","prod_order_id","生产工单ID","bigint","20","","Y","","","N","Y","pro_production_order.prod_order_id","N","关联工单。"
"P0+","补充核心表","pro_exception_record","异常记录主表","7","order_op_id","工单工序ID","bigint","20","","Y","","","N","Y","pro_order_operation.order_op_id","N","关联工单工序。"
"P0+","补充核心表","pro_exception_record","异常记录主表","8","op_exec_id","工序执行ID","bigint","20","","Y","","","N","Y","pro_operation_execution.op_exec_id","N","关联执行实例。"
"P0+","补充核心表","pro_exception_record","异常记录主表","9","exception_title","异常标题","varchar","200","","N","","","N","N","","N","异常标题。"
"P0+","补充核心表","pro_exception_record","异常记录主表","10","exception_desc","异常描述","varchar","1000","","Y","","","N","N","","N","异常描述。"
"P0+","补充核心表","pro_exception_record","异常记录主表","11","severity_level","严重等级","varchar","20","","N","NORMAL","mes_severity_level","N","N","","N","异常严重程度。"
"P0+","补充核心表","pro_exception_record","异常记录主表","12","exception_status","异常状态","varchar","20","","N","OPEN","mes_exception_status","N","N","","N","打开、处理中、已关闭。"
"P0+","补充核心表","pro_exception_record","异常记录主表","13","found_person_id","发现人ID","bigint","20","","Y","","","N","Y","pro_person_master.person_id","N","异常发现人。"
"P0+","补充核心表","pro_exception_record","异常记录主表","14","found_time","发现时间","timestamp","","","N","CURRENT_TIMESTAMP","","N","N","","N","异常发现时间。 PostgreSQL适配：由 datetime 调整为 timestamp。"
"P0+","补充核心表","pro_exception_record","异常记录主表","15","closed_person_id","关闭人ID","bigint","20","","Y","","","N","Y","pro_person_master.person_id","N","异常关闭人。"
"P0+","补充核心表","pro_exception_record","异常记录主表","16","closed_time","关闭时间","timestamp","","","Y","","","N","N","","N","异常关闭时间。 PostgreSQL适配：由 datetime 调整为 timestamp。"
"P0+","补充核心表","pro_exception_record","异常记录主表","17","create_by","创建人","varchar","64","","N","","","N","N","","N","审计字段。"
"P0+","补充核心表","pro_exception_record","异常记录主表","18","create_time","创建时间","timestamp","","","N","CURRENT_TIMESTAMP","","N","N","","N","审计字段。 PostgreSQL适配：由 datetime 调整为 timestamp。"
"P0+","补充核心表","pro_exception_record","异常记录主表","19","update_by","更新人","varchar","64","","Y","","","N","N","","N","审计字段。"
"P0+","补充核心表","pro_exception_record","异常记录主表","20","update_time","更新时间","timestamp","","","Y","","","N","N","","N","审计字段。 PostgreSQL适配：由 datetime 调整为 timestamp。"
"P0+","补充核心表","pro_exception_record","异常记录主表","21","del_flag","逻辑删除标识","char","1","","N","'0'","sys_del_flag","N","N","","N","0存在 2删除。"
"P0+","补充核心表","pro_exception_record","异常记录主表","22","remark","备注","varchar","500","","Y","","","N","N","","N","备注说明。"
"P0++","MBR/EBR与执行引擎域","pro_mbr_header","主批生产记录模板头表","1","mbr_id","MBR模板ID","bigint","20","","N","","","Y","N","","N","主键，建议使用雪花ID或数据库统一ID生成策略。"
"P0++","MBR/EBR与执行引擎域","pro_mbr_header","主批生产记录模板头表","2","mbr_code","MBR模板编码","varchar","64","","N","","","N","N","","Y","新增表基础字段定义，后续可按数据库规范继续细化。"
"P0++","MBR/EBR与执行引擎域","pro_mbr_header","主批生产记录模板头表","3","mbr_name","MBR模板名称","varchar","128","","N","","","N","N","","","新增表基础字段定义，后续可按数据库规范继续细化。"
"P0++","MBR/EBR与执行引擎域","pro_mbr_header","主批生产记录模板头表","4","plant_id","工厂ID","bigint","20","","N","","","N","Y","pro_plant_master.plant_id","","新增表基础字段定义，后续可按数据库规范继续细化。"
"P0++","MBR/EBR与执行引擎域","pro_mbr_header","主批生产记录模板头表","5","material_id","产品物料ID","bigint","20","","N","","","N","Y","pro_material_master.material_id","","新增表基础字段定义，后续可按数据库规范继续细化。"
"P0++","MBR/EBR与执行引擎域","pro_mbr_header","主批生产记录模板头表","6","bom_id","BOM ID","bigint","20","","Y","","","N","Y","pro_bom_header.bom_id","","新增表基础字段定义，后续可按数据库规范继续细化。"
"P0++","MBR/EBR与执行引擎域","pro_mbr_header","主批生产记录模板头表","7","routing_id","工艺路线ID","bigint","20","","Y","","","N","Y","pro_routing_header.routing_id","","新增表基础字段定义，后续可按数据库规范继续细化。"
"P0++","MBR/EBR与执行引擎域","pro_mbr_header","主批生产记录模板头表","8","mbr_type","MBR类型","varchar","32","","N","","mes_mbr_type","N","N","","","新增表基础字段定义，后续可按数据库规范继续细化。"
"P0++","MBR/EBR与执行引擎域","pro_mbr_header","主批生产记录模板头表","9","mbr_status","MBR状态","varchar","32","","N","","mes_mbr_status","N","N","","","新增表基础字段定义，后续可按数据库规范继续细化。"
"P0++","MBR/EBR与执行引擎域","pro_mbr_header","主批生产记录模板头表","10","owner_dept","归属部门","varchar","128","","Y","","","N","N","","","新增表基础字段定义，后续可按数据库规范继续细化。"
"P0++","MBR/EBR与执行引擎域","pro_mbr_header","主批生产记录模板头表","11","effective_scope","适用范围","varchar","500","","Y","","","N","N","","","新增表基础字段定义，后续可按数据库规范继续细化。"
"P0++","MBR/EBR与执行引擎域","pro_mbr_header","主批生产记录模板头表","12","create_by","创建人","varchar","64","","Y","","","N","N","","N","记录创建人。"
"P0++","MBR/EBR与执行引擎域","pro_mbr_header","主批生产记录模板头表","13","create_time","创建时间","timestamp","","","N","","","N","N","","N","记录创建时间。 PostgreSQL适配：由 datetime 调整为 timestamp。"
"P0++","MBR/EBR与执行引擎域","pro_mbr_header","主批生产记录模板头表","14","update_by","更新人","varchar","64","","Y","","","N","N","","N","记录最后更新人。"
"P0++","MBR/EBR与执行引擎域","pro_mbr_header","主批生产记录模板头表","15","update_time","更新时间","timestamp","","","Y","","","N","N","","N","记录最后更新时间。 PostgreSQL适配：由 datetime 调整为 timestamp。"
"P0++","MBR/EBR与执行引擎域","pro_mbr_header","主批生产记录模板头表","16","del_flag","逻辑删除标识","char","1","","N","0","sys_del_flag","N","N","","N","逻辑删除标识，0表示正常，1表示删除。"
"P0++","MBR/EBR与执行引擎域","pro_mbr_header","主批生产记录模板头表","17","remark","备注","varchar","500","","Y","","","N","N","","N","补充说明。"
"P0++","MBR/EBR与执行引擎域","pro_mbr_version","MBR版本表","1","mbr_version_id","MBR版本ID","bigint","20","","N","","","Y","N","","N","主键，建议使用雪花ID或数据库统一ID生成策略。"
"P0++","MBR/EBR与执行引擎域","pro_mbr_version","MBR版本表","2","mbr_id","MBR模板ID","bigint","20","","N","","","N","Y","pro_mbr_header.mbr_id","","新增表基础字段定义，后续可按数据库规范继续细化。"
"P0++","MBR/EBR与执行引擎域","pro_mbr_version","MBR版本表","3","version_no","版本号","varchar","32","","N","","","N","N","","","新增表基础字段定义，后续可按数据库规范继续细化。"
"P0++","MBR/EBR与执行引擎域","pro_mbr_version","MBR版本表","4","version_name","版本名称","varchar","128","","Y","","","N","N","","","新增表基础字段定义，后续可按数据库规范继续细化。"
"P0++","MBR/EBR与执行引擎域","pro_mbr_version","MBR版本表","5","version_status","版本状态","varchar","32","","N","","mes_mbr_version_status","N","N","","","新增表基础字段定义，后续可按数据库规范继续细化。"
"P0++","MBR/EBR与执行引擎域","pro_mbr_version","MBR版本表","6","effective_from","生效开始时间","timestamp","","","Y","","","N","N","","","新增表基础字段定义，后续可按数据库规范继续细化。 PostgreSQL适配：由 datetime 调整为 timestamp。"
"P0++","MBR/EBR与执行引擎域","pro_mbr_version","MBR版本表","7","effective_to","生效结束时间","timestamp","","","Y","","","N","N","","","新增表基础字段定义，后续可按数据库规范继续细化。 PostgreSQL适配：由 datetime 调整为 timestamp。"
"P0++","MBR/EBR与执行引擎域","pro_mbr_version","MBR版本表","8","released_flag","是否已发布","char","1","","N","N","sys_yes_no","N","N","","","新增表基础字段定义，后续可按数据库规范继续细化。"
"P0++","MBR/EBR与执行引擎域","pro_mbr_version","MBR版本表","9","release_time","发布时间","timestamp","","","Y","","","N","N","","","新增表基础字段定义，后续可按数据库规范继续细化。 PostgreSQL适配：由 datetime 调整为 timestamp。"
"P0++","MBR/EBR与执行引擎域","pro_mbr_version","MBR版本表","10","source_ecn_id","来源ECN ID","bigint","20","","Y","","","N","Y","pro_ecn_order.ecn_id","","新增表基础字段定义，后续可按数据库规范继续细化。"
"P0++","MBR/EBR与执行引擎域","pro_mbr_version","MBR版本表","11","version_hash","版本哈希","varchar","128","","Y","","","N","N","","","新增表基础字段定义，后续可按数据库规范继续细化。"
"P0++","MBR/EBR与执行引擎域","pro_mbr_version","MBR版本表","12","change_summary","变更摘要","varchar","1000","","Y","","","N","N","","","新增表基础字段定义，后续可按数据库规范继续细化。"
"P0++","MBR/EBR与执行引擎域","pro_mbr_version","MBR版本表","13","create_by","创建人","varchar","64","","Y","","","N","N","","N","记录创建人。"
"P0++","MBR/EBR与执行引擎域","pro_mbr_version","MBR版本表","14","create_time","创建时间","timestamp","","","N","","","N","N","","N","记录创建时间。 PostgreSQL适配：由 datetime 调整为 timestamp。"
"P0++","MBR/EBR与执行引擎域","pro_mbr_version","MBR版本表","15","update_by","更新人","varchar","64","","Y","","","N","N","","N","记录最后更新人。"
"P0++","MBR/EBR与执行引擎域","pro_mbr_version","MBR版本表","16","update_time","更新时间","timestamp","","","Y","","","N","N","","N","记录最后更新时间。 PostgreSQL适配：由 datetime 调整为 timestamp。"
"P0++","MBR/EBR与执行引擎域","pro_mbr_version","MBR版本表","17","del_flag","逻辑删除标识","char","1","","N","0","sys_del_flag","N","N","","N","逻辑删除标识，0表示正常，1表示删除。"
"P0++","MBR/EBR与执行引擎域","pro_mbr_version","MBR版本表","18","remark","备注","varchar","500","","Y","","","N","N","","N","补充说明。"
"P0++","MBR/EBR与执行引擎域","pro_mbr_phase","MBR阶段表","1","phase_id","MBR阶段ID","bigint","20","","N","","","Y","N","","N","主键，建议使用雪花ID或数据库统一ID生成策略。"
"P0++","MBR/EBR与执行引擎域","pro_mbr_phase","MBR阶段表","2","mbr_version_id","MBR版本ID","bigint","20","","N","","","N","Y","pro_mbr_version.mbr_version_id","","新增表基础字段定义，后续可按数据库规范继续细化。"
"P0++","MBR/EBR与执行引擎域","pro_mbr_phase","MBR阶段表","3","phase_no","阶段序号","integer","11","","N","","","N","N","","","新增表基础字段定义，后续可按数据库规范继续细化。 PostgreSQL适配：由 int 调整为 integer。"
"P0++","MBR/EBR与执行引擎域","pro_mbr_phase","MBR阶段表","4","phase_code","阶段编码","varchar","64","","N","","","N","N","","","新增表基础字段定义，后续可按数据库规范继续细化。"
"P0++","MBR/EBR与执行引擎域","pro_mbr_phase","MBR阶段表","5","phase_name","阶段名称","varchar","128","","N","","","N","N","","","新增表基础字段定义，后续可按数据库规范继续细化。"
"P0++","MBR/EBR与执行引擎域","pro_mbr_phase","MBR阶段表","6","phase_type","阶段类型","varchar","32","","N","","mes_mbr_phase_type","N","N","","","新增表基础字段定义，后续可按数据库规范继续细化。"
"P0++","MBR/EBR与执行引擎域","pro_mbr_phase","MBR阶段表","7","operation_id","关联工序ID","bigint","20","","Y","","","N","Y","pro_routing_operation.operation_id","","新增表基础字段定义，后续可按数据库规范继续细化。"
"P0++","MBR/EBR与执行引擎域","pro_mbr_phase","MBR阶段表","8","mandatory_flag","是否必需","char","1","","N","Y","sys_yes_no","N","N","","","新增表基础字段定义，后续可按数据库规范继续细化。"
"P0++","MBR/EBR与执行引擎域","pro_mbr_phase","MBR阶段表","9","phase_status","阶段状态","varchar","32","","N","","status_common","N","N","","","新增表基础字段定义，后续可按数据库规范继续细化。"
"P0++","MBR/EBR与执行引擎域","pro_mbr_phase","MBR阶段表","10","description","阶段说明","varchar","1000","","Y","","","N","N","","","新增表基础字段定义，后续可按数据库规范继续细化。"
"P0++","MBR/EBR与执行引擎域","pro_mbr_phase","MBR阶段表","11","create_by","创建人","varchar","64","","Y","","","N","N","","N","记录创建人。"
"P0++","MBR/EBR与执行引擎域","pro_mbr_phase","MBR阶段表","12","create_time","创建时间","timestamp","","","N","","","N","N","","N","记录创建时间。 PostgreSQL适配：由 datetime 调整为 timestamp。"
"P0++","MBR/EBR与执行引擎域","pro_mbr_phase","MBR阶段表","13","update_by","更新人","varchar","64","","Y","","","N","N","","N","记录最后更新人。"
"P0++","MBR/EBR与执行引擎域","pro_mbr_phase","MBR阶段表","14","update_time","更新时间","timestamp","","","Y","","","N","N","","N","记录最后更新时间。 PostgreSQL适配：由 datetime 调整为 timestamp。"
"P0++","MBR/EBR与执行引擎域","pro_mbr_phase","MBR阶段表","15","del_flag","逻辑删除标识","char","1","","N","0","sys_del_flag","N","N","","N","逻辑删除标识，0表示正常，1表示删除。"
"P0++","MBR/EBR与执行引擎域","pro_mbr_phase","MBR阶段表","16","remark","备注","varchar","500","","Y","","","N","N","","N","补充说明。"
"P0++","MBR/EBR与执行引擎域","pro_mbr_step","MBR步骤表","1","step_id","MBR步骤ID","bigint","20","","N","","","Y","N","","N","主键，建议使用雪花ID或数据库统一ID生成策略。"
"P0++","MBR/EBR与执行引擎域","pro_mbr_step","MBR步骤表","2","phase_id","MBR阶段ID","bigint","20","","N","","","N","Y","pro_mbr_phase.phase_id","","新增表基础字段定义，后续可按数据库规范继续细化。"
"P0++","MBR/EBR与执行引擎域","pro_mbr_step","MBR步骤表","3","mbr_version_id","MBR版本ID","bigint","20","","N","","","N","Y","pro_mbr_version.mbr_version_id","","新增表基础字段定义，后续可按数据库规范继续细化。"
"P0++","MBR/EBR与执行引擎域","pro_mbr_step","MBR步骤表","4","step_no","步骤序号","integer","11","","N","","","N","N","","","新增表基础字段定义，后续可按数据库规范继续细化。 PostgreSQL适配：由 int 调整为 integer。"
"P0++","MBR/EBR与执行引擎域","pro_mbr_step","MBR步骤表","5","step_code","步骤编码","varchar","64","","N","","","N","N","","","新增表基础字段定义，后续可按数据库规范继续细化。"
"P0++","MBR/EBR与执行引擎域","pro_mbr_step","MBR步骤表","6","step_name","步骤名称","varchar","128","","N","","","N","N","","","新增表基础字段定义，后续可按数据库规范继续细化。"
"P0++","MBR/EBR与执行引擎域","pro_mbr_step","MBR步骤表","7","step_type","步骤类型","varchar","32","","N","","mes_mbr_step_type","N","N","","","新增表基础字段定义，后续可按数据库规范继续细化。"
"P0++","MBR/EBR与执行引擎域","pro_mbr_step","MBR步骤表","8","operation_id","关联工序ID","bigint","20","","Y","","","N","Y","pro_routing_operation.operation_id","","新增表基础字段定义，后续可按数据库规范继续细化。"
"P0++","MBR/EBR与执行引擎域","pro_mbr_step","MBR步骤表","9","standard_duration","标准持续时间","numeric","18","3","Y","","","N","N","","","新增表基础字段定义，后续可按数据库规范继续细化。 PostgreSQL适配：由 decimal 调整为 numeric。"
"P0++","MBR/EBR与执行引擎域","pro_mbr_step","MBR步骤表","10","duration_uom","时长单位","varchar","16","","Y","","mes_uom","N","N","","","新增表基础字段定义，后续可按数据库规范继续细化。"
"P0++","MBR/EBR与执行引擎域","pro_mbr_step","MBR步骤表","11","signature_required_flag","是否需要签名","char","1","","N","N","sys_yes_no","N","N","","","新增表基础字段定义，后续可按数据库规范继续细化。"
"P0++","MBR/EBR与执行引擎域","pro_mbr_step","MBR步骤表","12","review_required_flag","是否需要复核","char","1","","N","N","sys_yes_no","N","N","","","新增表基础字段定义，后续可按数据库规范继续细化。"
"P0++","MBR/EBR与执行引擎域","pro_mbr_step","MBR步骤表","13","step_status","步骤状态","varchar","32","","N","","status_common","N","N","","","新增表基础字段定义，后续可按数据库规范继续细化。"
"P0++","MBR/EBR与执行引擎域","pro_mbr_step","MBR步骤表","14","instruction_text","操作说明","text","","","Y","","","N","N","","","新增表基础字段定义，后续可按数据库规范继续细化。"
"P0++","MBR/EBR与执行引擎域","pro_mbr_step","MBR步骤表","15","create_by","创建人","varchar","64","","Y","","","N","N","","N","记录创建人。"
"P0++","MBR/EBR与执行引擎域","pro_mbr_step","MBR步骤表","16","create_time","创建时间","timestamp","","","N","","","N","N","","N","记录创建时间。 PostgreSQL适配：由 datetime 调整为 timestamp。"
"P0++","MBR/EBR与执行引擎域","pro_mbr_step","MBR步骤表","17","update_by","更新人","varchar","64","","Y","","","N","N","","N","记录最后更新人。"
"P0++","MBR/EBR与执行引擎域","pro_mbr_step","MBR步骤表","18","update_time","更新时间","timestamp","","","Y","","","N","N","","N","记录最后更新时间。 PostgreSQL适配：由 datetime 调整为 timestamp。"
"P0++","MBR/EBR与执行引擎域","pro_mbr_step","MBR步骤表","19","del_flag","逻辑删除标识","char","1","","N","0","sys_del_flag","N","N","","N","逻辑删除标识，0表示正常，1表示删除。"
"P0++","MBR/EBR与执行引擎域","pro_mbr_step","MBR步骤表","20","remark","备注","varchar","500","","Y","","","N","N","","N","补充说明。"
"P0++","MBR/EBR与执行引擎域","pro_mbr_step_parameter","MBR步骤参数表","1","step_param_id","步骤参数ID","bigint","20","","N","","","Y","N","","N","主键，建议使用雪花ID或数据库统一ID生成策略。"
"P0++","MBR/EBR与执行引擎域","pro_mbr_step_parameter","MBR步骤参数表","2","step_id","MBR步骤ID","bigint","20","","N","","","N","Y","pro_mbr_step.step_id","","新增表基础字段定义，后续可按数据库规范继续细化。"
"P0++","MBR/EBR与执行引擎域","pro_mbr_step_parameter","MBR步骤参数表","3","param_code","参数编码","varchar","64","","N","","","N","N","","","新增表基础字段定义，后续可按数据库规范继续细化。"
"P0++","MBR/EBR与执行引擎域","pro_mbr_step_parameter","MBR步骤参数表","4","param_name","参数名称","varchar","128","","N","","","N","N","","","新增表基础字段定义，后续可按数据库规范继续细化。"
"P0++","MBR/EBR与执行引擎域","pro_mbr_step_parameter","MBR步骤参数表","5","param_type","参数类型","varchar","32","","N","","mes_process_param_type","N","N","","","新增表基础字段定义，后续可按数据库规范继续细化。"
"P0++","MBR/EBR与执行引擎域","pro_mbr_step_parameter","MBR步骤参数表","6","target_value","目标值","varchar","128","","Y","","","N","N","","","新增表基础字段定义，后续可按数据库规范继续细化。"
"P0++","MBR/EBR与执行引擎域","pro_mbr_step_parameter","MBR步骤参数表","7","upper_limit","上限值","varchar","128","","Y","","","N","N","","","新增表基础字段定义，后续可按数据库规范继续细化。"
"P0++","MBR/EBR与执行引擎域","pro_mbr_step_parameter","MBR步骤参数表","8","lower_limit","下限值","varchar","128","","Y","","","N","N","","","新增表基础字段定义，后续可按数据库规范继续细化。"
"P0++","MBR/EBR与执行引擎域","pro_mbr_step_parameter","MBR步骤参数表","9","param_uom","参数单位","varchar","16","","Y","","mes_uom","N","N","","","新增表基础字段定义，后续可按数据库规范继续细化。"
"P0++","MBR/EBR与执行引擎域","pro_mbr_step_parameter","MBR步骤参数表","10","control_type","控制方式","varchar","32","","N","","mes_param_control_type","N","N","","","新增表基础字段定义，后续可按数据库规范继续细化。"
"P0++","MBR/EBR与执行引擎域","pro_mbr_step_parameter","MBR步骤参数表","11","scada_point_id","采集点位ID","bigint","20","","Y","","","N","Y","pro_scada_point.scada_point_id","","新增表基础字段定义，后续可按数据库规范继续细化。"
"P0++","MBR/EBR与执行引擎域","pro_mbr_step_parameter","MBR步骤参数表","12","mandatory_flag","是否必填","char","1","","N","Y","sys_yes_no","N","N","","","新增表基础字段定义，后续可按数据库规范继续细化。"
"P0++","MBR/EBR与执行引擎域","pro_mbr_step_parameter","MBR步骤参数表","13","record_to_ebr_flag","是否写入批记录","char","1","","N","Y","sys_yes_no","N","N","","","新增表基础字段定义，后续可按数据库规范继续细化。"
"P0++","MBR/EBR与执行引擎域","pro_mbr_step_parameter","MBR步骤参数表","14","create_by","创建人","varchar","64","","Y","","","N","N","","N","记录创建人。"
"P0++","MBR/EBR与执行引擎域","pro_mbr_step_parameter","MBR步骤参数表","15","create_time","创建时间","timestamp","","","N","","","N","N","","N","记录创建时间。 PostgreSQL适配：由 datetime 调整为 timestamp。"
"P0++","MBR/EBR与执行引擎域","pro_mbr_step_parameter","MBR步骤参数表","16","update_by","更新人","varchar","64","","Y","","","N","N","","N","记录最后更新人。"
"P0++","MBR/EBR与执行引擎域","pro_mbr_step_parameter","MBR步骤参数表","17","update_time","更新时间","timestamp","","","Y","","","N","N","","N","记录最后更新时间。 PostgreSQL适配：由 datetime 调整为 timestamp。"
"P0++","MBR/EBR与执行引擎域","pro_mbr_step_parameter","MBR步骤参数表","18","del_flag","逻辑删除标识","char","1","","N","0","sys_del_flag","N","N","","N","逻辑删除标识，0表示正常，1表示删除。"
"P0++","MBR/EBR与执行引擎域","pro_mbr_step_parameter","MBR步骤参数表","19","remark","备注","varchar","500","","Y","","","N","N","","N","补充说明。"
"P0++","MBR/EBR与执行引擎域","pro_mbr_step_material","MBR步骤物料表","1","step_material_id","步骤物料ID","bigint","20","","N","","","Y","N","","N","主键，建议使用雪花ID或数据库统一ID生成策略。"
"P0++","MBR/EBR与执行引擎域","pro_mbr_step_material","MBR步骤物料表","2","step_id","MBR步骤ID","bigint","20","","N","","","N","Y","pro_mbr_step.step_id","","新增表基础字段定义，后续可按数据库规范继续细化。"
"P0++","MBR/EBR与执行引擎域","pro_mbr_step_material","MBR步骤物料表","3","bom_item_id","BOM明细ID","bigint","20","","Y","","","N","Y","pro_bom_item.bom_item_id","","新增表基础字段定义，后续可按数据库规范继续细化。"
"P0++","MBR/EBR与执行引擎域","pro_mbr_step_material","MBR步骤物料表","4","material_id","物料ID","bigint","20","","N","","","N","Y","pro_material_master.material_id","","新增表基础字段定义，后续可按数据库规范继续细化。"
"P0++","MBR/EBR与执行引擎域","pro_mbr_step_material","MBR步骤物料表","5","material_role","物料角色","varchar","32","","N","","mes_step_material_role","N","N","","","新增表基础字段定义，后续可按数据库规范继续细化。"
"P0++","MBR/EBR与执行引擎域","pro_mbr_step_material","MBR步骤物料表","6","target_qty","目标数量","numeric","18","6","Y","","","N","N","","","新增表基础字段定义，后续可按数据库规范继续细化。 PostgreSQL适配：由 decimal 调整为 numeric。"
"P0++","MBR/EBR与执行引擎域","pro_mbr_step_material","MBR步骤物料表","7","upper_tolerance","上偏差","numeric","18","6","Y","","","N","N","","","新增表基础字段定义，后续可按数据库规范继续细化。 PostgreSQL适配：由 decimal 调整为 numeric。"
"P0++","MBR/EBR与执行引擎域","pro_mbr_step_material","MBR步骤物料表","8","lower_tolerance","下偏差","numeric","18","6","Y","","","N","N","","","新增表基础字段定义，后续可按数据库规范继续细化。 PostgreSQL适配：由 decimal 调整为 numeric。"
"P0++","MBR/EBR与执行引擎域","pro_mbr_step_material","MBR步骤物料表","9","uom","单位","varchar","16","","Y","","mes_uom","N","N","","","新增表基础字段定义，后续可按数据库规范继续细化。"
"P0++","MBR/EBR与执行引擎域","pro_mbr_step_material","MBR步骤物料表","10","batch_required_flag","是否需要批次","char","1","","N","Y","sys_yes_no","N","N","","","新增表基础字段定义，后续可按数据库规范继续细化。"
"P0++","MBR/EBR与执行引擎域","pro_mbr_step_material","MBR步骤物料表","11","weighing_required_flag","是否需要称量","char","1","","N","N","sys_yes_no","N","N","","","新增表基础字段定义，后续可按数据库规范继续细化。"
"P0++","MBR/EBR与执行引擎域","pro_mbr_step_material","MBR步骤物料表","12","substitution_allowed_flag","是否允许替代","char","1","","N","N","sys_yes_no","N","N","","","新增表基础字段定义，后续可按数据库规范继续细化。"
"P0++","MBR/EBR与执行引擎域","pro_mbr_step_material","MBR步骤物料表","13","create_by","创建人","varchar","64","","Y","","","N","N","","N","记录创建人。"
"P0++","MBR/EBR与执行引擎域","pro_mbr_step_material","MBR步骤物料表","14","create_time","创建时间","timestamp","","","N","","","N","N","","N","记录创建时间。 PostgreSQL适配：由 datetime 调整为 timestamp。"
"P0++","MBR/EBR与执行引擎域","pro_mbr_step_material","MBR步骤物料表","15","update_by","更新人","varchar","64","","Y","","","N","N","","N","记录最后更新人。"
"P0++","MBR/EBR与执行引擎域","pro_mbr_step_material","MBR步骤物料表","16","update_time","更新时间","timestamp","","","Y","","","N","N","","N","记录最后更新时间。 PostgreSQL适配：由 datetime 调整为 timestamp。"
"P0++","MBR/EBR与执行引擎域","pro_mbr_step_material","MBR步骤物料表","17","del_flag","逻辑删除标识","char","1","","N","0","sys_del_flag","N","N","","N","逻辑删除标识，0表示正常，1表示删除。"
"P0++","MBR/EBR与执行引擎域","pro_mbr_step_material","MBR步骤物料表","18","remark","备注","varchar","500","","Y","","","N","N","","N","补充说明。"
"P0++","MBR/EBR与执行引擎域","pro_mbr_step_equipment","MBR步骤设备表","1","step_equipment_id","步骤设备ID","bigint","20","","N","","","Y","N","","N","主键，建议使用雪花ID或数据库统一ID生成策略。"
"P0++","MBR/EBR与执行引擎域","pro_mbr_step_equipment","MBR步骤设备表","2","step_id","MBR步骤ID","bigint","20","","N","","","N","Y","pro_mbr_step.step_id","","新增表基础字段定义，后续可按数据库规范继续细化。"
"P0++","MBR/EBR与执行引擎域","pro_mbr_step_equipment","MBR步骤设备表","3","equipment_id","设备ID","bigint","20","","Y","","","N","Y","pro_equipment_master.equipment_id","","新增表基础字段定义，后续可按数据库规范继续细化。"
"P0++","MBR/EBR与执行引擎域","pro_mbr_step_equipment","MBR步骤设备表","4","tooling_id","工装ID","bigint","20","","Y","","","N","Y","pro_tooling_master.tooling_id","","新增表基础字段定义，后续可按数据库规范继续细化。"
"P0++","MBR/EBR与执行引擎域","pro_mbr_step_equipment","MBR步骤设备表","5","fixture_id","夹具ID","bigint","20","","Y","","","N","Y","pro_fixture_master.fixture_id","","新增表基础字段定义，后续可按数据库规范继续细化。"
"P0++","MBR/EBR与执行引擎域","pro_mbr_step_equipment","MBR步骤设备表","6","resource_role","资源角色","varchar","32","","N","","mes_step_resource_role","N","N","","","新增表基础字段定义，后续可按数据库规范继续细化。"
"P0++","MBR/EBR与执行引擎域","pro_mbr_step_equipment","MBR步骤设备表","7","required_qty","需求数量","numeric","18","3","Y","","","N","N","","","新增表基础字段定义，后续可按数据库规范继续细化。 PostgreSQL适配：由 decimal 调整为 numeric。"
"P0++","MBR/EBR与执行引擎域","pro_mbr_step_equipment","MBR步骤设备表","8","qualification_required_flag","是否需要资质","char","1","","N","N","sys_yes_no","N","N","","","新增表基础字段定义，后续可按数据库规范继续细化。"
"P0++","MBR/EBR与执行引擎域","pro_mbr_step_equipment","MBR步骤设备表","9","scada_device_ref_id","SCADA设备参考ID","bigint","20","","Y","","","N","Y","pro_scada_device_ref.scada_device_ref_id","","新增表基础字段定义，后续可按数据库规范继续细化。"
"P0++","MBR/EBR与执行引擎域","pro_mbr_step_equipment","MBR步骤设备表","10","mandatory_flag","是否必需","char","1","","N","Y","sys_yes_no","N","N","","","新增表基础字段定义，后续可按数据库规范继续细化。"
"P0++","MBR/EBR与执行引擎域","pro_mbr_step_equipment","MBR步骤设备表","11","create_by","创建人","varchar","64","","Y","","","N","N","","N","记录创建人。"
"P0++","MBR/EBR与执行引擎域","pro_mbr_step_equipment","MBR步骤设备表","12","create_time","创建时间","timestamp","","","N","","","N","N","","N","记录创建时间。 PostgreSQL适配：由 datetime 调整为 timestamp。"
"P0++","MBR/EBR与执行引擎域","pro_mbr_step_equipment","MBR步骤设备表","13","update_by","更新人","varchar","64","","Y","","","N","N","","N","记录最后更新人。"
"P0++","MBR/EBR与执行引擎域","pro_mbr_step_equipment","MBR步骤设备表","14","update_time","更新时间","timestamp","","","Y","","","N","N","","N","记录最后更新时间。 PostgreSQL适配：由 datetime 调整为 timestamp。"
"P0++","MBR/EBR与执行引擎域","pro_mbr_step_equipment","MBR步骤设备表","15","del_flag","逻辑删除标识","char","1","","N","0","sys_del_flag","N","N","","N","逻辑删除标识，0表示正常，1表示删除。"
"P0++","MBR/EBR与执行引擎域","pro_mbr_step_equipment","MBR步骤设备表","16","remark","备注","varchar","500","","Y","","","N","N","","N","补充说明。"
"P0++","MBR/EBR与执行引擎域","pro_mbr_step_quality","MBR步骤质控表","1","step_quality_id","步骤质控ID","bigint","20","","N","","","Y","N","","N","主键，建议使用雪花ID或数据库统一ID生成策略。"
"P0++","MBR/EBR与执行引擎域","pro_mbr_step_quality","MBR步骤质控表","2","step_id","MBR步骤ID","bigint","20","","N","","","N","Y","pro_mbr_step.step_id","","新增表基础字段定义，后续可按数据库规范继续细化。"
"P0++","MBR/EBR与执行引擎域","pro_mbr_step_quality","MBR步骤质控表","3","insp_plan_id","检验方案ID","bigint","20","","Y","","","N","Y","pro_inspection_plan.insp_plan_id","","新增表基础字段定义，后续可按数据库规范继续细化。"
"P0++","MBR/EBR与执行引擎域","pro_mbr_step_quality","MBR步骤质控表","4","insp_char_id","检验特性ID","bigint","20","","Y","","","N","Y","pro_inspection_characteristic.insp_char_id","","新增表基础字段定义，后续可按数据库规范继续细化。"
"P0++","MBR/EBR与执行引擎域","pro_mbr_step_quality","MBR步骤质控表","5","quality_item_code","质控项编码","varchar","64","","N","","","N","N","","","新增表基础字段定义，后续可按数据库规范继续细化。"
"P0++","MBR/EBR与执行引擎域","pro_mbr_step_quality","MBR步骤质控表","6","quality_item_name","质控项名称","varchar","128","","N","","","N","N","","","新增表基础字段定义，后续可按数据库规范继续细化。"
"P0++","MBR/EBR与执行引擎域","pro_mbr_step_quality","MBR步骤质控表","7","quality_type","质控类型","varchar","32","","N","","mes_step_quality_type","N","N","","","新增表基础字段定义，后续可按数据库规范继续细化。"
"P0++","MBR/EBR与执行引擎域","pro_mbr_step_quality","MBR步骤质控表","8","acceptance_criteria","接收标准","varchar","1000","","Y","","","N","N","","","新增表基础字段定义，后续可按数据库规范继续细化。"
"P0++","MBR/EBR与执行引擎域","pro_mbr_step_quality","MBR步骤质控表","9","mandatory_flag","是否必需","char","1","","N","Y","sys_yes_no","N","N","","","新增表基础字段定义，后续可按数据库规范继续细化。"
"P0++","MBR/EBR与执行引擎域","pro_mbr_step_quality","MBR步骤质控表","10","review_required_flag","是否需要复核","char","1","","N","N","sys_yes_no","N","N","","","新增表基础字段定义，后续可按数据库规范继续细化。"
"P0++","MBR/EBR与执行引擎域","pro_mbr_step_quality","MBR步骤质控表","11","create_by","创建人","varchar","64","","Y","","","N","N","","N","记录创建人。"
"P0++","MBR/EBR与执行引擎域","pro_mbr_step_quality","MBR步骤质控表","12","create_time","创建时间","timestamp","","","N","","","N","N","","N","记录创建时间。 PostgreSQL适配：由 datetime 调整为 timestamp。"
"P0++","MBR/EBR与执行引擎域","pro_mbr_step_quality","MBR步骤质控表","13","update_by","更新人","varchar","64","","Y","","","N","N","","N","记录最后更新人。"
"P0++","MBR/EBR与执行引擎域","pro_mbr_step_quality","MBR步骤质控表","14","update_time","更新时间","timestamp","","","Y","","","N","N","","N","记录最后更新时间。 PostgreSQL适配：由 datetime 调整为 timestamp。"
"P0++","MBR/EBR与执行引擎域","pro_mbr_step_quality","MBR步骤质控表","15","del_flag","逻辑删除标识","char","1","","N","0","sys_del_flag","N","N","","N","逻辑删除标识，0表示正常，1表示删除。"
"P0++","MBR/EBR与执行引擎域","pro_mbr_step_quality","MBR步骤质控表","16","remark","备注","varchar","500","","Y","","","N","N","","N","补充说明。"
"P0++","MBR/EBR与执行引擎域","pro_execution_rule","执行规则表","1","exec_rule_id","执行规则ID","bigint","20","","N","","","Y","N","","N","主键，建议使用雪花ID或数据库统一ID生成策略。"
"P0++","MBR/EBR与执行引擎域","pro_execution_rule","执行规则表","2","mbr_version_id","MBR版本ID","bigint","20","","Y","","","N","Y","pro_mbr_version.mbr_version_id","","新增表基础字段定义，后续可按数据库规范继续细化。"
"P0++","MBR/EBR与执行引擎域","pro_execution_rule","执行规则表","3","step_id","MBR步骤ID","bigint","20","","Y","","","N","Y","pro_mbr_step.step_id","","新增表基础字段定义，后续可按数据库规范继续细化。"
"P0++","MBR/EBR与执行引擎域","pro_execution_rule","执行规则表","4","rule_code","规则编码","varchar","64","","N","","","N","N","","","新增表基础字段定义，后续可按数据库规范继续细化。"
"P0++","MBR/EBR与执行引擎域","pro_execution_rule","执行规则表","5","rule_name","规则名称","varchar","128","","N","","","N","N","","","新增表基础字段定义，后续可按数据库规范继续细化。"
"P0++","MBR/EBR与执行引擎域","pro_execution_rule","执行规则表","6","rule_type","规则类型","varchar","32","","N","","mes_execution_rule_type","N","N","","","新增表基础字段定义，后续可按数据库规范继续细化。"
"P0++","MBR/EBR与执行引擎域","pro_execution_rule","执行规则表","7","trigger_event","触发事件","varchar","64","","N","","mes_rule_trigger_event","N","N","","","新增表基础字段定义，后续可按数据库规范继续细化。"
"P0++","MBR/EBR与执行引擎域","pro_execution_rule","执行规则表","8","condition_expr","条件表达式","text","","","Y","","","N","N","","","新增表基础字段定义，后续可按数据库规范继续细化。"
"P0++","MBR/EBR与执行引擎域","pro_execution_rule","执行规则表","9","action_expr","动作表达式","text","","","Y","","","N","N","","","新增表基础字段定义，后续可按数据库规范继续细化。"
"P0++","MBR/EBR与执行引擎域","pro_execution_rule","执行规则表","10","block_flag","是否阻断","char","1","","N","N","sys_yes_no","N","N","","","新增表基础字段定义，后续可按数据库规范继续细化。"
"P0++","MBR/EBR与执行引擎域","pro_execution_rule","执行规则表","11","priority_no","优先级","integer","11","","N","100","mes_priority_level","N","N","","","新增表基础字段定义，后续可按数据库规范继续细化。 PostgreSQL适配：由 int 调整为 integer。"
"P0++","MBR/EBR与执行引擎域","pro_execution_rule","执行规则表","12","rule_status","规则状态","varchar","32","","N","","status_common","N","N","","","新增表基础字段定义，后续可按数据库规范继续细化。"
"P0++","MBR/EBR与执行引擎域","pro_execution_rule","执行规则表","13","create_by","创建人","varchar","64","","Y","","","N","N","","N","记录创建人。"
"P0++","MBR/EBR与执行引擎域","pro_execution_rule","执行规则表","14","create_time","创建时间","timestamp","","","N","","","N","N","","N","记录创建时间。 PostgreSQL适配：由 datetime 调整为 timestamp。"
"P0++","MBR/EBR与执行引擎域","pro_execution_rule","执行规则表","15","update_by","更新人","varchar","64","","Y","","","N","N","","N","记录最后更新人。"
"P0++","MBR/EBR与执行引擎域","pro_execution_rule","执行规则表","16","update_time","更新时间","timestamp","","","Y","","","N","N","","N","记录最后更新时间。 PostgreSQL适配：由 datetime 调整为 timestamp。"
"P0++","MBR/EBR与执行引擎域","pro_execution_rule","执行规则表","17","del_flag","逻辑删除标识","char","1","","N","0","sys_del_flag","N","N","","N","逻辑删除标识，0表示正常，1表示删除。"
"P0++","MBR/EBR与执行引擎域","pro_execution_rule","执行规则表","18","remark","备注","varchar","500","","Y","","","N","N","","N","补充说明。"
"P0++","MBR/EBR与执行引擎域","pro_interlock_rule","联锁规则表","1","interlock_rule_id","联锁规则ID","bigint","20","","N","","","Y","N","","N","主键，建议使用雪花ID或数据库统一ID生成策略。"
"P0++","MBR/EBR与执行引擎域","pro_interlock_rule","联锁规则表","2","exec_rule_id","执行规则ID","bigint","20","","Y","","","N","Y","pro_execution_rule.exec_rule_id","","新增表基础字段定义，后续可按数据库规范继续细化。"
"P0++","MBR/EBR与执行引擎域","pro_interlock_rule","联锁规则表","3","step_id","MBR步骤ID","bigint","20","","Y","","","N","Y","pro_mbr_step.step_id","","新增表基础字段定义，后续可按数据库规范继续细化。"
"P0++","MBR/EBR与执行引擎域","pro_interlock_rule","联锁规则表","4","rule_code","联锁规则编码","varchar","64","","N","","","N","N","","","新增表基础字段定义，后续可按数据库规范继续细化。"
"P0++","MBR/EBR与执行引擎域","pro_interlock_rule","联锁规则表","5","rule_name","联锁规则名称","varchar","128","","N","","","N","N","","","新增表基础字段定义，后续可按数据库规范继续细化。"
"P0++","MBR/EBR与执行引擎域","pro_interlock_rule","联锁规则表","6","interlock_type","联锁类型","varchar","32","","N","","mes_interlock_type","N","N","","","新增表基础字段定义，后续可按数据库规范继续细化。"
"P0++","MBR/EBR与执行引擎域","pro_interlock_rule","联锁规则表","7","scada_point_id","采集点位ID","bigint","20","","Y","","","N","Y","pro_scada_point.scada_point_id","","新增表基础字段定义，后续可按数据库规范继续细化。"
"P0++","MBR/EBR与执行引擎域","pro_interlock_rule","联锁规则表","8","compare_operator","比较操作符","varchar","16","","Y","","mes_compare_operator","N","N","","","新增表基础字段定义，后续可按数据库规范继续细化。"
"P0++","MBR/EBR与执行引擎域","pro_interlock_rule","联锁规则表","9","threshold_value","阈值","varchar","128","","Y","","","N","N","","","新增表基础字段定义，后续可按数据库规范继续细化。"
"P0++","MBR/EBR与执行引擎域","pro_interlock_rule","联锁规则表","10","duration_seconds","持续秒数","integer","11","","Y","","","N","N","","","新增表基础字段定义，后续可按数据库规范继续细化。 PostgreSQL适配：由 int 调整为 integer。"
"P0++","MBR/EBR与执行引擎域","pro_interlock_rule","联锁规则表","11","block_action","阻断动作","varchar","32","","N","","mes_interlock_action","N","N","","","新增表基础字段定义，后续可按数据库规范继续细化。"
"P0++","MBR/EBR与执行引擎域","pro_interlock_rule","联锁规则表","12","rule_status","规则状态","varchar","32","","N","","status_common","N","N","","","新增表基础字段定义，后续可按数据库规范继续细化。"
"P0++","MBR/EBR与执行引擎域","pro_interlock_rule","联锁规则表","13","create_by","创建人","varchar","64","","Y","","","N","N","","N","记录创建人。"
"P0++","MBR/EBR与执行引擎域","pro_interlock_rule","联锁规则表","14","create_time","创建时间","timestamp","","","N","","","N","N","","N","记录创建时间。 PostgreSQL适配：由 datetime 调整为 timestamp。"
"P0++","MBR/EBR与执行引擎域","pro_interlock_rule","联锁规则表","15","update_by","更新人","varchar","64","","Y","","","N","N","","N","记录最后更新人。"
"P0++","MBR/EBR与执行引擎域","pro_interlock_rule","联锁规则表","16","update_time","更新时间","timestamp","","","Y","","","N","N","","N","记录最后更新时间。 PostgreSQL适配：由 datetime 调整为 timestamp。"
"P0++","MBR/EBR与执行引擎域","pro_interlock_rule","联锁规则表","17","del_flag","逻辑删除标识","char","1","","N","0","sys_del_flag","N","N","","N","逻辑删除标识，0表示正常，1表示删除。"
"P0++","MBR/EBR与执行引擎域","pro_interlock_rule","联锁规则表","18","remark","备注","varchar","500","","Y","","","N","N","","N","补充说明。"
"P0++","MBR/EBR与执行引擎域","pro_interlock_event","联锁事件表","1","interlock_event_id","联锁事件ID","bigint","20","","N","","","Y","N","","N","主键，建议使用雪花ID或数据库统一ID生成策略。"
"P0++","MBR/EBR与执行引擎域","pro_interlock_event","联锁事件表","2","interlock_rule_id","联锁规则ID","bigint","20","","Y","","","N","Y","pro_interlock_rule.interlock_rule_id","","新增表基础字段定义，后续可按数据库规范继续细化。"
"P0++","MBR/EBR与执行引擎域","pro_interlock_event","联锁事件表","3","context_id","MBR执行上下文ID","bigint","20","","Y","","","N","Y","pro_mbr_execution_context.context_id","","新增表基础字段定义，后续可按数据库规范继续细化。"
"P0++","MBR/EBR与执行引擎域","pro_interlock_event","联锁事件表","4","prod_order_id","生产工单ID","bigint","20","","Y","","","N","Y","pro_production_order.prod_order_id","","新增表基础字段定义，后续可按数据库规范继续细化。"
"P0++","MBR/EBR与执行引擎域","pro_interlock_event","联锁事件表","5","ebr_step_id","EBR步骤记录ID","bigint","20","","Y","","","N","Y","pro_ebr_step_record.ebr_step_id","","新增表基础字段定义，后续可按数据库规范继续细化。"
"P0++","MBR/EBR与执行引擎域","pro_interlock_event","联锁事件表","6","event_type","事件类型","varchar","32","","N","","mes_interlock_event_type","N","N","","","新增表基础字段定义，后续可按数据库规范继续细化。"
"P0++","MBR/EBR与执行引擎域","pro_interlock_event","联锁事件表","7","event_status","事件状态","varchar","32","","N","","mes_interlock_event_status","N","N","","","新增表基础字段定义，后续可按数据库规范继续细化。"
"P0++","MBR/EBR与执行引擎域","pro_interlock_event","联锁事件表","8","trigger_value","触发值","varchar","128","","Y","","","N","N","","","新增表基础字段定义，后续可按数据库规范继续细化。"
"P0++","MBR/EBR与执行引擎域","pro_interlock_event","联锁事件表","9","trigger_time","触发时间","timestamp","","","N","","","N","N","","","新增表基础字段定义，后续可按数据库规范继续细化。 PostgreSQL适配：由 datetime 调整为 timestamp。"
"P0++","MBR/EBR与执行引擎域","pro_interlock_event","联锁事件表","10","release_time","解除时间","timestamp","","","Y","","","N","N","","","新增表基础字段定义，后续可按数据库规范继续细化。 PostgreSQL适配：由 datetime 调整为 timestamp。"
"P0++","MBR/EBR与执行引擎域","pro_interlock_event","联锁事件表","11","release_person_id","解除人ID","bigint","20","","Y","","","N","Y","pro_person_master.person_id","","新增表基础字段定义，后续可按数据库规范继续细化。"
"P0++","MBR/EBR与执行引擎域","pro_interlock_event","联锁事件表","12","exception_id","异常记录ID","bigint","20","","Y","","","N","Y","pro_exception_record.exception_id","","新增表基础字段定义，后续可按数据库规范继续细化。"
"P0++","MBR/EBR与执行引擎域","pro_interlock_event","联锁事件表","13","create_by","创建人","varchar","64","","Y","","","N","N","","N","记录创建人。"
"P0++","MBR/EBR与执行引擎域","pro_interlock_event","联锁事件表","14","create_time","创建时间","timestamp","","","N","","","N","N","","N","记录创建时间。 PostgreSQL适配：由 datetime 调整为 timestamp。"
"P0++","MBR/EBR与执行引擎域","pro_interlock_event","联锁事件表","15","update_by","更新人","varchar","64","","Y","","","N","N","","N","记录最后更新人。"
"P0++","MBR/EBR与执行引擎域","pro_interlock_event","联锁事件表","16","update_time","更新时间","timestamp","","","Y","","","N","N","","N","记录最后更新时间。 PostgreSQL适配：由 datetime 调整为 timestamp。"
"P0++","MBR/EBR与执行引擎域","pro_interlock_event","联锁事件表","17","del_flag","逻辑删除标识","char","1","","N","0","sys_del_flag","N","N","","N","逻辑删除标识，0表示正常，1表示删除。"
"P0++","MBR/EBR与执行引擎域","pro_interlock_event","联锁事件表","18","remark","备注","varchar","500","","Y","","","N","N","","N","补充说明。"
"P0++","MBR/EBR与执行引擎域","pro_device_command_log","设备指令日志表","1","command_log_id","设备指令日志ID","bigint","20","","N","","","Y","N","","N","主键，建议使用雪花ID或数据库统一ID生成策略。"
"P0++","MBR/EBR与执行引擎域","pro_device_command_log","设备指令日志表","2","command_no","指令编号","varchar","64","","N","","","N","N","","Y","新增表基础字段定义，后续可按数据库规范继续细化。"
"P0++","MBR/EBR与执行引擎域","pro_device_command_log","设备指令日志表","3","target_system","目标系统","varchar","32","","N","","mes_target_system","N","N","","","新增表基础字段定义，后续可按数据库规范继续细化。"
"P0++","MBR/EBR与执行引擎域","pro_device_command_log","设备指令日志表","4","scada_system_id","SCADA系统ID","bigint","20","","Y","","","N","Y","pro_scada_system.scada_system_id","","新增表基础字段定义，后续可按数据库规范继续细化。"
"P0++","MBR/EBR与执行引擎域","pro_device_command_log","设备指令日志表","5","scada_device_ref_id","SCADA设备参考ID","bigint","20","","Y","","","N","Y","pro_scada_device_ref.scada_device_ref_id","","新增表基础字段定义，后续可按数据库规范继续细化。"
"P0++","MBR/EBR与执行引擎域","pro_device_command_log","设备指令日志表","6","equipment_id","设备ID","bigint","20","","Y","","","N","Y","pro_equipment_master.equipment_id","","新增表基础字段定义，后续可按数据库规范继续细化。"
"P0++","MBR/EBR与执行引擎域","pro_device_command_log","设备指令日志表","7","prod_order_id","生产工单ID","bigint","20","","Y","","","N","Y","pro_production_order.prod_order_id","","新增表基础字段定义，后续可按数据库规范继续细化。"
"P0++","MBR/EBR与执行引擎域","pro_device_command_log","设备指令日志表","8","ebr_step_id","EBR步骤记录ID","bigint","20","","Y","","","N","Y","pro_ebr_step_record.ebr_step_id","","新增表基础字段定义，后续可按数据库规范继续细化。"
"P0++","MBR/EBR与执行引擎域","pro_device_command_log","设备指令日志表","9","command_type","指令类型","varchar","32","","N","","mes_device_command_type","N","N","","","新增表基础字段定义，后续可按数据库规范继续细化。"
"P0++","MBR/EBR与执行引擎域","pro_device_command_log","设备指令日志表","10","command_payload","指令内容","jsonb","","","Y","","","N","N","","","新增表基础字段定义，后续可按数据库规范继续细化。 PostgreSQL适配：由 text 调整为 jsonb。"
"P0++","MBR/EBR与执行引擎域","pro_device_command_log","设备指令日志表","11","command_status","指令状态","varchar","32","","N","","mes_command_status","N","N","","","新增表基础字段定义，后续可按数据库规范继续细化。"
"P0++","MBR/EBR与执行引擎域","pro_device_command_log","设备指令日志表","12","send_time","发送时间","timestamp","","","Y","","","N","N","","","新增表基础字段定义，后续可按数据库规范继续细化。 PostgreSQL适配：由 datetime 调整为 timestamp。"
"P0++","MBR/EBR与执行引擎域","pro_device_command_log","设备指令日志表","13","ack_time","确认时间","timestamp","","","Y","","","N","N","","","新增表基础字段定义，后续可按数据库规范继续细化。 PostgreSQL适配：由 datetime 调整为 timestamp。"
"P0++","MBR/EBR与执行引擎域","pro_device_command_log","设备指令日志表","14","operator_id","操作人ID","bigint","20","","Y","","","N","Y","pro_person_master.person_id","","新增表基础字段定义，后续可按数据库规范继续细化。"
"P0++","MBR/EBR与执行引擎域","pro_device_command_log","设备指令日志表","15","error_message","错误信息","varchar","1000","","Y","","","N","N","","","新增表基础字段定义，后续可按数据库规范继续细化。"
"P0++","MBR/EBR与执行引擎域","pro_device_command_log","设备指令日志表","16","create_by","创建人","varchar","64","","Y","","","N","N","","N","记录创建人。"
"P0++","MBR/EBR与执行引擎域","pro_device_command_log","设备指令日志表","17","create_time","创建时间","timestamp","","","N","","","N","N","","N","记录创建时间。 PostgreSQL适配：由 datetime 调整为 timestamp。"
"P0++","MBR/EBR与执行引擎域","pro_device_command_log","设备指令日志表","18","update_by","更新人","varchar","64","","Y","","","N","N","","N","记录最后更新人。"
"P0++","MBR/EBR与执行引擎域","pro_device_command_log","设备指令日志表","19","update_time","更新时间","timestamp","","","Y","","","N","N","","N","记录最后更新时间。 PostgreSQL适配：由 datetime 调整为 timestamp。"
"P0++","MBR/EBR与执行引擎域","pro_device_command_log","设备指令日志表","20","del_flag","逻辑删除标识","char","1","","N","0","sys_del_flag","N","N","","N","逻辑删除标识，0表示正常，1表示删除。"
"P0++","MBR/EBR与执行引擎域","pro_device_command_log","设备指令日志表","21","remark","备注","varchar","500","","Y","","","N","N","","N","补充说明。"
"P0++","MBR/EBR与执行引擎域","pro_error_proofing_record","防错校验记录表","1","proofing_record_id","防错校验记录ID","bigint","20","","N","","","Y","N","","N","主键，建议使用雪花ID或数据库统一ID生成策略。"
"P0++","MBR/EBR与执行引擎域","pro_error_proofing_record","防错校验记录表","2","proofing_no","防错校验编号","varchar","64","","N","","","N","N","","Y","新增表基础字段定义，后续可按数据库规范继续细化。"
"P0++","MBR/EBR与执行引擎域","pro_error_proofing_record","防错校验记录表","3","exec_rule_id","执行规则ID","bigint","20","","Y","","","N","Y","pro_execution_rule.exec_rule_id","","新增表基础字段定义，后续可按数据库规范继续细化。"
"P0++","MBR/EBR与执行引擎域","pro_error_proofing_record","防错校验记录表","4","step_id","MBR步骤ID","bigint","20","","Y","","","N","Y","pro_mbr_step.step_id","","新增表基础字段定义，后续可按数据库规范继续细化。"
"P0++","MBR/EBR与执行引擎域","pro_error_proofing_record","防错校验记录表","5","ebr_step_id","EBR步骤记录ID","bigint","20","","Y","","","N","Y","pro_ebr_step_record.ebr_step_id","","新增表基础字段定义，后续可按数据库规范继续细化。"
"P0++","MBR/EBR与执行引擎域","pro_error_proofing_record","防错校验记录表","6","prod_order_id","生产工单ID","bigint","20","","Y","","","N","Y","pro_production_order.prod_order_id","","新增表基础字段定义，后续可按数据库规范继续细化。"
"P0++","MBR/EBR与执行引擎域","pro_error_proofing_record","防错校验记录表","7","proofing_type","防错类型","varchar","32","","N","","mes_error_proofing_type","N","N","","","新增表基础字段定义，后续可按数据库规范继续细化。"
"P0++","MBR/EBR与执行引擎域","pro_error_proofing_record","防错校验记录表","8","check_object_type","校验对象类型","varchar","32","","N","","mes_check_object_type","N","N","","","新增表基础字段定义，后续可按数据库规范继续细化。"
"P0++","MBR/EBR与执行引擎域","pro_error_proofing_record","防错校验记录表","9","check_object_code","校验对象编码","varchar","128","","Y","","","N","N","","","新增表基础字段定义，后续可按数据库规范继续细化。"
"P0++","MBR/EBR与执行引擎域","pro_error_proofing_record","防错校验记录表","10","expected_value","期望值","varchar","500","","Y","","","N","N","","","新增表基础字段定义，后续可按数据库规范继续细化。"
"P0++","MBR/EBR与执行引擎域","pro_error_proofing_record","防错校验记录表","11","actual_value","实际值","varchar","500","","Y","","","N","N","","","新增表基础字段定义，后续可按数据库规范继续细化。"
"P0++","MBR/EBR与执行引擎域","pro_error_proofing_record","防错校验记录表","12","proofing_result","校验结果","varchar","32","","N","","mes_check_result","N","N","","","新增表基础字段定义，后续可按数据库规范继续细化。"
"P0++","MBR/EBR与执行引擎域","pro_error_proofing_record","防错校验记录表","13","material_id","物料ID","bigint","20","","Y","","","N","Y","pro_material_master.material_id","","新增表基础字段定义，后续可按数据库规范继续细化。"
"P0++","MBR/EBR与执行引擎域","pro_error_proofing_record","防错校验记录表","14","equipment_id","设备ID","bigint","20","","Y","","","N","Y","pro_equipment_master.equipment_id","","新增表基础字段定义，后续可按数据库规范继续细化。"
"P0++","MBR/EBR与执行引擎域","pro_error_proofing_record","防错校验记录表","15","weighing_id","称量记录ID","bigint","20","","Y","","","N","Y","pro_weighing_record.weighing_id","","新增表基础字段定义，后续可按数据库规范继续细化。"
"P0++","MBR/EBR与执行引擎域","pro_error_proofing_record","防错校验记录表","16","exception_id","异常记录ID","bigint","20","","Y","","","N","Y","pro_exception_record.exception_id","","新增表基础字段定义，后续可按数据库规范继续细化。"
"P0++","MBR/EBR与执行引擎域","pro_error_proofing_record","防错校验记录表","17","operator_id","操作人ID","bigint","20","","Y","","","N","Y","pro_person_master.person_id","","新增表基础字段定义，后续可按数据库规范继续细化。"
"P0++","MBR/EBR与执行引擎域","pro_error_proofing_record","防错校验记录表","18","check_time","校验时间","timestamp","","","N","","","N","N","","","新增表基础字段定义，后续可按数据库规范继续细化。 PostgreSQL适配：由 datetime 调整为 timestamp。"
"P0++","MBR/EBR与执行引擎域","pro_error_proofing_record","防错校验记录表","19","create_by","创建人","varchar","64","","Y","","","N","N","","N","记录创建人。"
"P0++","MBR/EBR与执行引擎域","pro_error_proofing_record","防错校验记录表","20","create_time","创建时间","timestamp","","","N","","","N","N","","N","记录创建时间。 PostgreSQL适配：由 datetime 调整为 timestamp。"
"P0++","MBR/EBR与执行引擎域","pro_error_proofing_record","防错校验记录表","21","update_by","更新人","varchar","64","","Y","","","N","N","","N","记录最后更新人。"
"P0++","MBR/EBR与执行引擎域","pro_error_proofing_record","防错校验记录表","22","update_time","更新时间","timestamp","","","Y","","","N","N","","N","记录最后更新时间。 PostgreSQL适配：由 datetime 调整为 timestamp。"
"P0++","MBR/EBR与执行引擎域","pro_error_proofing_record","防错校验记录表","23","del_flag","逻辑删除标识","char","1","","N","0","sys_del_flag","N","N","","N","逻辑删除标识，0表示正常，1表示删除。"
"P0++","MBR/EBR与执行引擎域","pro_error_proofing_record","防错校验记录表","24","remark","备注","varchar","500","","Y","","","N","N","","N","补充说明。"
"P0++","MBR/EBR与执行引擎域","pro_mbr_step_transition","MBR步骤流转规则表","1","transition_id","步骤流转规则ID","bigint","20","","N","","","Y","N","","N","主键，建议使用雪花ID或数据库统一ID生成策略。"
"P0++","MBR/EBR与执行引擎域","pro_mbr_step_transition","MBR步骤流转规则表","2","mbr_version_id","MBR版本ID","bigint","20","","N","","","N","Y","pro_mbr_version.mbr_version_id","","新增表基础字段定义，后续可按数据库规范继续细化。"
"P0++","MBR/EBR与执行引擎域","pro_mbr_step_transition","MBR步骤流转规则表","3","from_step_id","来源步骤ID","bigint","20","","N","","","N","Y","pro_mbr_step.step_id","","新增表基础字段定义，后续可按数据库规范继续细化。"
"P0++","MBR/EBR与执行引擎域","pro_mbr_step_transition","MBR步骤流转规则表","4","to_step_id","目标步骤ID","bigint","20","","Y","","","N","Y","pro_mbr_step.step_id","","新增表基础字段定义，后续可按数据库规范继续细化。"
"P0++","MBR/EBR与执行引擎域","pro_mbr_step_transition","MBR步骤流转规则表","5","transition_type","流转类型","varchar","32","","N","","mes_step_transition_type","N","N","","","新增表基础字段定义，后续可按数据库规范继续细化。"
"P0++","MBR/EBR与执行引擎域","pro_mbr_step_transition","MBR步骤流转规则表","6","condition_expr","流转条件表达式","text","","","Y","","","N","N","","","新增表基础字段定义，后续可按数据库规范继续细化。"
"P0++","MBR/EBR与执行引擎域","pro_mbr_step_transition","MBR步骤流转规则表","7","priority_no","优先级","integer","11","","N","100","mes_priority_level","N","N","","","新增表基础字段定义，后续可按数据库规范继续细化。 PostgreSQL适配：由 int 调整为 integer。"
"P0++","MBR/EBR与执行引擎域","pro_mbr_step_transition","MBR步骤流转规则表","8","auto_transition_flag","是否自动流转","char","1","","N","N","sys_yes_no","N","N","","","新增表基础字段定义，后续可按数据库规范继续细化。"
"P0++","MBR/EBR与执行引擎域","pro_mbr_step_transition","MBR步骤流转规则表","9","transition_status","流转规则状态","varchar","32","","N","","status_common","N","N","","","新增表基础字段定义，后续可按数据库规范继续细化。"
"P0++","MBR/EBR与执行引擎域","pro_mbr_step_transition","MBR步骤流转规则表","10","create_by","创建人","varchar","64","","Y","","","N","N","","N","记录创建人。"
"P0++","MBR/EBR与执行引擎域","pro_mbr_step_transition","MBR步骤流转规则表","11","create_time","创建时间","timestamp","","","N","","","N","N","","N","记录创建时间。 PostgreSQL适配：由 datetime 调整为 timestamp。"
"P0++","MBR/EBR与执行引擎域","pro_mbr_step_transition","MBR步骤流转规则表","12","update_by","更新人","varchar","64","","Y","","","N","N","","N","记录最后更新人。"
"P0++","MBR/EBR与执行引擎域","pro_mbr_step_transition","MBR步骤流转规则表","13","update_time","更新时间","timestamp","","","Y","","","N","N","","N","记录最后更新时间。 PostgreSQL适配：由 datetime 调整为 timestamp。"
"P0++","MBR/EBR与执行引擎域","pro_mbr_step_transition","MBR步骤流转规则表","14","del_flag","逻辑删除标识","char","1","","N","0","sys_del_flag","N","N","","N","逻辑删除标识，0表示正常，1表示删除。"
"P0++","MBR/EBR与执行引擎域","pro_mbr_step_transition","MBR步骤流转规则表","15","remark","备注","varchar","500","","Y","","","N","N","","N","补充说明。"
"P0++","MBR/EBR与执行引擎域","pro_mbr_rework_rule","MBR返工规则表","1","rework_rule_id","返工规则ID","bigint","20","","N","","","Y","N","","N","主键，建议使用雪花ID或数据库统一ID生成策略。"
"P0++","MBR/EBR与执行引擎域","pro_mbr_rework_rule","MBR返工规则表","2","mbr_version_id","MBR版本ID","bigint","20","","N","","","N","Y","pro_mbr_version.mbr_version_id","","新增表基础字段定义，后续可按数据库规范继续细化。"
"P0++","MBR/EBR与执行引擎域","pro_mbr_rework_rule","MBR返工规则表","3","source_step_id","来源步骤ID","bigint","20","","N","","","N","Y","pro_mbr_step.step_id","","新增表基础字段定义，后续可按数据库规范继续细化。"
"P0++","MBR/EBR与执行引擎域","pro_mbr_rework_rule","MBR返工规则表","4","rework_to_step_id","返工目标步骤ID","bigint","20","","N","","","N","Y","pro_mbr_step.step_id","","新增表基础字段定义，后续可按数据库规范继续细化。"
"P0++","MBR/EBR与执行引擎域","pro_mbr_rework_rule","MBR返工规则表","5","rework_reason_type","返工原因类型","varchar","32","","N","","mes_rework_reason_type","N","N","","","新增表基础字段定义，后续可按数据库规范继续细化。"
"P0++","MBR/EBR与执行引擎域","pro_mbr_rework_rule","MBR返工规则表","6","approval_required_flag","是否需要审批","char","1","","N","Y","sys_yes_no","N","N","","","新增表基础字段定义，后续可按数据库规范继续细化。"
"P0++","MBR/EBR与执行引擎域","pro_mbr_rework_rule","MBR返工规则表","7","max_rework_times","最大返工次数","integer","11","","Y","","","N","N","","","新增表基础字段定义，后续可按数据库规范继续细化。 PostgreSQL适配：由 int 调整为 integer。"
"P0++","MBR/EBR与执行引擎域","pro_mbr_rework_rule","MBR返工规则表","8","rule_status","规则状态","varchar","32","","N","","status_common","N","N","","","新增表基础字段定义，后续可按数据库规范继续细化。"
"P0++","MBR/EBR与执行引擎域","pro_mbr_rework_rule","MBR返工规则表","9","create_by","创建人","varchar","64","","Y","","","N","N","","N","记录创建人。"
"P0++","MBR/EBR与执行引擎域","pro_mbr_rework_rule","MBR返工规则表","10","create_time","创建时间","timestamp","","","N","","","N","N","","N","记录创建时间。 PostgreSQL适配：由 datetime 调整为 timestamp。"
"P0++","MBR/EBR与执行引擎域","pro_mbr_rework_rule","MBR返工规则表","11","update_by","更新人","varchar","64","","Y","","","N","N","","N","记录最后更新人。"
"P0++","MBR/EBR与执行引擎域","pro_mbr_rework_rule","MBR返工规则表","12","update_time","更新时间","timestamp","","","Y","","","N","N","","N","记录最后更新时间。 PostgreSQL适配：由 datetime 调整为 timestamp。"
"P0++","MBR/EBR与执行引擎域","pro_mbr_rework_rule","MBR返工规则表","13","del_flag","逻辑删除标识","char","1","","N","0","sys_del_flag","N","N","","N","逻辑删除标识，0表示正常，1表示删除。"
"P0++","MBR/EBR与执行引擎域","pro_mbr_rework_rule","MBR返工规则表","14","remark","备注","varchar","500","","Y","","","N","N","","N","补充说明。"
"P0++","MBR/EBR与执行引擎域","pro_mbr_dynamic_param_rule","动态参数规则表","1","dynamic_rule_id","动态参数规则ID","bigint","20","","N","","","Y","N","","N","主键，建议使用雪花ID或数据库统一ID生成策略。"
"P0++","MBR/EBR与执行引擎域","pro_mbr_dynamic_param_rule","动态参数规则表","2","step_id","MBR步骤ID","bigint","20","","N","","","N","Y","pro_mbr_step.step_id","","新增表基础字段定义，后续可按数据库规范继续细化。"
"P0++","MBR/EBR与执行引擎域","pro_mbr_dynamic_param_rule","动态参数规则表","3","step_param_id","步骤参数ID","bigint","20","","N","","","N","Y","pro_mbr_step_parameter.step_param_id","","新增表基础字段定义，后续可按数据库规范继续细化。"
"P0++","MBR/EBR与执行引擎域","pro_mbr_dynamic_param_rule","动态参数规则表","4","rule_code","规则编码","varchar","64","","N","","","N","N","","","新增表基础字段定义，后续可按数据库规范继续细化。"
"P0++","MBR/EBR与执行引擎域","pro_mbr_dynamic_param_rule","动态参数规则表","5","rule_name","规则名称","varchar","128","","N","","","N","N","","","新增表基础字段定义，后续可按数据库规范继续细化。"
"P0++","MBR/EBR与执行引擎域","pro_mbr_dynamic_param_rule","动态参数规则表","6","input_source_type","输入来源类型","varchar","32","","N","","mes_dynamic_param_source_type","N","N","","","新增表基础字段定义，后续可按数据库规范继续细化。"
"P0++","MBR/EBR与执行引擎域","pro_mbr_dynamic_param_rule","动态参数规则表","7","formula_expr","计算公式表达式","text","","","Y","","","N","N","","","新增表基础字段定义，后续可按数据库规范继续细化。"
"P0++","MBR/EBR与执行引擎域","pro_mbr_dynamic_param_rule","动态参数规则表","8","default_value","默认值","varchar","128","","Y","","","N","N","","","新增表基础字段定义，后续可按数据库规范继续细化。"
"P0++","MBR/EBR与执行引擎域","pro_mbr_dynamic_param_rule","动态参数规则表","9","scada_point_id","采集点位ID","bigint","20","","Y","","","N","Y","pro_scada_point.scada_point_id","","新增表基础字段定义，后续可按数据库规范继续细化。"
"P0++","MBR/EBR与执行引擎域","pro_mbr_dynamic_param_rule","动态参数规则表","10","rule_status","规则状态","varchar","32","","N","","status_common","N","N","","","新增表基础字段定义，后续可按数据库规范继续细化。"
"P0++","MBR/EBR与执行引擎域","pro_mbr_dynamic_param_rule","动态参数规则表","11","create_by","创建人","varchar","64","","Y","","","N","N","","N","记录创建人。"
"P0++","MBR/EBR与执行引擎域","pro_mbr_dynamic_param_rule","动态参数规则表","12","create_time","创建时间","timestamp","","","N","","","N","N","","N","记录创建时间。 PostgreSQL适配：由 datetime 调整为 timestamp。"
"P0++","MBR/EBR与执行引擎域","pro_mbr_dynamic_param_rule","动态参数规则表","13","update_by","更新人","varchar","64","","Y","","","N","N","","N","记录最后更新人。"
"P0++","MBR/EBR与执行引擎域","pro_mbr_dynamic_param_rule","动态参数规则表","14","update_time","更新时间","timestamp","","","Y","","","N","N","","N","记录最后更新时间。 PostgreSQL适配：由 datetime 调整为 timestamp。"
"P0++","MBR/EBR与执行引擎域","pro_mbr_dynamic_param_rule","动态参数规则表","15","del_flag","逻辑删除标识","char","1","","N","0","sys_del_flag","N","N","","N","逻辑删除标识，0表示正常，1表示删除。"
"P0++","MBR/EBR与执行引擎域","pro_mbr_dynamic_param_rule","动态参数规则表","16","remark","备注","varchar","500","","Y","","","N","N","","N","补充说明。"
"P0++","MBR/EBR与执行引擎域","pro_mbr_hold_rule","暂停待复核规则表","1","hold_rule_id","暂停待复核规则ID","bigint","20","","N","","","Y","N","","N","主键，建议使用雪花ID或数据库统一ID生成策略。"
"P0++","MBR/EBR与执行引擎域","pro_mbr_hold_rule","暂停待复核规则表","2","mbr_version_id","MBR版本ID","bigint","20","","Y","","","N","Y","pro_mbr_version.mbr_version_id","","新增表基础字段定义，后续可按数据库规范继续细化。"
"P0++","MBR/EBR与执行引擎域","pro_mbr_hold_rule","暂停待复核规则表","3","step_id","MBR步骤ID","bigint","20","","Y","","","N","Y","pro_mbr_step.step_id","","新增表基础字段定义，后续可按数据库规范继续细化。"
"P0++","MBR/EBR与执行引擎域","pro_mbr_hold_rule","暂停待复核规则表","4","hold_rule_code","暂停规则编码","varchar","64","","N","","","N","N","","","新增表基础字段定义，后续可按数据库规范继续细化。"
"P0++","MBR/EBR与执行引擎域","pro_mbr_hold_rule","暂停待复核规则表","5","hold_rule_name","暂停规则名称","varchar","128","","N","","","N","N","","","新增表基础字段定义，后续可按数据库规范继续细化。"
"P0++","MBR/EBR与执行引擎域","pro_mbr_hold_rule","暂停待复核规则表","6","hold_trigger_type","暂停触发类型","varchar","32","","N","","mes_hold_trigger_type","N","N","","","新增表基础字段定义，后续可按数据库规范继续细化。"
"P0++","MBR/EBR与执行引擎域","pro_mbr_hold_rule","暂停待复核规则表","7","condition_expr","暂停条件表达式","text","","","Y","","","N","N","","","新增表基础字段定义，后续可按数据库规范继续细化。"
"P0++","MBR/EBR与执行引擎域","pro_mbr_hold_rule","暂停待复核规则表","8","hold_level","暂停等级","varchar","32","","N","","mes_hold_level","N","N","","","新增表基础字段定义，后续可按数据库规范继续细化。"
"P0++","MBR/EBR与执行引擎域","pro_mbr_hold_rule","暂停待复核规则表","9","category_id","异常分类ID","bigint","20","","Y","","","N","Y","pro_exception_category.category_id","","新增表基础字段定义，后续可按数据库规范继续细化。"
"P0++","MBR/EBR与执行引擎域","pro_mbr_hold_rule","暂停待复核规则表","10","review_role","复核角色","varchar","64","","Y","","","N","N","","","新增表基础字段定义，后续可按数据库规范继续细化。"
"P0++","MBR/EBR与执行引擎域","pro_mbr_hold_rule","暂停待复核规则表","11","rule_status","规则状态","varchar","32","","N","","status_common","N","N","","","新增表基础字段定义，后续可按数据库规范继续细化。"
"P0++","MBR/EBR与执行引擎域","pro_mbr_hold_rule","暂停待复核规则表","12","create_by","创建人","varchar","64","","Y","","","N","N","","N","记录创建人。"
"P0++","MBR/EBR与执行引擎域","pro_mbr_hold_rule","暂停待复核规则表","13","create_time","创建时间","timestamp","","","N","","","N","N","","N","记录创建时间。 PostgreSQL适配：由 datetime 调整为 timestamp。"
"P0++","MBR/EBR与执行引擎域","pro_mbr_hold_rule","暂停待复核规则表","14","update_by","更新人","varchar","64","","Y","","","N","N","","N","记录最后更新人。"
"P0++","MBR/EBR与执行引擎域","pro_mbr_hold_rule","暂停待复核规则表","15","update_time","更新时间","timestamp","","","Y","","","N","N","","N","记录最后更新时间。 PostgreSQL适配：由 datetime 调整为 timestamp。"
"P0++","MBR/EBR与执行引擎域","pro_mbr_hold_rule","暂停待复核规则表","16","del_flag","逻辑删除标识","char","1","","N","0","sys_del_flag","N","N","","N","逻辑删除标识，0表示正常，1表示删除。"
"P0++","MBR/EBR与执行引擎域","pro_mbr_hold_rule","暂停待复核规则表","17","remark","备注","varchar","500","","Y","","","N","N","","N","补充说明。"
"P0++","MBR/EBR与执行引擎域","pro_mbr_release_record","MBR发布记录表","1","release_id","MBR发布记录ID","bigint","20","","N","","","Y","N","","N","主键，建议使用雪花ID或数据库统一ID生成策略。"
"P0++","MBR/EBR与执行引擎域","pro_mbr_release_record","MBR发布记录表","2","mbr_version_id","MBR版本ID","bigint","20","","N","","","N","Y","pro_mbr_version.mbr_version_id","","新增表基础字段定义，后续可按数据库规范继续细化。"
"P0++","MBR/EBR与执行引擎域","pro_mbr_release_record","MBR发布记录表","3","release_no","发布单号","varchar","64","","N","","","N","N","","Y","新增表基础字段定义，后续可按数据库规范继续细化。"
"P0++","MBR/EBR与执行引擎域","pro_mbr_release_record","MBR发布记录表","4","release_action","发布动作","varchar","32","","N","","mes_mbr_release_action","N","N","","","新增表基础字段定义，后续可按数据库规范继续细化。"
"P0++","MBR/EBR与执行引擎域","pro_mbr_release_record","MBR发布记录表","5","release_status","发布状态","varchar","32","","N","","mes_mbr_release_status","N","N","","","新增表基础字段定义，后续可按数据库规范继续细化。"
"P0++","MBR/EBR与执行引擎域","pro_mbr_release_record","MBR发布记录表","6","release_person_id","发布人ID","bigint","20","","Y","","","N","Y","pro_person_master.person_id","","新增表基础字段定义，后续可按数据库规范继续细化。"
"P0++","MBR/EBR与执行引擎域","pro_mbr_release_record","MBR发布记录表","7","release_time","发布时间","timestamp","","","Y","","","N","N","","","新增表基础字段定义，后续可按数据库规范继续细化。 PostgreSQL适配：由 datetime 调整为 timestamp。"
"P0++","MBR/EBR与执行引擎域","pro_mbr_release_record","MBR发布记录表","8","effective_time","生效时间","timestamp","","","Y","","","N","N","","","新增表基础字段定义，后续可按数据库规范继续细化。 PostgreSQL适配：由 datetime 调整为 timestamp。"
"P0++","MBR/EBR与执行引擎域","pro_mbr_release_record","MBR发布记录表","9","signature_id","电子签名ID","bigint","20","","Y","","","N","Y","pro_e_signature_record.signature_id","","新增表基础字段定义，后续可按数据库规范继续细化。"
"P0++","MBR/EBR与执行引擎域","pro_mbr_release_record","MBR发布记录表","10","release_comment","发布说明","varchar","1000","","Y","","","N","N","","","新增表基础字段定义，后续可按数据库规范继续细化。"
"P0++","MBR/EBR与执行引擎域","pro_mbr_release_record","MBR发布记录表","11","create_by","创建人","varchar","64","","Y","","","N","N","","N","记录创建人。"
"P0++","MBR/EBR与执行引擎域","pro_mbr_release_record","MBR发布记录表","12","create_time","创建时间","timestamp","","","N","","","N","N","","N","记录创建时间。 PostgreSQL适配：由 datetime 调整为 timestamp。"
"P0++","MBR/EBR与执行引擎域","pro_mbr_release_record","MBR发布记录表","13","update_by","更新人","varchar","64","","Y","","","N","N","","N","记录最后更新人。"
"P0++","MBR/EBR与执行引擎域","pro_mbr_release_record","MBR发布记录表","14","update_time","更新时间","timestamp","","","Y","","","N","N","","N","记录最后更新时间。 PostgreSQL适配：由 datetime 调整为 timestamp。"
"P0++","MBR/EBR与执行引擎域","pro_mbr_release_record","MBR发布记录表","15","del_flag","逻辑删除标识","char","1","","N","0","sys_del_flag","N","N","","N","逻辑删除标识，0表示正常，1表示删除。"
"P0++","MBR/EBR与执行引擎域","pro_mbr_release_record","MBR发布记录表","16","remark","备注","varchar","500","","Y","","","N","N","","N","补充说明。"
"P0++","MBR/EBR与执行引擎域","pro_mbr_change_record","MBR变更记录表","1","mbr_change_id","MBR变更记录ID","bigint","20","","N","","","Y","N","","N","主键，建议使用雪花ID或数据库统一ID生成策略。"
"P0++","MBR/EBR与执行引擎域","pro_mbr_change_record","MBR变更记录表","2","mbr_version_id","MBR版本ID","bigint","20","","N","","","N","Y","pro_mbr_version.mbr_version_id","","新增表基础字段定义，后续可按数据库规范继续细化。"
"P0++","MBR/EBR与执行引擎域","pro_mbr_change_record","MBR变更记录表","3","ecn_id","ECN ID","bigint","20","","Y","","","N","Y","pro_ecn_order.ecn_id","","新增表基础字段定义，后续可按数据库规范继续细化。"
"P0++","MBR/EBR与执行引擎域","pro_mbr_change_record","MBR变更记录表","4","change_type","变更类型","varchar","32","","N","","mes_mbr_change_type","N","N","","","新增表基础字段定义，后续可按数据库规范继续细化。"
"P0++","MBR/EBR与执行引擎域","pro_mbr_change_record","MBR变更记录表","5","change_reason","变更原因","varchar","1000","","Y","","","N","N","","","新增表基础字段定义，后续可按数据库规范继续细化。"
"P0++","MBR/EBR与执行引擎域","pro_mbr_change_record","MBR变更记录表","6","affected_scope","影响范围","varchar","1000","","Y","","","N","N","","","新增表基础字段定义，后续可按数据库规范继续细化。"
"P0++","MBR/EBR与执行引擎域","pro_mbr_change_record","MBR变更记录表","7","before_snapshot","变更前快照","jsonb","","","Y","","","N","N","","","新增表基础字段定义，后续可按数据库规范继续细化。 PostgreSQL适配：由 text 调整为 jsonb。"
"P0++","MBR/EBR与执行引擎域","pro_mbr_change_record","MBR变更记录表","8","after_snapshot","变更后快照","jsonb","","","Y","","","N","N","","","新增表基础字段定义，后续可按数据库规范继续细化。 PostgreSQL适配：由 text 调整为 jsonb。"
"P0++","MBR/EBR与执行引擎域","pro_mbr_change_record","MBR变更记录表","9","approval_status","审批状态","varchar","32","","N","","mes_approval_status","N","N","","","新增表基础字段定义，后续可按数据库规范继续细化。"
"P0++","MBR/EBR与执行引擎域","pro_mbr_change_record","MBR变更记录表","10","effective_time","生效时间","timestamp","","","Y","","","N","N","","","新增表基础字段定义，后续可按数据库规范继续细化。 PostgreSQL适配：由 datetime 调整为 timestamp。"
"P0++","MBR/EBR与执行引擎域","pro_mbr_change_record","MBR变更记录表","11","create_by","创建人","varchar","64","","Y","","","N","N","","N","记录创建人。"
"P0++","MBR/EBR与执行引擎域","pro_mbr_change_record","MBR变更记录表","12","create_time","创建时间","timestamp","","","N","","","N","N","","N","记录创建时间。 PostgreSQL适配：由 datetime 调整为 timestamp。"
"P0++","MBR/EBR与执行引擎域","pro_mbr_change_record","MBR变更记录表","13","update_by","更新人","varchar","64","","Y","","","N","N","","N","记录最后更新人。"
"P0++","MBR/EBR与执行引擎域","pro_mbr_change_record","MBR变更记录表","14","update_time","更新时间","timestamp","","","Y","","","N","N","","N","记录最后更新时间。 PostgreSQL适配：由 datetime 调整为 timestamp。"
"P0++","MBR/EBR与执行引擎域","pro_mbr_change_record","MBR变更记录表","15","del_flag","逻辑删除标识","char","1","","N","0","sys_del_flag","N","N","","N","逻辑删除标识，0表示正常，1表示删除。"
"P0++","MBR/EBR与执行引擎域","pro_mbr_change_record","MBR变更记录表","16","remark","备注","varchar","500","","Y","","","N","N","","N","补充说明。"
"P0++","MBR/EBR与执行引擎域","pro_ebr_header","电子批记录头表","1","ebr_id","电子批记录ID","bigint","20","","N","","","Y","N","","N","主键，建议使用雪花ID或数据库统一ID生成策略。"
"P0++","MBR/EBR与执行引擎域","pro_ebr_header","电子批记录头表","2","ebr_no","电子批记录编号","varchar","64","","N","","","N","N","","Y","新增表基础字段定义，后续可按数据库规范继续细化。"
"P0++","MBR/EBR与执行引擎域","pro_ebr_header","电子批记录头表","3","prod_order_id","生产工单ID","bigint","20","","N","","","N","Y","pro_production_order.prod_order_id","","新增表基础字段定义，后续可按数据库规范继续细化。"
"P0++","MBR/EBR与执行引擎域","pro_ebr_header","电子批记录头表","4","mbr_version_id","MBR版本ID","bigint","20","","Y","","","N","Y","pro_mbr_version.mbr_version_id","","新增表基础字段定义，后续可按数据库规范继续细化。"
"P0++","MBR/EBR与执行引擎域","pro_ebr_header","电子批记录头表","5","context_id","MBR执行上下文ID","bigint","20","","Y","","","N","Y","pro_mbr_execution_context.context_id","","新增表基础字段定义，后续可按数据库规范继续细化。"
"P0++","MBR/EBR与执行引擎域","pro_ebr_header","电子批记录头表","6","material_id","产品物料ID","bigint","20","","Y","","","N","Y","pro_material_master.material_id","","新增表基础字段定义，后续可按数据库规范继续细化。"
"P0++","MBR/EBR与执行引擎域","pro_ebr_header","电子批记录头表","7","batch_no","生产批号","varchar","64","","Y","","","N","N","","","新增表基础字段定义，后续可按数据库规范继续细化。"
"P0++","MBR/EBR与执行引擎域","pro_ebr_header","电子批记录头表","8","ebr_status","电子批记录状态","varchar","32","","N","","mes_ebr_status","N","N","","","新增表基础字段定义，后续可按数据库规范继续细化。"
"P0++","MBR/EBR与执行引擎域","pro_ebr_header","电子批记录头表","9","start_time","开始时间","timestamp","","","Y","","","N","N","","","新增表基础字段定义，后续可按数据库规范继续细化。 PostgreSQL适配：由 datetime 调整为 timestamp。"
"P0++","MBR/EBR与执行引擎域","pro_ebr_header","电子批记录头表","10","end_time","结束时间","timestamp","","","Y","","","N","N","","","新增表基础字段定义，后续可按数据库规范继续细化。 PostgreSQL适配：由 datetime 调整为 timestamp。"
"P0++","MBR/EBR与执行引擎域","pro_ebr_header","电子批记录头表","11","review_status","审核状态","varchar","32","","N","","mes_review_status","N","N","","","新增表基础字段定义，后续可按数据库规范继续细化。"
"P0++","MBR/EBR与执行引擎域","pro_ebr_header","电子批记录头表","12","release_status","放行状态","varchar","32","","N","","mes_release_status","N","N","","","新增表基础字段定义，后续可按数据库规范继续细化。"
"P0++","MBR/EBR与执行引擎域","pro_ebr_header","电子批记录头表","13","create_by","创建人","varchar","64","","Y","","","N","N","","N","记录创建人。"
"P0++","MBR/EBR与执行引擎域","pro_ebr_header","电子批记录头表","14","create_time","创建时间","timestamp","","","N","","","N","N","","N","记录创建时间。 PostgreSQL适配：由 datetime 调整为 timestamp。"
"P0++","MBR/EBR与执行引擎域","pro_ebr_header","电子批记录头表","15","update_by","更新人","varchar","64","","Y","","","N","N","","N","记录最后更新人。"
"P0++","MBR/EBR与执行引擎域","pro_ebr_header","电子批记录头表","16","update_time","更新时间","timestamp","","","Y","","","N","N","","N","记录最后更新时间。 PostgreSQL适配：由 datetime 调整为 timestamp。"
"P0++","MBR/EBR与执行引擎域","pro_ebr_header","电子批记录头表","17","del_flag","逻辑删除标识","char","1","","N","0","sys_del_flag","N","N","","N","逻辑删除标识，0表示正常，1表示删除。"
"P0++","MBR/EBR与执行引擎域","pro_ebr_header","电子批记录头表","18","remark","备注","varchar","500","","Y","","","N","N","","N","补充说明。"
"P0++","MBR/EBR与执行引擎域","pro_ebr_step_record","EBR步骤记录表","1","ebr_step_id","EBR步骤记录ID","bigint","20","","N","","","Y","N","","N","主键，建议使用雪花ID或数据库统一ID生成策略。"
"P0++","MBR/EBR与执行引擎域","pro_ebr_step_record","EBR步骤记录表","2","ebr_id","电子批记录ID","bigint","20","","N","","","N","Y","pro_ebr_header.ebr_id","","新增表基础字段定义，后续可按数据库规范继续细化。"
"P0++","MBR/EBR与执行引擎域","pro_ebr_step_record","EBR步骤记录表","3","context_id","MBR执行上下文ID","bigint","20","","Y","","","N","Y","pro_mbr_execution_context.context_id","","新增表基础字段定义，后续可按数据库规范继续细化。"
"P0++","MBR/EBR与执行引擎域","pro_ebr_step_record","EBR步骤记录表","4","phase_id","MBR阶段ID","bigint","20","","Y","","","N","Y","pro_mbr_phase.phase_id","","新增表基础字段定义，后续可按数据库规范继续细化。"
"P0++","MBR/EBR与执行引擎域","pro_ebr_step_record","EBR步骤记录表","5","step_id","MBR步骤ID","bigint","20","","N","","","N","Y","pro_mbr_step.step_id","","新增表基础字段定义，后续可按数据库规范继续细化。"
"P0++","MBR/EBR与执行引擎域","pro_ebr_step_record","EBR步骤记录表","6","order_op_id","工单工序ID","bigint","20","","Y","","","N","Y","pro_order_operation.order_op_id","","新增表基础字段定义，后续可按数据库规范继续细化。"
"P0++","MBR/EBR与执行引擎域","pro_ebr_step_record","EBR步骤记录表","7","op_exec_id","工序执行ID","bigint","20","","Y","","","N","Y","pro_operation_execution.op_exec_id","","新增表基础字段定义，后续可按数据库规范继续细化。"
"P0++","MBR/EBR与执行引擎域","pro_ebr_step_record","EBR步骤记录表","8","step_status","步骤执行状态","varchar","32","","N","","mes_ebr_step_status","N","N","","","新增表基础字段定义，后续可按数据库规范继续细化。"
"P0++","MBR/EBR与执行引擎域","pro_ebr_step_record","EBR步骤记录表","9","start_time","开始时间","timestamp","","","Y","","","N","N","","","新增表基础字段定义，后续可按数据库规范继续细化。 PostgreSQL适配：由 datetime 调整为 timestamp。"
"P0++","MBR/EBR与执行引擎域","pro_ebr_step_record","EBR步骤记录表","10","end_time","结束时间","timestamp","","","Y","","","N","N","","","新增表基础字段定义，后续可按数据库规范继续细化。 PostgreSQL适配：由 datetime 调整为 timestamp。"
"P0++","MBR/EBR与执行引擎域","pro_ebr_step_record","EBR步骤记录表","11","operator_id","执行人ID","bigint","20","","Y","","","N","Y","pro_person_master.person_id","","新增表基础字段定义，后续可按数据库规范继续细化。"
"P0++","MBR/EBR与执行引擎域","pro_ebr_step_record","EBR步骤记录表","12","reviewer_id","复核人ID","bigint","20","","Y","","","N","Y","pro_person_master.person_id","","新增表基础字段定义，后续可按数据库规范继续细化。"
"P0++","MBR/EBR与执行引擎域","pro_ebr_step_record","EBR步骤记录表","13","equipment_id","设备ID","bigint","20","","Y","","","N","Y","pro_equipment_master.equipment_id","","新增表基础字段定义，后续可按数据库规范继续细化。"
"P0++","MBR/EBR与执行引擎域","pro_ebr_step_record","EBR步骤记录表","14","execution_result","执行结果","varchar","32","","N","","mes_execution_result","N","N","","","新增表基础字段定义，后续可按数据库规范继续细化。"
"P0++","MBR/EBR与执行引擎域","pro_ebr_step_record","EBR步骤记录表","15","exception_id","异常记录ID","bigint","20","","Y","","","N","Y","pro_exception_record.exception_id","","新增表基础字段定义，后续可按数据库规范继续细化。"
"P0++","MBR/EBR与执行引擎域","pro_ebr_step_record","EBR步骤记录表","16","step_snapshot","步骤快照","jsonb","","","Y","","","N","N","","","新增表基础字段定义，后续可按数据库规范继续细化。 PostgreSQL适配：由 text 调整为 jsonb。"
"P0++","MBR/EBR与执行引擎域","pro_ebr_step_record","EBR步骤记录表","17","create_by","创建人","varchar","64","","Y","","","N","N","","N","记录创建人。"
"P0++","MBR/EBR与执行引擎域","pro_ebr_step_record","EBR步骤记录表","18","create_time","创建时间","timestamp","","","N","","","N","N","","N","记录创建时间。 PostgreSQL适配：由 datetime 调整为 timestamp。"
"P0++","MBR/EBR与执行引擎域","pro_ebr_step_record","EBR步骤记录表","19","update_by","更新人","varchar","64","","Y","","","N","N","","N","记录最后更新人。"
"P0++","MBR/EBR与执行引擎域","pro_ebr_step_record","EBR步骤记录表","20","update_time","更新时间","timestamp","","","Y","","","N","N","","N","记录最后更新时间。 PostgreSQL适配：由 datetime 调整为 timestamp。"
"P0++","MBR/EBR与执行引擎域","pro_ebr_step_record","EBR步骤记录表","21","del_flag","逻辑删除标识","char","1","","N","0","sys_del_flag","N","N","","N","逻辑删除标识，0表示正常，1表示删除。"
"P0++","MBR/EBR与执行引擎域","pro_ebr_step_record","EBR步骤记录表","22","remark","备注","varchar","500","","Y","","","N","N","","N","补充说明。"
"P0++","MBR/EBR与执行引擎域","pro_ebr_param_record","EBR参数记录表","1","ebr_param_id","EBR参数记录ID","bigint","20","","N","","","Y","N","","N","主键，建议使用雪花ID或数据库统一ID生成策略。"
"P0++","MBR/EBR与执行引擎域","pro_ebr_param_record","EBR参数记录表","2","ebr_step_id","EBR步骤记录ID","bigint","20","","N","","","N","Y","pro_ebr_step_record.ebr_step_id","","新增表基础字段定义，后续可按数据库规范继续细化。"
"P0++","MBR/EBR与执行引擎域","pro_ebr_param_record","EBR参数记录表","3","step_param_id","步骤参数ID","bigint","20","","Y","","","N","Y","pro_mbr_step_parameter.step_param_id","","新增表基础字段定义，后续可按数据库规范继续细化。"
"P0++","MBR/EBR与执行引擎域","pro_ebr_param_record","EBR参数记录表","4","param_code","参数编码","varchar","64","","N","","","N","N","","","新增表基础字段定义，后续可按数据库规范继续细化。"
"P0++","MBR/EBR与执行引擎域","pro_ebr_param_record","EBR参数记录表","5","param_name","参数名称","varchar","128","","N","","","N","N","","","新增表基础字段定义，后续可按数据库规范继续细化。"
"P0++","MBR/EBR与执行引擎域","pro_ebr_param_record","EBR参数记录表","6","target_value","目标值","varchar","128","","Y","","","N","N","","","新增表基础字段定义，后续可按数据库规范继续细化。"
"P0++","MBR/EBR与执行引擎域","pro_ebr_param_record","EBR参数记录表","7","actual_value","实际值","varchar","128","","Y","","","N","N","","","新增表基础字段定义，后续可按数据库规范继续细化。"
"P0++","MBR/EBR与执行引擎域","pro_ebr_param_record","EBR参数记录表","8","param_uom","参数单位","varchar","16","","Y","","mes_uom","N","N","","","新增表基础字段定义，后续可按数据库规范继续细化。"
"P0++","MBR/EBR与执行引擎域","pro_ebr_param_record","EBR参数记录表","9","upper_limit","上限值","varchar","128","","Y","","","N","N","","","新增表基础字段定义，后续可按数据库规范继续细化。"
"P0++","MBR/EBR与执行引擎域","pro_ebr_param_record","EBR参数记录表","10","lower_limit","下限值","varchar","128","","Y","","","N","N","","","新增表基础字段定义，后续可按数据库规范继续细化。"
"P0++","MBR/EBR与执行引擎域","pro_ebr_param_record","EBR参数记录表","11","result_judgement","结果判定","varchar","32","","N","","mes_inspection_result_judgement","N","N","","","新增表基础字段定义，后续可按数据库规范继续细化。"
"P0++","MBR/EBR与执行引擎域","pro_ebr_param_record","EBR参数记录表","12","collect_id","采集结果ID","bigint","20","","Y","","","N","Y","pro_operation_data_collect.collect_id","","新增表基础字段定义，后续可按数据库规范继续细化。"
"P0++","MBR/EBR与执行引擎域","pro_ebr_param_record","EBR参数记录表","13","weighing_id","称量记录ID","bigint","20","","Y","","","N","Y","pro_weighing_record.weighing_id","","新增表基础字段定义，后续可按数据库规范继续细化。"
"P0++","MBR/EBR与执行引擎域","pro_ebr_param_record","EBR参数记录表","14","scada_point_id","采集点位ID","bigint","20","","Y","","","N","Y","pro_scada_point.scada_point_id","","新增表基础字段定义，后续可按数据库规范继续细化。"
"P0++","MBR/EBR与执行引擎域","pro_ebr_param_record","EBR参数记录表","15","raw_data_uri","原始数据链接","varchar","500","","Y","","","N","N","","","新增表基础字段定义，后续可按数据库规范继续细化。"
"P0++","MBR/EBR与执行引擎域","pro_ebr_param_record","EBR参数记录表","16","sample_time","采样时间","timestamp","","","Y","","","N","N","","","新增表基础字段定义，后续可按数据库规范继续细化。 PostgreSQL适配：由 datetime 调整为 timestamp。"
"P0++","MBR/EBR与执行引擎域","pro_ebr_param_record","EBR参数记录表","17","create_by","创建人","varchar","64","","Y","","","N","N","","N","记录创建人。"
"P0++","MBR/EBR与执行引擎域","pro_ebr_param_record","EBR参数记录表","18","create_time","创建时间","timestamp","","","N","","","N","N","","N","记录创建时间。 PostgreSQL适配：由 datetime 调整为 timestamp。"
"P0++","MBR/EBR与执行引擎域","pro_ebr_param_record","EBR参数记录表","19","update_by","更新人","varchar","64","","Y","","","N","N","","N","记录最后更新人。"
"P0++","MBR/EBR与执行引擎域","pro_ebr_param_record","EBR参数记录表","20","update_time","更新时间","timestamp","","","Y","","","N","N","","N","记录最后更新时间。 PostgreSQL适配：由 datetime 调整为 timestamp。"
"P0++","MBR/EBR与执行引擎域","pro_ebr_param_record","EBR参数记录表","21","del_flag","逻辑删除标识","char","1","","N","0","sys_del_flag","N","N","","N","逻辑删除标识，0表示正常，1表示删除。"
"P0++","MBR/EBR与执行引擎域","pro_ebr_param_record","EBR参数记录表","22","remark","备注","varchar","500","","Y","","","N","N","","N","补充说明。"
"P0++","MBR/EBR与执行引擎域","pro_e_signature_record","电子签名记录表","1","signature_id","电子签名ID","bigint","20","","N","","","Y","N","","N","主键，建议使用雪花ID或数据库统一ID生成策略。"
"P0++","MBR/EBR与执行引擎域","pro_e_signature_record","电子签名记录表","2","signature_no","签名编号","varchar","64","","N","","","N","N","","Y","新增表基础字段定义，后续可按数据库规范继续细化。"
"P0++","MBR/EBR与执行引擎域","pro_e_signature_record","电子签名记录表","3","biz_type","业务类型","varchar","64","","N","","mes_signature_biz_type","N","N","","","新增表基础字段定义，后续可按数据库规范继续细化。"
"P0++","MBR/EBR与执行引擎域","pro_e_signature_record","电子签名记录表","4","biz_id","业务ID","bigint","20","","N","","","N","N","","","新增表基础字段定义，后续可按数据库规范继续细化。"
"P0++","MBR/EBR与执行引擎域","pro_e_signature_record","电子签名记录表","5","ebr_id","电子批记录ID","bigint","20","","Y","","","N","Y","pro_ebr_header.ebr_id","","新增表基础字段定义，后续可按数据库规范继续细化。"
"P0++","MBR/EBR与执行引擎域","pro_e_signature_record","电子签名记录表","6","ebr_step_id","EBR步骤记录ID","bigint","20","","Y","","","N","Y","pro_ebr_step_record.ebr_step_id","","新增表基础字段定义，后续可按数据库规范继续细化。"
"P0++","MBR/EBR与执行引擎域","pro_e_signature_record","电子签名记录表","7","signature_type","签名类型","varchar","32","","N","","mes_signature_type","N","N","","","新增表基础字段定义，后续可按数据库规范继续细化。"
"P0++","MBR/EBR与执行引擎域","pro_e_signature_record","电子签名记录表","8","signer_id","签名人ID","bigint","20","","N","","","N","Y","pro_person_master.person_id","","新增表基础字段定义，后续可按数据库规范继续细化。"
"P0++","MBR/EBR与执行引擎域","pro_e_signature_record","电子签名记录表","9","signer_account","签名账号","varchar","64","","N","","","N","N","","","新增表基础字段定义，后续可按数据库规范继续细化。"
"P0++","MBR/EBR与执行引擎域","pro_e_signature_record","电子签名记录表","10","signature_reason","签名原因","varchar","500","","Y","","","N","N","","","新增表基础字段定义，后续可按数据库规范继续细化。"
"P0++","MBR/EBR与执行引擎域","pro_e_signature_record","电子签名记录表","11","signature_hash","签名哈希","varchar","128","","Y","","","N","N","","","新增表基础字段定义，后续可按数据库规范继续细化。"
"P0++","MBR/EBR与执行引擎域","pro_e_signature_record","电子签名记录表","12","signature_time","签名时间","timestamp","","","N","","","N","N","","","新增表基础字段定义，后续可按数据库规范继续细化。 PostgreSQL适配：由 datetime 调整为 timestamp。"
"P0++","MBR/EBR与执行引擎域","pro_e_signature_record","电子签名记录表","13","signature_result","签名结果","varchar","32","","N","","mes_signature_result","N","N","","","新增表基础字段定义，后续可按数据库规范继续细化。"
"P0++","MBR/EBR与执行引擎域","pro_e_signature_record","电子签名记录表","14","create_by","创建人","varchar","64","","Y","","","N","N","","N","记录创建人。"
"P0++","MBR/EBR与执行引擎域","pro_e_signature_record","电子签名记录表","15","create_time","创建时间","timestamp","","","N","","","N","N","","N","记录创建时间。 PostgreSQL适配：由 datetime 调整为 timestamp。"
"P0++","MBR/EBR与执行引擎域","pro_e_signature_record","电子签名记录表","16","update_by","更新人","varchar","64","","Y","","","N","N","","N","记录最后更新人。"
"P0++","MBR/EBR与执行引擎域","pro_e_signature_record","电子签名记录表","17","update_time","更新时间","timestamp","","","Y","","","N","N","","N","记录最后更新时间。 PostgreSQL适配：由 datetime 调整为 timestamp。"
"P0++","MBR/EBR与执行引擎域","pro_e_signature_record","电子签名记录表","18","del_flag","逻辑删除标识","char","1","","N","0","sys_del_flag","N","N","","N","逻辑删除标识，0表示正常，1表示删除。"
"P0++","MBR/EBR与执行引擎域","pro_e_signature_record","电子签名记录表","19","remark","备注","varchar","500","","Y","","","N","N","","N","补充说明。"
"P0++","MBR/EBR与执行引擎域","pro_audit_trail","审计追踪表","1","audit_trail_id","审计追踪ID","bigint","20","","N","","","Y","N","","N","主键，建议使用雪花ID或数据库统一ID生成策略。"
"P0++","MBR/EBR与执行引擎域","pro_audit_trail","审计追踪表","2","biz_type","业务类型","varchar","64","","N","","mes_audit_biz_type","N","N","","","新增表基础字段定义，后续可按数据库规范继续细化。"
"P0++","MBR/EBR与执行引擎域","pro_audit_trail","审计追踪表","3","biz_id","业务ID","bigint","20","","N","","","N","N","","","新增表基础字段定义，后续可按数据库规范继续细化。"
"P0++","MBR/EBR与执行引擎域","pro_audit_trail","审计追踪表","4","table_name_ref","业务表名","varchar","128","","Y","","","N","N","","","新增表基础字段定义，后续可按数据库规范继续细化。"
"P0++","MBR/EBR与执行引擎域","pro_audit_trail","审计追踪表","5","field_name_ref","业务字段名","varchar","128","","Y","","","N","N","","","新增表基础字段定义，后续可按数据库规范继续细化。"
"P0++","MBR/EBR与执行引擎域","pro_audit_trail","审计追踪表","6","operation_type","操作类型","varchar","32","","N","","mes_audit_operation_type","N","N","","","新增表基础字段定义，后续可按数据库规范继续细化。"
"P0++","MBR/EBR与执行引擎域","pro_audit_trail","审计追踪表","7","before_value","操作前值","text","","","Y","","","N","N","","","新增表基础字段定义，后续可按数据库规范继续细化。"
"P0++","MBR/EBR与执行引擎域","pro_audit_trail","审计追踪表","8","after_value","操作后值","text","","","Y","","","N","N","","","新增表基础字段定义，后续可按数据库规范继续细化。"
"P0++","MBR/EBR与执行引擎域","pro_audit_trail","审计追踪表","9","change_reason","变更原因","varchar","1000","","Y","","","N","N","","","新增表基础字段定义，后续可按数据库规范继续细化。"
"P0++","MBR/EBR与执行引擎域","pro_audit_trail","审计追踪表","10","operator_id","操作人ID","bigint","20","","Y","","","N","Y","pro_person_master.person_id","","新增表基础字段定义，后续可按数据库规范继续细化。"
"P0++","MBR/EBR与执行引擎域","pro_audit_trail","审计追踪表","11","operator_account","操作账号","varchar","64","","Y","","","N","N","","","新增表基础字段定义，后续可按数据库规范继续细化。"
"P0++","MBR/EBR与执行引擎域","pro_audit_trail","审计追踪表","12","operation_time","操作时间","timestamp","","","N","","","N","N","","","新增表基础字段定义，后续可按数据库规范继续细化。 PostgreSQL适配：由 datetime 调整为 timestamp。"
"P0++","MBR/EBR与执行引擎域","pro_audit_trail","审计追踪表","13","signature_id","电子签名ID","bigint","20","","Y","","","N","Y","pro_e_signature_record.signature_id","","新增表基础字段定义，后续可按数据库规范继续细化。"
"P0++","MBR/EBR与执行引擎域","pro_audit_trail","审计追踪表","14","client_ip","客户端IP","varchar","64","","Y","","","N","N","","","新增表基础字段定义，后续可按数据库规范继续细化。"
"P0++","MBR/EBR与执行引擎域","pro_audit_trail","审计追踪表","15","trace_id","链路追踪ID","varchar","128","","Y","","","N","N","","","新增表基础字段定义，后续可按数据库规范继续细化。"
"P0++","MBR/EBR与执行引擎域","pro_audit_trail","审计追踪表","16","create_by","创建人","varchar","64","","Y","","","N","N","","N","记录创建人。"
"P0++","MBR/EBR与执行引擎域","pro_audit_trail","审计追踪表","17","create_time","创建时间","timestamp","","","N","","","N","N","","N","记录创建时间。 PostgreSQL适配：由 datetime 调整为 timestamp。"
"P0++","MBR/EBR与执行引擎域","pro_audit_trail","审计追踪表","18","update_by","更新人","varchar","64","","Y","","","N","N","","N","记录最后更新人。"
"P0++","MBR/EBR与执行引擎域","pro_audit_trail","审计追踪表","19","update_time","更新时间","timestamp","","","Y","","","N","N","","N","记录最后更新时间。 PostgreSQL适配：由 datetime 调整为 timestamp。"
"P0++","MBR/EBR与执行引擎域","pro_audit_trail","审计追踪表","20","del_flag","逻辑删除标识","char","1","","N","0","sys_del_flag","N","N","","N","逻辑删除标识，0表示正常，1表示删除。"
"P0++","MBR/EBR与执行引擎域","pro_audit_trail","审计追踪表","21","remark","备注","varchar","500","","Y","","","N","N","","N","补充说明。"
"P1++","工艺引擎增强预留域","pro_process_simulation_case","工艺仿真方案表","1","simulation_case_id","工艺仿真方案ID","bigint","20","","N","","","Y","N","","N","主键，建议使用雪花ID或数据库统一ID生成策略。"
"P1++","工艺引擎增强预留域","pro_process_simulation_case","工艺仿真方案表","2","case_no","仿真方案编号","varchar","64","","N","","","N","N","","Y","新增表基础字段定义，后续可按数据库规范继续细化。"
"P1++","工艺引擎增强预留域","pro_process_simulation_case","工艺仿真方案表","3","case_name","仿真方案名称","varchar","128","","N","","","N","N","","","新增表基础字段定义，后续可按数据库规范继续细化。"
"P1++","工艺引擎增强预留域","pro_process_simulation_case","工艺仿真方案表","4","mbr_version_id","MBR版本ID","bigint","20","","Y","","","N","Y","pro_mbr_version.mbr_version_id","","新增表基础字段定义，后续可按数据库规范继续细化。"
"P1++","工艺引擎增强预留域","pro_process_simulation_case","工艺仿真方案表","5","routing_id","工艺路线ID","bigint","20","","Y","","","N","Y","pro_routing_header.routing_id","","新增表基础字段定义，后续可按数据库规范继续细化。"
"P1++","工艺引擎增强预留域","pro_process_simulation_case","工艺仿真方案表","6","material_id","产品物料ID","bigint","20","","Y","","","N","Y","pro_material_master.material_id","","新增表基础字段定义，后续可按数据库规范继续细化。"
"P1++","工艺引擎增强预留域","pro_process_simulation_case","工艺仿真方案表","7","batch_qty","模拟批量","numeric","18","6","Y","","","N","N","","","新增表基础字段定义，后续可按数据库规范继续细化。 PostgreSQL适配：由 decimal 调整为 numeric。"
"P1++","工艺引擎增强预留域","pro_process_simulation_case","工艺仿真方案表","8","qty_uom","数量单位","varchar","16","","Y","","mes_uom","N","N","","","新增表基础字段定义，后续可按数据库规范继续细化。"
"P1++","工艺引擎增强预留域","pro_process_simulation_case","工艺仿真方案表","9","line_id","产线ID","bigint","20","","Y","","","N","Y","pro_production_line_master.line_id","","新增表基础字段定义，后续可按数据库规范继续细化。"
"P1++","工艺引擎增强预留域","pro_process_simulation_case","工艺仿真方案表","10","shift_id","班次ID","bigint","20","","Y","","","N","Y","pro_shift.shift_id","","新增表基础字段定义，后续可按数据库规范继续细化。"
"P1++","工艺引擎增强预留域","pro_process_simulation_case","工艺仿真方案表","11","case_status","方案状态","varchar","32","","N","","mes_simulation_case_status","N","N","","","新增表基础字段定义，后续可按数据库规范继续细化。"
"P1++","工艺引擎增强预留域","pro_process_simulation_case","工艺仿真方案表","12","create_by","创建人","varchar","64","","Y","","","N","N","","N","记录创建人。"
"P1++","工艺引擎增强预留域","pro_process_simulation_case","工艺仿真方案表","13","create_time","创建时间","timestamp","","","N","","","N","N","","N","记录创建时间。 PostgreSQL适配：由 datetime 调整为 timestamp。"
"P1++","工艺引擎增强预留域","pro_process_simulation_case","工艺仿真方案表","14","update_by","更新人","varchar","64","","Y","","","N","N","","N","记录最后更新人。"
"P1++","工艺引擎增强预留域","pro_process_simulation_case","工艺仿真方案表","15","update_time","更新时间","timestamp","","","Y","","","N","N","","N","记录最后更新时间。 PostgreSQL适配：由 datetime 调整为 timestamp。"
"P1++","工艺引擎增强预留域","pro_process_simulation_case","工艺仿真方案表","16","del_flag","逻辑删除标识","char","1","","N","0","sys_del_flag","N","N","","N","逻辑删除标识，0表示正常，1表示删除。"
"P1++","工艺引擎增强预留域","pro_process_simulation_case","工艺仿真方案表","17","remark","备注","varchar","500","","Y","","","N","N","","N","补充说明。"
"P1++","工艺引擎增强预留域","pro_process_simulation_result","工艺仿真结果表","1","simulation_result_id","工艺仿真结果ID","bigint","20","","N","","","Y","N","","N","主键，建议使用雪花ID或数据库统一ID生成策略。"
"P1++","工艺引擎增强预留域","pro_process_simulation_result","工艺仿真结果表","2","simulation_case_id","工艺仿真方案ID","bigint","20","","N","","","N","Y","pro_process_simulation_case.simulation_case_id","","新增表基础字段定义，后续可按数据库规范继续细化。"
"P1++","工艺引擎增强预留域","pro_process_simulation_result","工艺仿真结果表","3","run_no","仿真运行编号","varchar","64","","N","","","N","N","","","新增表基础字段定义，后续可按数据库规范继续细化。"
"P1++","工艺引擎增强预留域","pro_process_simulation_result","工艺仿真结果表","4","run_time","仿真运行时间","timestamp","","","N","","","N","N","","","新增表基础字段定义，后续可按数据库规范继续细化。 PostgreSQL适配：由 datetime 调整为 timestamp。"
"P1++","工艺引擎增强预留域","pro_process_simulation_result","工艺仿真结果表","5","total_duration","预计总时长","numeric","18","3","Y","","","N","N","","","新增表基础字段定义，后续可按数据库规范继续细化。 PostgreSQL适配：由 decimal 调整为 numeric。"
"P1++","工艺引擎增强预留域","pro_process_simulation_result","工艺仿真结果表","6","duration_uom","时长单位","varchar","16","","Y","","mes_uom","N","N","","","新增表基础字段定义，后续可按数据库规范继续细化。"
"P1++","工艺引擎增强预留域","pro_process_simulation_result","工艺仿真结果表","7","bottleneck_resource","瓶颈资源","varchar","128","","Y","","","N","N","","","新增表基础字段定义，后续可按数据库规范继续细化。"
"P1++","工艺引擎增强预留域","pro_process_simulation_result","工艺仿真结果表","8","capacity_qty","预计产能","numeric","18","6","Y","","","N","N","","","新增表基础字段定义，后续可按数据库规范继续细化。 PostgreSQL适配：由 decimal 调整为 numeric。"
"P1++","工艺引擎增强预留域","pro_process_simulation_result","工艺仿真结果表","9","quality_risk_level","质量风险等级","varchar","32","","Y","","mes_risk_level","N","N","","","新增表基础字段定义，后续可按数据库规范继续细化。"
"P1++","工艺引擎增强预留域","pro_process_simulation_result","工艺仿真结果表","10","resource_conflict_flag","是否存在资源冲突","char","1","","N","N","sys_yes_no","N","N","","","新增表基础字段定义，后续可按数据库规范继续细化。"
"P1++","工艺引擎增强预留域","pro_process_simulation_result","工艺仿真结果表","11","result_summary","结果摘要","text","","","Y","","","N","N","","","新增表基础字段定义，后续可按数据库规范继续细化。"
"P1++","工艺引擎增强预留域","pro_process_simulation_result","工艺仿真结果表","12","result_status","结果状态","varchar","32","","N","","status_common","N","N","","","新增表基础字段定义，后续可按数据库规范继续细化。"
"P1++","工艺引擎增强预留域","pro_process_simulation_result","工艺仿真结果表","13","create_by","创建人","varchar","64","","Y","","","N","N","","N","记录创建人。"
"P1++","工艺引擎增强预留域","pro_process_simulation_result","工艺仿真结果表","14","create_time","创建时间","timestamp","","","N","","","N","N","","N","记录创建时间。 PostgreSQL适配：由 datetime 调整为 timestamp。"
"P1++","工艺引擎增强预留域","pro_process_simulation_result","工艺仿真结果表","15","update_by","更新人","varchar","64","","Y","","","N","N","","N","记录最后更新人。"
"P1++","工艺引擎增强预留域","pro_process_simulation_result","工艺仿真结果表","16","update_time","更新时间","timestamp","","","Y","","","N","N","","N","记录最后更新时间。 PostgreSQL适配：由 datetime 调整为 timestamp。"
"P1++","工艺引擎增强预留域","pro_process_simulation_result","工艺仿真结果表","17","del_flag","逻辑删除标识","char","1","","N","0","sys_del_flag","N","N","","N","逻辑删除标识，0表示正常，1表示删除。"
"P1++","工艺引擎增强预留域","pro_process_simulation_result","工艺仿真结果表","18","remark","备注","varchar","500","","Y","","","N","N","","N","补充说明。"
"P1++","工艺引擎增强预留域","pro_mbr_step_person_role","MBR步骤人员角色要求表","1","step_person_role_id","步骤人员角色要求ID","bigint","20","","N","","","Y","N","","N","主键，建议使用雪花ID或数据库统一ID生成策略。"
"P1++","工艺引擎增强预留域","pro_mbr_step_person_role","MBR步骤人员角色要求表","2","step_id","MBR步骤ID","bigint","20","","N","","","N","Y","pro_mbr_step.step_id","","新增表基础字段定义，后续可按数据库规范继续细化。"
"P1++","工艺引擎增强预留域","pro_mbr_step_person_role","MBR步骤人员角色要求表","3","role_code","人员角色编码","varchar","64","","N","","mes_person_role","N","N","","","新增表基础字段定义，后续可按数据库规范继续细化。"
"P1++","工艺引擎增强预留域","pro_mbr_step_person_role","MBR步骤人员角色要求表","4","role_name","人员角色名称","varchar","128","","N","","","N","N","","","新增表基础字段定义，后续可按数据库规范继续细化。"
"P1++","工艺引擎增强预留域","pro_mbr_step_person_role","MBR步骤人员角色要求表","5","required_qty","需求人数","integer","11","","N","","","N","N","","","新增表基础字段定义，后续可按数据库规范继续细化。 PostgreSQL适配：由 int 调整为 integer。"
"P1++","工艺引擎增强预留域","pro_mbr_step_person_role","MBR步骤人员角色要求表","6","qualification_type","资质类型","varchar","64","","Y","","mes_qualification_type","N","N","","","新增表基础字段定义，后续可按数据库规范继续细化。"
"P1++","工艺引擎增强预留域","pro_mbr_step_person_role","MBR步骤人员角色要求表","7","signature_required_flag","是否需要签名","char","1","","N","N","sys_yes_no","N","N","","","新增表基础字段定义，后续可按数据库规范继续细化。"
"P1++","工艺引擎增强预留域","pro_mbr_step_person_role","MBR步骤人员角色要求表","8","review_role_flag","是否复核角色","char","1","","N","N","sys_yes_no","N","N","","","新增表基础字段定义，后续可按数据库规范继续细化。"
"P1++","工艺引擎增强预留域","pro_mbr_step_person_role","MBR步骤人员角色要求表","9","status","状态","varchar","32","","N","","status_common","N","N","","","新增表基础字段定义，后续可按数据库规范继续细化。"
"P1++","工艺引擎增强预留域","pro_mbr_step_person_role","MBR步骤人员角色要求表","10","create_by","创建人","varchar","64","","Y","","","N","N","","N","记录创建人。"
"P1++","工艺引擎增强预留域","pro_mbr_step_person_role","MBR步骤人员角色要求表","11","create_time","创建时间","timestamp","","","N","","","N","N","","N","记录创建时间。 PostgreSQL适配：由 datetime 调整为 timestamp。"
"P1++","工艺引擎增强预留域","pro_mbr_step_person_role","MBR步骤人员角色要求表","12","update_by","更新人","varchar","64","","Y","","","N","N","","N","记录最后更新人。"
"P1++","工艺引擎增强预留域","pro_mbr_step_person_role","MBR步骤人员角色要求表","13","update_time","更新时间","timestamp","","","Y","","","N","N","","N","记录最后更新时间。 PostgreSQL适配：由 datetime 调整为 timestamp。"
"P1++","工艺引擎增强预留域","pro_mbr_step_person_role","MBR步骤人员角色要求表","14","del_flag","逻辑删除标识","char","1","","N","0","sys_del_flag","N","N","","N","逻辑删除标识，0表示正常，1表示删除。"
"P1++","工艺引擎增强预留域","pro_mbr_step_person_role","MBR步骤人员角色要求表","15","remark","备注","varchar","500","","Y","","","N","N","","N","补充说明。"
"P1++","工艺引擎增强预留域","pro_person_qualification","人员资质表","1","qualification_id","人员资质ID","bigint","20","","N","","","Y","N","","N","主键，建议使用雪花ID或数据库统一ID生成策略。"
"P1++","工艺引擎增强预留域","pro_person_qualification","人员资质表","2","person_id","人员ID","bigint","20","","N","","","N","Y","pro_person_master.person_id","","新增表基础字段定义，后续可按数据库规范继续细化。"
"P1++","工艺引擎增强预留域","pro_person_qualification","人员资质表","3","qualification_code","资质编码","varchar","64","","N","","","N","N","","","新增表基础字段定义，后续可按数据库规范继续细化。"
"P1++","工艺引擎增强预留域","pro_person_qualification","人员资质表","4","qualification_name","资质名称","varchar","128","","N","","","N","N","","","新增表基础字段定义，后续可按数据库规范继续细化。"
"P1++","工艺引擎增强预留域","pro_person_qualification","人员资质表","5","qualification_type","资质类型","varchar","64","","N","","mes_qualification_type","N","N","","","新增表基础字段定义，后续可按数据库规范继续细化。"
"P1++","工艺引擎增强预留域","pro_person_qualification","人员资质表","6","operation_id","工序ID","bigint","20","","Y","","","N","Y","pro_routing_operation.operation_id","","新增表基础字段定义，后续可按数据库规范继续细化。"
"P1++","工艺引擎增强预留域","pro_person_qualification","人员资质表","7","equipment_id","设备ID","bigint","20","","Y","","","N","Y","pro_equipment_master.equipment_id","","新增表基础字段定义，后续可按数据库规范继续细化。"
"P1++","工艺引擎增强预留域","pro_person_qualification","人员资质表","8","clean_area_level","洁净区等级","varchar","32","","Y","","mes_clean_area_level","N","N","","","新增表基础字段定义，后续可按数据库规范继续细化。"
"P1++","工艺引擎增强预留域","pro_person_qualification","人员资质表","9","valid_from","有效开始时间","timestamp","","","Y","","","N","N","","","新增表基础字段定义，后续可按数据库规范继续细化。 PostgreSQL适配：由 datetime 调整为 timestamp。"
"P1++","工艺引擎增强预留域","pro_person_qualification","人员资质表","10","valid_to","有效结束时间","timestamp","","","Y","","","N","N","","","新增表基础字段定义，后续可按数据库规范继续细化。 PostgreSQL适配：由 datetime 调整为 timestamp。"
"P1++","工艺引擎增强预留域","pro_person_qualification","人员资质表","11","qualification_status","资质状态","varchar","32","","N","","mes_qualification_status","N","N","","","新增表基础字段定义，后续可按数据库规范继续细化。"
"P1++","工艺引擎增强预留域","pro_person_qualification","人员资质表","12","create_by","创建人","varchar","64","","Y","","","N","N","","N","记录创建人。"
"P1++","工艺引擎增强预留域","pro_person_qualification","人员资质表","13","create_time","创建时间","timestamp","","","N","","","N","N","","N","记录创建时间。 PostgreSQL适配：由 datetime 调整为 timestamp。"
"P1++","工艺引擎增强预留域","pro_person_qualification","人员资质表","14","update_by","更新人","varchar","64","","Y","","","N","N","","N","记录最后更新人。"
"P1++","工艺引擎增强预留域","pro_person_qualification","人员资质表","15","update_time","更新时间","timestamp","","","Y","","","N","N","","N","记录最后更新时间。 PostgreSQL适配：由 datetime 调整为 timestamp。"
"P1++","工艺引擎增强预留域","pro_person_qualification","人员资质表","16","del_flag","逻辑删除标识","char","1","","N","0","sys_del_flag","N","N","","N","逻辑删除标识，0表示正常，1表示删除。"
"P1++","工艺引擎增强预留域","pro_person_qualification","人员资质表","17","remark","备注","varchar","500","","Y","","","N","N","","N","补充说明。"
"P1++","工艺引擎增强预留域","pro_mbr_alternative_process_rule","替代工艺规则表","1","alt_process_rule_id","替代工艺规则ID","bigint","20","","N","","","Y","N","","N","主键，建议使用雪花ID或数据库统一ID生成策略。"
"P1++","工艺引擎增强预留域","pro_mbr_alternative_process_rule","替代工艺规则表","2","mbr_version_id","原MBR版本ID","bigint","20","","N","","","N","Y","pro_mbr_version.mbr_version_id","","新增表基础字段定义，后续可按数据库规范继续细化。"
"P1++","工艺引擎增强预留域","pro_mbr_alternative_process_rule","替代工艺规则表","3","source_step_id","原步骤ID","bigint","20","","Y","","","N","Y","pro_mbr_step.step_id","","新增表基础字段定义，后续可按数据库规范继续细化。"
"P1++","工艺引擎增强预留域","pro_mbr_alternative_process_rule","替代工艺规则表","4","alt_mbr_version_id","替代MBR版本ID","bigint","20","","Y","","","N","Y","pro_mbr_version.mbr_version_id","","新增表基础字段定义，后续可按数据库规范继续细化。"
"P1++","工艺引擎增强预留域","pro_mbr_alternative_process_rule","替代工艺规则表","5","alt_step_id","替代步骤ID","bigint","20","","Y","","","N","Y","pro_mbr_step.step_id","","新增表基础字段定义，后续可按数据库规范继续细化。"
"P1++","工艺引擎增强预留域","pro_mbr_alternative_process_rule","替代工艺规则表","6","alt_reason_type","替代原因类型","varchar","32","","N","","mes_alt_process_reason_type","N","N","","","新增表基础字段定义，后续可按数据库规范继续细化。"
"P1++","工艺引擎增强预留域","pro_mbr_alternative_process_rule","替代工艺规则表","7","condition_expr","启用条件表达式","text","","","Y","","","N","N","","","新增表基础字段定义，后续可按数据库规范继续细化。"
"P1++","工艺引擎增强预留域","pro_mbr_alternative_process_rule","替代工艺规则表","8","approval_required_flag","是否需要审批","char","1","","N","Y","sys_yes_no","N","N","","","新增表基础字段定义，后续可按数据库规范继续细化。"
"P1++","工艺引擎增强预留域","pro_mbr_alternative_process_rule","替代工艺规则表","9","rule_status","规则状态","varchar","32","","N","","status_common","N","N","","","新增表基础字段定义，后续可按数据库规范继续细化。"
"P1++","工艺引擎增强预留域","pro_mbr_alternative_process_rule","替代工艺规则表","10","create_by","创建人","varchar","64","","Y","","","N","N","","N","记录创建人。"
"P1++","工艺引擎增强预留域","pro_mbr_alternative_process_rule","替代工艺规则表","11","create_time","创建时间","timestamp","","","N","","","N","N","","N","记录创建时间。 PostgreSQL适配：由 datetime 调整为 timestamp。"
"P1++","工艺引擎增强预留域","pro_mbr_alternative_process_rule","替代工艺规则表","12","update_by","更新人","varchar","64","","Y","","","N","N","","N","记录最后更新人。"
"P1++","工艺引擎增强预留域","pro_mbr_alternative_process_rule","替代工艺规则表","13","update_time","更新时间","timestamp","","","Y","","","N","N","","N","记录最后更新时间。 PostgreSQL适配：由 datetime 调整为 timestamp。"
"P1++","工艺引擎增强预留域","pro_mbr_alternative_process_rule","替代工艺规则表","14","del_flag","逻辑删除标识","char","1","","N","0","sys_del_flag","N","N","","N","逻辑删除标识，0表示正常，1表示删除。"
"P1++","工艺引擎增强预留域","pro_mbr_alternative_process_rule","替代工艺规则表","15","remark","备注","varchar","500","","Y","","","N","N","","N","补充说明。"
"P1++","工艺引擎增强预留域","pro_outsource_operation_rule","委外工序规则表","1","outsource_rule_id","委外工序规则ID","bigint","20","","N","","","Y","N","","N","主键，建议使用雪花ID或数据库统一ID生成策略。"
"P1++","工艺引擎增强预留域","pro_outsource_operation_rule","委外工序规则表","2","step_id","MBR步骤ID","bigint","20","","Y","","","N","Y","pro_mbr_step.step_id","","新增表基础字段定义，后续可按数据库规范继续细化。"
"P1++","工艺引擎增强预留域","pro_outsource_operation_rule","委外工序规则表","3","operation_id","工序ID","bigint","20","","Y","","","N","Y","pro_routing_operation.operation_id","","新增表基础字段定义，后续可按数据库规范继续细化。"
"P1++","工艺引擎增强预留域","pro_outsource_operation_rule","委外工序规则表","4","supplier_id","供应商ID","bigint","20","","N","","","N","Y","pro_supplier_master.supplier_id","","新增表基础字段定义，后续可按数据库规范继续细化。"
"P1++","工艺引擎增强预留域","pro_outsource_operation_rule","委外工序规则表","5","outsource_type","委外类型","varchar","32","","N","","mes_outsource_type","N","N","","","新增表基础字段定义，后续可按数据库规范继续细化。"
"P1++","工艺引擎增强预留域","pro_outsource_operation_rule","委外工序规则表","6","quality_requirement","质量要求","varchar","1000","","Y","","","N","N","","","新增表基础字段定义，后续可按数据库规范继续细化。"
"P1++","工艺引擎增强预留域","pro_outsource_operation_rule","委外工序规则表","7","receipt_check_required_flag","是否需要回厂检验","char","1","","N","Y","sys_yes_no","N","N","","","新增表基础字段定义，后续可按数据库规范继续细化。"
"P1++","工艺引擎增强预留域","pro_outsource_operation_rule","委外工序规则表","8","insp_plan_id","检验方案ID","bigint","20","","Y","","","N","Y","pro_inspection_plan.insp_plan_id","","新增表基础字段定义，后续可按数据库规范继续细化。"
"P1++","工艺引擎增强预留域","pro_outsource_operation_rule","委外工序规则表","9","rule_status","规则状态","varchar","32","","N","","status_common","N","N","","","新增表基础字段定义，后续可按数据库规范继续细化。"
"P1++","工艺引擎增强预留域","pro_outsource_operation_rule","委外工序规则表","10","create_by","创建人","varchar","64","","Y","","","N","N","","N","记录创建人。"
"P1++","工艺引擎增强预留域","pro_outsource_operation_rule","委外工序规则表","11","create_time","创建时间","timestamp","","","N","","","N","N","","N","记录创建时间。 PostgreSQL适配：由 datetime 调整为 timestamp。"
"P1++","工艺引擎增强预留域","pro_outsource_operation_rule","委外工序规则表","12","update_by","更新人","varchar","64","","Y","","","N","N","","N","记录最后更新人。"
"P1++","工艺引擎增强预留域","pro_outsource_operation_rule","委外工序规则表","13","update_time","更新时间","timestamp","","","Y","","","N","N","","N","记录最后更新时间。 PostgreSQL适配：由 datetime 调整为 timestamp。"
"P1++","工艺引擎增强预留域","pro_outsource_operation_rule","委外工序规则表","14","del_flag","逻辑删除标识","char","1","","N","0","sys_del_flag","N","N","","N","逻辑删除标识，0表示正常，1表示删除。"
"P1++","工艺引擎增强预留域","pro_outsource_operation_rule","委外工序规则表","15","remark","备注","varchar","500","","Y","","","N","N","","N","补充说明。"
"P1++","工艺引擎增强预留域","pro_ecn_order","工程变更通知单表","1","ecn_id","ECN ID","bigint","20","","N","","","Y","N","","N","主键，建议使用雪花ID或数据库统一ID生成策略。"
"P1++","工艺引擎增强预留域","pro_ecn_order","工程变更通知单表","2","ecn_no","ECN单号","varchar","64","","N","","","N","N","","Y","新增表基础字段定义，后续可按数据库规范继续细化。"
"P1++","工艺引擎增强预留域","pro_ecn_order","工程变更通知单表","3","ecn_title","ECN标题","varchar","200","","N","","","N","N","","","新增表基础字段定义，后续可按数据库规范继续细化。"
"P1++","工艺引擎增强预留域","pro_ecn_order","工程变更通知单表","4","ecn_type","ECN类型","varchar","32","","N","","mes_ecn_type","N","N","","","新增表基础字段定义，后续可按数据库规范继续细化。"
"P1++","工艺引擎增强预留域","pro_ecn_order","工程变更通知单表","5","ecn_source","ECN来源","varchar","32","","N","","mes_ecn_source","N","N","","","新增表基础字段定义，后续可按数据库规范继续细化。"
"P1++","工艺引擎增强预留域","pro_ecn_order","工程变更通知单表","6","change_reason","变更原因","varchar","1000","","Y","","","N","N","","","新增表基础字段定义，后续可按数据库规范继续细化。"
"P1++","工艺引擎增强预留域","pro_ecn_order","工程变更通知单表","7","risk_level","风险等级","varchar","32","","Y","","mes_risk_level","N","N","","","新增表基础字段定义，后续可按数据库规范继续细化。"
"P1++","工艺引擎增强预留域","pro_ecn_order","工程变更通知单表","8","request_person_id","申请人ID","bigint","20","","Y","","","N","Y","pro_person_master.person_id","","新增表基础字段定义，后续可按数据库规范继续细化。"
"P1++","工艺引擎增强预留域","pro_ecn_order","工程变更通知单表","9","request_time","申请时间","timestamp","","","Y","","","N","N","","","新增表基础字段定义，后续可按数据库规范继续细化。 PostgreSQL适配：由 datetime 调整为 timestamp。"
"P1++","工艺引擎增强预留域","pro_ecn_order","工程变更通知单表","10","approval_status","审批状态","varchar","32","","N","","mes_approval_status","N","N","","","新增表基础字段定义，后续可按数据库规范继续细化。"
"P1++","工艺引擎增强预留域","pro_ecn_order","工程变更通知单表","11","ecn_status","ECN状态","varchar","32","","N","","mes_ecn_status","N","N","","","新增表基础字段定义，后续可按数据库规范继续细化。"
"P1++","工艺引擎增强预留域","pro_ecn_order","工程变更通知单表","12","effective_strategy","生效策略","varchar","32","","N","","mes_ecn_effective_strategy","N","N","","","新增表基础字段定义，后续可按数据库规范继续细化。"
"P1++","工艺引擎增强预留域","pro_ecn_order","工程变更通知单表","13","effective_time","生效时间","timestamp","","","Y","","","N","N","","","新增表基础字段定义，后续可按数据库规范继续细化。 PostgreSQL适配：由 datetime 调整为 timestamp。"
"P1++","工艺引擎增强预留域","pro_ecn_order","工程变更通知单表","14","create_by","创建人","varchar","64","","Y","","","N","N","","N","记录创建人。"
"P1++","工艺引擎增强预留域","pro_ecn_order","工程变更通知单表","15","create_time","创建时间","timestamp","","","N","","","N","N","","N","记录创建时间。 PostgreSQL适配：由 datetime 调整为 timestamp。"
"P1++","工艺引擎增强预留域","pro_ecn_order","工程变更通知单表","16","update_by","更新人","varchar","64","","Y","","","N","N","","N","记录最后更新人。"
"P1++","工艺引擎增强预留域","pro_ecn_order","工程变更通知单表","17","update_time","更新时间","timestamp","","","Y","","","N","N","","N","记录最后更新时间。 PostgreSQL适配：由 datetime 调整为 timestamp。"
"P1++","工艺引擎增强预留域","pro_ecn_order","工程变更通知单表","18","del_flag","逻辑删除标识","char","1","","N","0","sys_del_flag","N","N","","N","逻辑删除标识，0表示正常，1表示删除。"
"P1++","工艺引擎增强预留域","pro_ecn_order","工程变更通知单表","19","remark","备注","varchar","500","","Y","","","N","N","","N","补充说明。"
"P1++","工艺引擎增强预留域","pro_ecn_affected_object","ECN影响对象表","1","ecn_object_id","ECN影响对象ID","bigint","20","","N","","","Y","N","","N","主键，建议使用雪花ID或数据库统一ID生成策略。"
"P1++","工艺引擎增强预留域","pro_ecn_affected_object","ECN影响对象表","2","ecn_id","ECN ID","bigint","20","","N","","","N","Y","pro_ecn_order.ecn_id","","新增表基础字段定义，后续可按数据库规范继续细化。"
"P1++","工艺引擎增强预留域","pro_ecn_affected_object","ECN影响对象表","3","object_type","影响对象类型","varchar","64","","N","","mes_ecn_object_type","N","N","","","新增表基础字段定义，后续可按数据库规范继续细化。"
"P1++","工艺引擎增强预留域","pro_ecn_affected_object","ECN影响对象表","4","object_id","影响对象ID","bigint","20","","Y","","","N","N","","","新增表基础字段定义，后续可按数据库规范继续细化。"
"P1++","工艺引擎增强预留域","pro_ecn_affected_object","ECN影响对象表","5","object_code","影响对象编码","varchar","128","","Y","","","N","N","","","新增表基础字段定义，后续可按数据库规范继续细化。"
"P1++","工艺引擎增强预留域","pro_ecn_affected_object","ECN影响对象表","6","object_name","影响对象名称","varchar","200","","Y","","","N","N","","","新增表基础字段定义，后续可按数据库规范继续细化。"
"P1++","工艺引擎增强预留域","pro_ecn_affected_object","ECN影响对象表","7","impact_type","影响类型","varchar","32","","N","","mes_ecn_impact_type","N","N","","","新增表基础字段定义，后续可按数据库规范继续细化。"
"P1++","工艺引擎增强预留域","pro_ecn_affected_object","ECN影响对象表","8","impact_level","影响等级","varchar","32","","Y","","mes_impact_level","N","N","","","新增表基础字段定义，后续可按数据库规范继续细化。"
"P1++","工艺引擎增强预留域","pro_ecn_affected_object","ECN影响对象表","9","current_version","当前版本","varchar","64","","Y","","","N","N","","","新增表基础字段定义，后续可按数据库规范继续细化。"
"P1++","工艺引擎增强预留域","pro_ecn_affected_object","ECN影响对象表","10","target_version","目标版本","varchar","64","","Y","","","N","N","","","新增表基础字段定义，后续可按数据库规范继续细化。"
"P1++","工艺引擎增强预留域","pro_ecn_affected_object","ECN影响对象表","11","hold_required_flag","是否需要暂停","char","1","","N","N","sys_yes_no","N","N","","","新增表基础字段定义，后续可按数据库规范继续细化。"
"P1++","工艺引擎增强预留域","pro_ecn_affected_object","ECN影响对象表","12","create_by","创建人","varchar","64","","Y","","","N","N","","N","记录创建人。"
"P1++","工艺引擎增强预留域","pro_ecn_affected_object","ECN影响对象表","13","create_time","创建时间","timestamp","","","N","","","N","N","","N","记录创建时间。 PostgreSQL适配：由 datetime 调整为 timestamp。"
"P1++","工艺引擎增强预留域","pro_ecn_affected_object","ECN影响对象表","14","update_by","更新人","varchar","64","","Y","","","N","N","","N","记录最后更新人。"
"P1++","工艺引擎增强预留域","pro_ecn_affected_object","ECN影响对象表","15","update_time","更新时间","timestamp","","","Y","","","N","N","","N","记录最后更新时间。 PostgreSQL适配：由 datetime 调整为 timestamp。"
"P1++","工艺引擎增强预留域","pro_ecn_affected_object","ECN影响对象表","16","del_flag","逻辑删除标识","char","1","","N","0","sys_del_flag","N","N","","N","逻辑删除标识，0表示正常，1表示删除。"
"P1++","工艺引擎增强预留域","pro_ecn_affected_object","ECN影响对象表","17","remark","备注","varchar","500","","Y","","","N","N","","N","补充说明。"
"P1++","工艺引擎增强预留域","pro_mbr_version_diff","MBR版本差异对比表","1","version_diff_id","MBR版本差异ID","bigint","20","","N","","","Y","N","","N","主键，建议使用雪花ID或数据库统一ID生成策略。"
"P1++","工艺引擎增强预留域","pro_mbr_version_diff","MBR版本差异对比表","2","old_mbr_version_id","旧MBR版本ID","bigint","20","","N","","","N","Y","pro_mbr_version.mbr_version_id","","新增表基础字段定义，后续可按数据库规范继续细化。"
"P1++","工艺引擎增强预留域","pro_mbr_version_diff","MBR版本差异对比表","3","new_mbr_version_id","新MBR版本ID","bigint","20","","N","","","N","Y","pro_mbr_version.mbr_version_id","","新增表基础字段定义，后续可按数据库规范继续细化。"
"P1++","工艺引擎增强预留域","pro_mbr_version_diff","MBR版本差异对比表","4","ecn_id","ECN ID","bigint","20","","Y","","","N","Y","pro_ecn_order.ecn_id","","新增表基础字段定义，后续可按数据库规范继续细化。"
"P1++","工艺引擎增强预留域","pro_mbr_version_diff","MBR版本差异对比表","5","diff_object_type","差异对象类型","varchar","64","","N","","mes_mbr_diff_object_type","N","N","","","新增表基础字段定义，后续可按数据库规范继续细化。"
"P1++","工艺引擎增强预留域","pro_mbr_version_diff","MBR版本差异对比表","6","diff_object_id","差异对象ID","bigint","20","","Y","","","N","N","","","新增表基础字段定义，后续可按数据库规范继续细化。"
"P1++","工艺引擎增强预留域","pro_mbr_version_diff","MBR版本差异对比表","7","diff_type","差异类型","varchar","32","","N","","mes_diff_type","N","N","","","新增表基础字段定义，后续可按数据库规范继续细化。"
"P1++","工艺引擎增强预留域","pro_mbr_version_diff","MBR版本差异对比表","8","field_name_ref","差异字段名","varchar","128","","Y","","","N","N","","","新增表基础字段定义，后续可按数据库规范继续细化。"
"P1++","工艺引擎增强预留域","pro_mbr_version_diff","MBR版本差异对比表","9","old_value","旧值","text","","","Y","","","N","N","","","新增表基础字段定义，后续可按数据库规范继续细化。"
"P1++","工艺引擎增强预留域","pro_mbr_version_diff","MBR版本差异对比表","10","new_value","新值","text","","","Y","","","N","N","","","新增表基础字段定义，后续可按数据库规范继续细化。"
"P1++","工艺引擎增强预留域","pro_mbr_version_diff","MBR版本差异对比表","11","diff_summary","差异摘要","varchar","1000","","Y","","","N","N","","","新增表基础字段定义，后续可按数据库规范继续细化。"
"P1++","工艺引擎增强预留域","pro_mbr_version_diff","MBR版本差异对比表","12","create_by","创建人","varchar","64","","Y","","","N","N","","N","记录创建人。"
"P1++","工艺引擎增强预留域","pro_mbr_version_diff","MBR版本差异对比表","13","create_time","创建时间","timestamp","","","N","","","N","N","","N","记录创建时间。 PostgreSQL适配：由 datetime 调整为 timestamp。"
"P1++","工艺引擎增强预留域","pro_mbr_version_diff","MBR版本差异对比表","14","update_by","更新人","varchar","64","","Y","","","N","N","","N","记录最后更新人。"
"P1++","工艺引擎增强预留域","pro_mbr_version_diff","MBR版本差异对比表","15","update_time","更新时间","timestamp","","","Y","","","N","N","","N","记录最后更新时间。 PostgreSQL适配：由 datetime 调整为 timestamp。"
"P1++","工艺引擎增强预留域","pro_mbr_version_diff","MBR版本差异对比表","16","del_flag","逻辑删除标识","char","1","","N","0","sys_del_flag","N","N","","N","逻辑删除标识，0表示正常，1表示删除。"
"P1++","工艺引擎增强预留域","pro_mbr_version_diff","MBR版本差异对比表","17","remark","备注","varchar","500","","Y","","","N","N","","N","补充说明。"
"P0+++","数据采集与ThingsBoard最小闭环","pro_scada_system","SCADA系统定义表","1","scada_system_id","SCADA系统ID","bigint","20","","N","","","Y","N","","N","主键，建议使用雪花ID或数据库统一ID生成策略。"
"P0+++","数据采集与ThingsBoard最小闭环","pro_scada_system","SCADA系统定义表","2","system_code","系统编码","varchar","64","","N","","","N","N","","Y","新增表基础字段定义，后续可按数据库规范继续细化。"
"P0+++","数据采集与ThingsBoard最小闭环","pro_scada_system","SCADA系统定义表","3","system_name","系统名称","varchar","128","","N","","","N","N","","","新增表基础字段定义，后续可按数据库规范继续细化。"
"P0+++","数据采集与ThingsBoard最小闭环","pro_scada_system","SCADA系统定义表","4","system_type","系统类型","varchar","32","","N","","mes_scada_system_type","N","N","","","新增表基础字段定义，后续可按数据库规范继续细化。"
"P0+++","数据采集与ThingsBoard最小闭环","pro_scada_system","SCADA系统定义表","5","base_url","访问地址","varchar","500","","Y","","","N","N","","","新增表基础字段定义，后续可按数据库规范继续细化。"
"P0+++","数据采集与ThingsBoard最小闭环","pro_scada_system","SCADA系统定义表","6","auth_type","认证方式","varchar","32","","N","","mes_auth_type","N","N","","","新增表基础字段定义，后续可按数据库规范继续细化。"
"P0+++","数据采集与ThingsBoard最小闭环","pro_scada_system","SCADA系统定义表","7","tenant_code","租户编码","varchar","128","","Y","","","N","N","","","新增表基础字段定义，后续可按数据库规范继续细化。"
"P0+++","数据采集与ThingsBoard最小闭环","pro_scada_system","SCADA系统定义表","8","connection_status","连接状态","varchar","32","","N","","mes_connection_status","N","N","","","新增表基础字段定义，后续可按数据库规范继续细化。"
"P0+++","数据采集与ThingsBoard最小闭环","pro_scada_system","SCADA系统定义表","9","last_check_time","最后检查时间","timestamp","","","Y","","","N","N","","","新增表基础字段定义，后续可按数据库规范继续细化。 PostgreSQL适配：由 datetime 调整为 timestamp。"
"P0+++","数据采集与ThingsBoard最小闭环","pro_scada_system","SCADA系统定义表","10","status","状态","varchar","32","","N","","status_common","N","N","","","新增表基础字段定义，后续可按数据库规范继续细化。"
"P0+++","数据采集与ThingsBoard最小闭环","pro_scada_system","SCADA系统定义表","11","create_by","创建人","varchar","64","","Y","","","N","N","","N","记录创建人。"
"P0+++","数据采集与ThingsBoard最小闭环","pro_scada_system","SCADA系统定义表","12","create_time","创建时间","timestamp","","","N","","","N","N","","N","记录创建时间。 PostgreSQL适配：由 datetime 调整为 timestamp。"
"P0+++","数据采集与ThingsBoard最小闭环","pro_scada_system","SCADA系统定义表","13","update_by","更新人","varchar","64","","Y","","","N","N","","N","记录最后更新人。"
"P0+++","数据采集与ThingsBoard最小闭环","pro_scada_system","SCADA系统定义表","14","update_time","更新时间","timestamp","","","Y","","","N","N","","N","记录最后更新时间。 PostgreSQL适配：由 datetime 调整为 timestamp。"
"P0+++","数据采集与ThingsBoard最小闭环","pro_scada_system","SCADA系统定义表","15","del_flag","逻辑删除标识","char","1","","N","0","sys_del_flag","N","N","","N","逻辑删除标识，0表示正常，1表示删除。"
"P0+++","数据采集与ThingsBoard最小闭环","pro_scada_system","SCADA系统定义表","16","remark","备注","varchar","500","","Y","","","N","N","","N","补充说明。"
"P0+++","数据采集与ThingsBoard最小闭环","pro_scada_device_ref","SCADA设备参考表","1","scada_device_ref_id","SCADA设备参考ID","bigint","20","","N","","","Y","N","","N","主键，建议使用雪花ID或数据库统一ID生成策略。"
"P0+++","数据采集与ThingsBoard最小闭环","pro_scada_device_ref","SCADA设备参考表","2","scada_system_id","SCADA系统ID","bigint","20","","N","","","N","Y","pro_scada_system.scada_system_id","","新增表基础字段定义，后续可按数据库规范继续细化。"
"P0+++","数据采集与ThingsBoard最小闭环","pro_scada_device_ref","SCADA设备参考表","3","scada_device_id","SCADA设备ID","varchar","128","","N","","","N","N","","","新增表基础字段定义，后续可按数据库规范继续细化。"
"P0+++","数据采集与ThingsBoard最小闭环","pro_scada_device_ref","SCADA设备参考表","4","device_name","SCADA设备名称","varchar","128","","N","","","N","N","","","新增表基础字段定义，后续可按数据库规范继续细化。"
"P0+++","数据采集与ThingsBoard最小闭环","pro_scada_device_ref","SCADA设备参考表","5","device_type","SCADA设备类型","varchar","64","","Y","","mes_scada_device_type","N","N","","","新增表基础字段定义，后续可按数据库规范继续细化。"
"P0+++","数据采集与ThingsBoard最小闭环","pro_scada_device_ref","SCADA设备参考表","6","access_token","访问令牌","varchar","256","","Y","","","N","N","","","新增表基础字段定义，后续可按数据库规范继续细化。"
"P0+++","数据采集与ThingsBoard最小闭环","pro_scada_device_ref","SCADA设备参考表","7","sync_status","同步状态","varchar","32","","N","","mes_sync_status","N","N","","","新增表基础字段定义，后续可按数据库规范继续细化。"
"P0+++","数据采集与ThingsBoard最小闭环","pro_scada_device_ref","SCADA设备参考表","8","last_sync_time","最后同步时间","timestamp","","","Y","","","N","N","","","新增表基础字段定义，后续可按数据库规范继续细化。 PostgreSQL适配：由 datetime 调整为 timestamp。"
"P0+++","数据采集与ThingsBoard最小闭环","pro_scada_device_ref","SCADA设备参考表","9","active_flag","是否启用","char","1","","N","Y","sys_yes_no","N","N","","","新增表基础字段定义，后续可按数据库规范继续细化。"
"P0+++","数据采集与ThingsBoard最小闭环","pro_scada_device_ref","SCADA设备参考表","10","create_by","创建人","varchar","64","","Y","","","N","N","","N","记录创建人。"
"P0+++","数据采集与ThingsBoard最小闭环","pro_scada_device_ref","SCADA设备参考表","11","create_time","创建时间","timestamp","","","N","","","N","N","","N","记录创建时间。 PostgreSQL适配：由 datetime 调整为 timestamp。"
"P0+++","数据采集与ThingsBoard最小闭环","pro_scada_device_ref","SCADA设备参考表","12","update_by","更新人","varchar","64","","Y","","","N","N","","N","记录最后更新人。"
"P0+++","数据采集与ThingsBoard最小闭环","pro_scada_device_ref","SCADA设备参考表","13","update_time","更新时间","timestamp","","","Y","","","N","N","","N","记录最后更新时间。 PostgreSQL适配：由 datetime 调整为 timestamp。"
"P0+++","数据采集与ThingsBoard最小闭环","pro_scada_device_ref","SCADA设备参考表","14","del_flag","逻辑删除标识","char","1","","N","0","sys_del_flag","N","N","","N","逻辑删除标识，0表示正常，1表示删除。"
"P0+++","数据采集与ThingsBoard最小闭环","pro_scada_device_ref","SCADA设备参考表","15","remark","备注","varchar","500","","Y","","","N","N","","N","补充说明。"
"P0+++","数据采集与ThingsBoard最小闭环","pro_equipment_scada_map","MES设备SCADA映射表","1","equipment_scada_map_id","MES设备SCADA映射ID","bigint","20","","N","","","Y","N","","N","主键，建议使用雪花ID或数据库统一ID生成策略。"
"P0+++","数据采集与ThingsBoard最小闭环","pro_equipment_scada_map","MES设备SCADA映射表","2","equipment_id","MES设备ID","bigint","20","","N","","","N","Y","pro_equipment_master.equipment_id","","新增表基础字段定义，后续可按数据库规范继续细化。"
"P0+++","数据采集与ThingsBoard最小闭环","pro_equipment_scada_map","MES设备SCADA映射表","3","scada_device_ref_id","SCADA设备参考ID","bigint","20","","N","","","N","Y","pro_scada_device_ref.scada_device_ref_id","","新增表基础字段定义，后续可按数据库规范继续细化。"
"P0+++","数据采集与ThingsBoard最小闭环","pro_equipment_scada_map","MES设备SCADA映射表","4","map_type","映射类型","varchar","32","","N","","mes_equipment_scada_map_type","N","N","","","新增表基础字段定义，后续可按数据库规范继续细化。"
"P0+++","数据采集与ThingsBoard最小闭环","pro_equipment_scada_map","MES设备SCADA映射表","5","primary_flag","是否主映射","char","1","","N","Y","sys_yes_no","N","N","","","新增表基础字段定义，后续可按数据库规范继续细化。"
"P0+++","数据采集与ThingsBoard最小闭环","pro_equipment_scada_map","MES设备SCADA映射表","6","effective_from","生效开始时间","timestamp","","","Y","","","N","N","","","新增表基础字段定义，后续可按数据库规范继续细化。 PostgreSQL适配：由 datetime 调整为 timestamp。"
"P0+++","数据采集与ThingsBoard最小闭环","pro_equipment_scada_map","MES设备SCADA映射表","7","effective_to","生效结束时间","timestamp","","","Y","","","N","N","","","新增表基础字段定义，后续可按数据库规范继续细化。 PostgreSQL适配：由 datetime 调整为 timestamp。"
"P0+++","数据采集与ThingsBoard最小闭环","pro_equipment_scada_map","MES设备SCADA映射表","8","map_status","映射状态","varchar","32","","N","","status_common","N","N","","","新增表基础字段定义，后续可按数据库规范继续细化。"
"P0+++","数据采集与ThingsBoard最小闭环","pro_equipment_scada_map","MES设备SCADA映射表","9","create_by","创建人","varchar","64","","Y","","","N","N","","N","记录创建人。"
"P0+++","数据采集与ThingsBoard最小闭环","pro_equipment_scada_map","MES设备SCADA映射表","10","create_time","创建时间","timestamp","","","N","","","N","N","","N","记录创建时间。 PostgreSQL适配：由 datetime 调整为 timestamp。"
"P0+++","数据采集与ThingsBoard最小闭环","pro_equipment_scada_map","MES设备SCADA映射表","11","update_by","更新人","varchar","64","","Y","","","N","N","","N","记录最后更新人。"
"P0+++","数据采集与ThingsBoard最小闭环","pro_equipment_scada_map","MES设备SCADA映射表","12","update_time","更新时间","timestamp","","","Y","","","N","N","","N","记录最后更新时间。 PostgreSQL适配：由 datetime 调整为 timestamp。"
"P0+++","数据采集与ThingsBoard最小闭环","pro_equipment_scada_map","MES设备SCADA映射表","13","del_flag","逻辑删除标识","char","1","","N","0","sys_del_flag","N","N","","N","逻辑删除标识，0表示正常，1表示删除。"
"P0+++","数据采集与ThingsBoard最小闭环","pro_equipment_scada_map","MES设备SCADA映射表","14","remark","备注","varchar","500","","Y","","","N","N","","N","补充说明。"
"P0+++","数据采集与ThingsBoard最小闭环","pro_scada_point","SCADA采集点位表","1","scada_point_id","SCADA采集点位ID","bigint","20","","N","","","Y","N","","N","主键，建议使用雪花ID或数据库统一ID生成策略。"
"P0+++","数据采集与ThingsBoard最小闭环","pro_scada_point","SCADA采集点位表","2","scada_device_ref_id","SCADA设备参考ID","bigint","20","","N","","","N","Y","pro_scada_device_ref.scada_device_ref_id","","新增表基础字段定义，后续可按数据库规范继续细化。"
"P0+++","数据采集与ThingsBoard最小闭环","pro_scada_point","SCADA采集点位表","3","point_code","点位编码","varchar","64","","N","","","N","N","","","新增表基础字段定义，后续可按数据库规范继续细化。"
"P0+++","数据采集与ThingsBoard最小闭环","pro_scada_point","SCADA采集点位表","4","telemetry_key","遥测键名","varchar","128","","N","","","N","N","","","新增表基础字段定义，后续可按数据库规范继续细化。"
"P0+++","数据采集与ThingsBoard最小闭环","pro_scada_point","SCADA采集点位表","5","point_name","点位名称","varchar","128","","N","","","N","N","","","新增表基础字段定义，后续可按数据库规范继续细化。"
"P0+++","数据采集与ThingsBoard最小闭环","pro_scada_point","SCADA采集点位表","6","point_type","点位类型","varchar","32","","N","","mes_scada_point_type","N","N","","","新增表基础字段定义，后续可按数据库规范继续细化。"
"P0+++","数据采集与ThingsBoard最小闭环","pro_scada_point","SCADA采集点位表","7","data_type_code","数据类型","varchar","32","","N","","mes_data_type","N","N","","","新增表基础字段定义，后续可按数据库规范继续细化。"
"P0+++","数据采集与ThingsBoard最小闭环","pro_scada_point","SCADA采集点位表","8","uom","单位","varchar","16","","Y","","mes_uom","N","N","","","新增表基础字段定义，后续可按数据库规范继续细化。"
"P0+++","数据采集与ThingsBoard最小闭环","pro_scada_point","SCADA采集点位表","9","sample_interval_ms","采样间隔毫秒","integer","11","","Y","","","N","N","","","新增表基础字段定义，后续可按数据库规范继续细化。 PostgreSQL适配：由 int 调整为 integer。"
"P0+++","数据采集与ThingsBoard最小闭环","pro_scada_point","SCADA采集点位表","10","upper_limit","上限值","numeric","18","6","Y","","","N","N","","","新增表基础字段定义，后续可按数据库规范继续细化。 PostgreSQL适配：由 decimal 调整为 numeric。"
"P0+++","数据采集与ThingsBoard最小闭环","pro_scada_point","SCADA采集点位表","11","lower_limit","下限值","numeric","18","6","Y","","","N","N","","","新增表基础字段定义，后续可按数据库规范继续细化。 PostgreSQL适配：由 decimal 调整为 numeric。"
"P0+++","数据采集与ThingsBoard最小闭环","pro_scada_point","SCADA采集点位表","12","alarm_enabled_flag","是否启用报警","char","1","","N","N","sys_yes_no","N","N","","","新增表基础字段定义，后续可按数据库规范继续细化。"
"P0+++","数据采集与ThingsBoard最小闭环","pro_scada_point","SCADA采集点位表","13","point_status","点位状态","varchar","32","","N","","status_common","N","N","","","新增表基础字段定义，后续可按数据库规范继续细化。"
"P0+++","数据采集与ThingsBoard最小闭环","pro_scada_point","SCADA采集点位表","14","create_by","创建人","varchar","64","","Y","","","N","N","","N","记录创建人。"
"P0+++","数据采集与ThingsBoard最小闭环","pro_scada_point","SCADA采集点位表","15","create_time","创建时间","timestamp","","","N","","","N","N","","N","记录创建时间。 PostgreSQL适配：由 datetime 调整为 timestamp。"
"P0+++","数据采集与ThingsBoard最小闭环","pro_scada_point","SCADA采集点位表","16","update_by","更新人","varchar","64","","Y","","","N","N","","N","记录最后更新人。"
"P0+++","数据采集与ThingsBoard最小闭环","pro_scada_point","SCADA采集点位表","17","update_time","更新时间","timestamp","","","Y","","","N","N","","N","记录最后更新时间。 PostgreSQL适配：由 datetime 调整为 timestamp。"
"P0+++","数据采集与ThingsBoard最小闭环","pro_scada_point","SCADA采集点位表","18","del_flag","逻辑删除标识","char","1","","N","0","sys_del_flag","N","N","","N","逻辑删除标识，0表示正常，1表示删除。"
"P0+++","数据采集与ThingsBoard最小闭环","pro_scada_point","SCADA采集点位表","19","remark","备注","varchar","500","","Y","","","N","N","","N","补充说明。"
"P0+++","数据采集与ThingsBoard最小闭环","pro_operation_data_collect","工序采集结果表","1","collect_id","工序采集结果ID","bigint","20","","N","","","Y","N","","N","主键，建议使用雪花ID或数据库统一ID生成策略。"
"P0+++","数据采集与ThingsBoard最小闭环","pro_operation_data_collect","工序采集结果表","2","collect_no","采集记录编号","varchar","64","","N","","","N","N","","Y","新增表基础字段定义，后续可按数据库规范继续细化。"
"P0+++","数据采集与ThingsBoard最小闭环","pro_operation_data_collect","工序采集结果表","3","prod_order_id","生产工单ID","bigint","20","","Y","","","N","Y","pro_production_order.prod_order_id","","新增表基础字段定义，后续可按数据库规范继续细化。"
"P0+++","数据采集与ThingsBoard最小闭环","pro_operation_data_collect","工序采集结果表","4","order_op_id","工单工序ID","bigint","20","","Y","","","N","Y","pro_order_operation.order_op_id","","新增表基础字段定义，后续可按数据库规范继续细化。"
"P0+++","数据采集与ThingsBoard最小闭环","pro_operation_data_collect","工序采集结果表","5","op_exec_id","工序执行ID","bigint","20","","Y","","","N","Y","pro_operation_execution.op_exec_id","","新增表基础字段定义，后续可按数据库规范继续细化。"
"P0+++","数据采集与ThingsBoard最小闭环","pro_operation_data_collect","工序采集结果表","6","ebr_step_id","EBR步骤记录ID","bigint","20","","Y","","","N","Y","pro_ebr_step_record.ebr_step_id","","新增表基础字段定义，后续可按数据库规范继续细化。"
"P0+++","数据采集与ThingsBoard最小闭环","pro_operation_data_collect","工序采集结果表","7","equipment_id","设备ID","bigint","20","","Y","","","N","Y","pro_equipment_master.equipment_id","","新增表基础字段定义，后续可按数据库规范继续细化。"
"P0+++","数据采集与ThingsBoard最小闭环","pro_operation_data_collect","工序采集结果表","8","scada_point_id","采集点位ID","bigint","20","","Y","","","N","Y","pro_scada_point.scada_point_id","","新增表基础字段定义，后续可按数据库规范继续细化。"
"P0+++","数据采集与ThingsBoard最小闭环","pro_operation_data_collect","工序采集结果表","9","collect_value","采集值","varchar","256","","N","","","N","N","","","新增表基础字段定义，后续可按数据库规范继续细化。"
"P0+++","数据采集与ThingsBoard最小闭环","pro_operation_data_collect","工序采集结果表","10","collect_uom","采集单位","varchar","16","","Y","","mes_uom","N","N","","","新增表基础字段定义，后续可按数据库规范继续细化。"
"P0+++","数据采集与ThingsBoard最小闭环","pro_operation_data_collect","工序采集结果表","11","collect_time","采集时间","timestamp","","","N","","","N","N","","","新增表基础字段定义，后续可按数据库规范继续细化。 PostgreSQL适配：由 datetime 调整为 timestamp。"
"P0+++","数据采集与ThingsBoard最小闭环","pro_operation_data_collect","工序采集结果表","12","data_source_type","数据来源类型","varchar","32","","N","","mes_data_source_type","N","N","","","新增表基础字段定义，后续可按数据库规范继续细化。"
"P0+++","数据采集与ThingsBoard最小闭环","pro_operation_data_collect","工序采集结果表","13","result_judgement","结果判定","varchar","32","","Y","","mes_inspection_result_judgement","N","N","","","新增表基础字段定义，后续可按数据库规范继续细化。"
"P0+++","数据采集与ThingsBoard最小闭环","pro_operation_data_collect","工序采集结果表","14","material_lot_id","物料批次ID","bigint","20","","Y","","","N","Y","pro_material_lot.material_lot_id","","新增表基础字段定义，后续可按数据库规范继续细化。"
"P0+++","数据采集与ThingsBoard最小闭环","pro_operation_data_collect","工序采集结果表","15","exception_id","异常记录ID","bigint","20","","Y","","","N","Y","pro_exception_record.exception_id","","新增表基础字段定义，后续可按数据库规范继续细化。"
"P0+++","数据采集与ThingsBoard最小闭环","pro_operation_data_collect","工序采集结果表","16","raw_data_uri","原始数据链接","varchar","500","","Y","","","N","N","","","新增表基础字段定义，后续可按数据库规范继续细化。"
"P0+++","数据采集与ThingsBoard最小闭环","pro_operation_data_collect","工序采集结果表","17","create_by","创建人","varchar","64","","Y","","","N","N","","N","记录创建人。"
"P0+++","数据采集与ThingsBoard最小闭环","pro_operation_data_collect","工序采集结果表","18","create_time","创建时间","timestamp","","","N","","","N","N","","N","记录创建时间。 PostgreSQL适配：由 datetime 调整为 timestamp。"
"P0+++","数据采集与ThingsBoard最小闭环","pro_operation_data_collect","工序采集结果表","19","update_by","更新人","varchar","64","","Y","","","N","N","","N","记录最后更新人。"
"P0+++","数据采集与ThingsBoard最小闭环","pro_operation_data_collect","工序采集结果表","20","update_time","更新时间","timestamp","","","Y","","","N","N","","N","记录最后更新时间。 PostgreSQL适配：由 datetime 调整为 timestamp。"
"P0+++","数据采集与ThingsBoard最小闭环","pro_operation_data_collect","工序采集结果表","21","del_flag","逻辑删除标识","char","1","","N","0","sys_del_flag","N","N","","N","逻辑删除标识，0表示正常，1表示删除。"
"P0+++","数据采集与ThingsBoard最小闭环","pro_operation_data_collect","工序采集结果表","22","remark","备注","varchar","500","","Y","","","N","N","","N","补充说明。"
"P0+++","数据采集与ThingsBoard最小闭环","pro_weighing_record","投料称量记录表","1","weighing_id","投料称量记录ID","bigint","20","","N","","","Y","N","","N","主键，建议使用雪花ID或数据库统一ID生成策略。"
"P0+++","数据采集与ThingsBoard最小闭环","pro_weighing_record","投料称量记录表","2","weighing_no","称量记录编号","varchar","64","","N","","","N","N","","Y","新增表基础字段定义，后续可按数据库规范继续细化。"
"P0+++","数据采集与ThingsBoard最小闭环","pro_weighing_record","投料称量记录表","3","op_consume_id","投料记录ID","bigint","20","","Y","","","N","Y","pro_operation_consumption.op_consume_id","","新增表基础字段定义，后续可按数据库规范继续细化。"
"P0+++","数据采集与ThingsBoard最小闭环","pro_weighing_record","投料称量记录表","4","order_component_id","工单组件ID","bigint","20","","Y","","","N","Y","pro_order_component.order_component_id","","新增表基础字段定义，后续可按数据库规范继续细化。"
"P0+++","数据采集与ThingsBoard最小闭环","pro_weighing_record","投料称量记录表","5","op_exec_id","工序执行ID","bigint","20","","Y","","","N","Y","pro_operation_execution.op_exec_id","","新增表基础字段定义，后续可按数据库规范继续细化。"
"P0+++","数据采集与ThingsBoard最小闭环","pro_weighing_record","投料称量记录表","6","material_id","物料ID","bigint","20","","N","","","N","Y","pro_material_master.material_id","","新增表基础字段定义，后续可按数据库规范继续细化。"
"P0+++","数据采集与ThingsBoard最小闭环","pro_weighing_record","投料称量记录表","7","material_lot_id","物料批次ID","bigint","20","","Y","","","N","Y","pro_material_lot.material_lot_id","","新增表基础字段定义，后续可按数据库规范继续细化。"
"P0+++","数据采集与ThingsBoard最小闭环","pro_weighing_record","投料称量记录表","8","scale_equipment_id","电子天平设备ID","bigint","20","","N","","","N","Y","pro_equipment_master.equipment_id","","新增表基础字段定义，后续可按数据库规范继续细化。"
"P0+++","数据采集与ThingsBoard最小闭环","pro_weighing_record","投料称量记录表","9","collect_id","采集结果ID","bigint","20","","Y","","","N","Y","pro_operation_data_collect.collect_id","","新增表基础字段定义，后续可按数据库规范继续细化。"
"P0+++","数据采集与ThingsBoard最小闭环","pro_weighing_record","投料称量记录表","10","target_weight","目标重量","numeric","18","6","Y","","","N","N","","","新增表基础字段定义，后续可按数据库规范继续细化。 PostgreSQL适配：由 decimal 调整为 numeric。"
"P0+++","数据采集与ThingsBoard最小闭环","pro_weighing_record","投料称量记录表","11","upper_limit","重量上限","numeric","18","6","Y","","","N","N","","","新增表基础字段定义，后续可按数据库规范继续细化。 PostgreSQL适配：由 decimal 调整为 numeric。"
"P0+++","数据采集与ThingsBoard最小闭环","pro_weighing_record","投料称量记录表","12","lower_limit","重量下限","numeric","18","6","Y","","","N","N","","","新增表基础字段定义，后续可按数据库规范继续细化。 PostgreSQL适配：由 decimal 调整为 numeric。"
"P0+++","数据采集与ThingsBoard最小闭环","pro_weighing_record","投料称量记录表","13","gross_weight","毛重","numeric","18","6","Y","","","N","N","","","新增表基础字段定义，后续可按数据库规范继续细化。 PostgreSQL适配：由 decimal 调整为 numeric。"
"P0+++","数据采集与ThingsBoard最小闭环","pro_weighing_record","投料称量记录表","14","tare_weight","皮重","numeric","18","6","Y","","","N","N","","","新增表基础字段定义，后续可按数据库规范继续细化。 PostgreSQL适配：由 decimal 调整为 numeric。"
"P0+++","数据采集与ThingsBoard最小闭环","pro_weighing_record","投料称量记录表","15","net_weight","净重","numeric","18","6","N","","","N","N","","","新增表基础字段定义，后续可按数据库规范继续细化。 PostgreSQL适配：由 decimal 调整为 numeric。"
"P0+++","数据采集与ThingsBoard最小闭环","pro_weighing_record","投料称量记录表","16","weight_uom","重量单位","varchar","16","","N","","mes_uom","N","N","","","新增表基础字段定义，后续可按数据库规范继续细化。"
"P0+++","数据采集与ThingsBoard最小闭环","pro_weighing_record","投料称量记录表","17","weighing_status","称量状态","varchar","32","","N","","mes_weighing_status","N","N","","","新增表基础字段定义，后续可按数据库规范继续细化。"
"P0+++","数据采集与ThingsBoard最小闭环","pro_weighing_record","投料称量记录表","18","deviation_flag","是否偏差","char","1","","N","N","sys_yes_no","N","N","","","新增表基础字段定义，后续可按数据库规范继续细化。"
"P0+++","数据采集与ThingsBoard最小闭环","pro_weighing_record","投料称量记录表","19","exception_id","异常记录ID","bigint","20","","Y","","","N","Y","pro_exception_record.exception_id","","新增表基础字段定义，后续可按数据库规范继续细化。"
"P0+++","数据采集与ThingsBoard最小闭环","pro_weighing_record","投料称量记录表","20","weigher_id","称量人ID","bigint","20","","Y","","","N","Y","pro_person_master.person_id","","新增表基础字段定义，后续可按数据库规范继续细化。"
"P0+++","数据采集与ThingsBoard最小闭环","pro_weighing_record","投料称量记录表","21","reviewer_id","复核人ID","bigint","20","","Y","","","N","Y","pro_person_master.person_id","","新增表基础字段定义，后续可按数据库规范继续细化。"
"P0+++","数据采集与ThingsBoard最小闭环","pro_weighing_record","投料称量记录表","22","weighing_time","称量时间","timestamp","","","N","","","N","N","","","新增表基础字段定义，后续可按数据库规范继续细化。 PostgreSQL适配：由 datetime 调整为 timestamp。"
"P0+++","数据采集与ThingsBoard最小闭环","pro_weighing_record","投料称量记录表","23","review_time","复核时间","timestamp","","","Y","","","N","N","","","新增表基础字段定义，后续可按数据库规范继续细化。 PostgreSQL适配：由 datetime 调整为 timestamp。"
"P0+++","数据采集与ThingsBoard最小闭环","pro_weighing_record","投料称量记录表","24","create_by","创建人","varchar","64","","Y","","","N","N","","N","记录创建人。"
"P0+++","数据采集与ThingsBoard最小闭环","pro_weighing_record","投料称量记录表","25","create_time","创建时间","timestamp","","","N","","","N","N","","N","记录创建时间。 PostgreSQL适配：由 datetime 调整为 timestamp。"
"P0+++","数据采集与ThingsBoard最小闭环","pro_weighing_record","投料称量记录表","26","update_by","更新人","varchar","64","","Y","","","N","N","","N","记录最后更新人。"
"P0+++","数据采集与ThingsBoard最小闭环","pro_weighing_record","投料称量记录表","27","update_time","更新时间","timestamp","","","Y","","","N","N","","N","记录最后更新时间。 PostgreSQL适配：由 datetime 调整为 timestamp。"
"P0+++","数据采集与ThingsBoard最小闭环","pro_weighing_record","投料称量记录表","28","del_flag","逻辑删除标识","char","1","","N","0","sys_del_flag","N","N","","N","逻辑删除标识，0表示正常，1表示删除。"
"P0+++","数据采集与ThingsBoard最小闭环","pro_weighing_record","投料称量记录表","29","remark","备注","varchar","500","","Y","","","N","N","","N","补充说明。"
"P0+++","数据采集与ThingsBoard最小闭环","pro_process_monitor_session","过程监控会话表","1","monitor_session_id","过程监控会话ID","bigint","20","","N","","","Y","N","","N","主键，建议使用雪花ID或数据库统一ID生成策略。"
"P0+++","数据采集与ThingsBoard最小闭环","pro_process_monitor_session","过程监控会话表","2","session_no","监控会话编号","varchar","64","","N","","","N","N","","Y","新增表基础字段定义，后续可按数据库规范继续细化。"
"P0+++","数据采集与ThingsBoard最小闭环","pro_process_monitor_session","过程监控会话表","3","session_type","监控会话类型","varchar","32","","N","","mes_monitor_session_type","N","N","","","新增表基础字段定义，后续可按数据库规范继续细化。"
"P0+++","数据采集与ThingsBoard最小闭环","pro_process_monitor_session","过程监控会话表","4","prod_order_id","生产工单ID","bigint","20","","Y","","","N","Y","pro_production_order.prod_order_id","","新增表基础字段定义，后续可按数据库规范继续细化。"
"P0+++","数据采集与ThingsBoard最小闭环","pro_process_monitor_session","过程监控会话表","5","order_op_id","工单工序ID","bigint","20","","Y","","","N","Y","pro_order_operation.order_op_id","","新增表基础字段定义，后续可按数据库规范继续细化。"
"P0+++","数据采集与ThingsBoard最小闭环","pro_process_monitor_session","过程监控会话表","6","op_exec_id","工序执行ID","bigint","20","","Y","","","N","Y","pro_operation_execution.op_exec_id","","新增表基础字段定义，后续可按数据库规范继续细化。"
"P0+++","数据采集与ThingsBoard最小闭环","pro_process_monitor_session","过程监控会话表","7","ebr_step_id","EBR步骤记录ID","bigint","20","","Y","","","N","Y","pro_ebr_step_record.ebr_step_id","","新增表基础字段定义，后续可按数据库规范继续细化。"
"P0+++","数据采集与ThingsBoard最小闭环","pro_process_monitor_session","过程监控会话表","8","equipment_id","设备ID","bigint","20","","Y","","","N","Y","pro_equipment_master.equipment_id","","新增表基础字段定义，后续可按数据库规范继续细化。"
"P0+++","数据采集与ThingsBoard最小闭环","pro_process_monitor_session","过程监控会话表","9","material_lot_id","物料批次ID","bigint","20","","Y","","","N","Y","pro_material_lot.material_lot_id","","新增表基础字段定义，后续可按数据库规范继续细化。"
"P0+++","数据采集与ThingsBoard最小闭环","pro_process_monitor_session","过程监控会话表","10","start_time","开始时间","timestamp","","","N","","","N","N","","","新增表基础字段定义，后续可按数据库规范继续细化。 PostgreSQL适配：由 datetime 调整为 timestamp。"
"P0+++","数据采集与ThingsBoard最小闭环","pro_process_monitor_session","过程监控会话表","11","end_time","结束时间","timestamp","","","Y","","","N","N","","","新增表基础字段定义，后续可按数据库规范继续细化。 PostgreSQL适配：由 datetime 调整为 timestamp。"
"P0+++","数据采集与ThingsBoard最小闭环","pro_process_monitor_session","过程监控会话表","12","session_status","会话状态","varchar","32","","N","","mes_monitor_session_status","N","N","","","新增表基础字段定义，后续可按数据库规范继续细化。"
"P0+++","数据采集与ThingsBoard最小闭环","pro_process_monitor_session","过程监控会话表","13","exception_id","异常记录ID","bigint","20","","Y","","","N","Y","pro_exception_record.exception_id","","新增表基础字段定义，后续可按数据库规范继续细化。"
"P0+++","数据采集与ThingsBoard最小闭环","pro_process_monitor_session","过程监控会话表","14","create_by","创建人","varchar","64","","Y","","","N","N","","N","记录创建人。"
"P0+++","数据采集与ThingsBoard最小闭环","pro_process_monitor_session","过程监控会话表","15","create_time","创建时间","timestamp","","","N","","","N","N","","N","记录创建时间。 PostgreSQL适配：由 datetime 调整为 timestamp。"
"P0+++","数据采集与ThingsBoard最小闭环","pro_process_monitor_session","过程监控会话表","16","update_by","更新人","varchar","64","","Y","","","N","N","","N","记录最后更新人。"
"P0+++","数据采集与ThingsBoard最小闭环","pro_process_monitor_session","过程监控会话表","17","update_time","更新时间","timestamp","","","Y","","","N","N","","N","记录最后更新时间。 PostgreSQL适配：由 datetime 调整为 timestamp。"
"P0+++","数据采集与ThingsBoard最小闭环","pro_process_monitor_session","过程监控会话表","18","del_flag","逻辑删除标识","char","1","","N","0","sys_del_flag","N","N","","N","逻辑删除标识，0表示正常，1表示删除。"
"P0+++","数据采集与ThingsBoard最小闭环","pro_process_monitor_session","过程监控会话表","19","remark","备注","varchar","500","","Y","","","N","N","","N","补充说明。"
"P0+++","数据采集与ThingsBoard最小闭环","pro_process_monitor_summary","过程监控摘要表","1","monitor_summary_id","过程监控摘要ID","bigint","20","","N","","","Y","N","","N","主键，建议使用雪花ID或数据库统一ID生成策略。"
"P0+++","数据采集与ThingsBoard最小闭环","pro_process_monitor_summary","过程监控摘要表","2","monitor_session_id","过程监控会话ID","bigint","20","","N","","","N","Y","pro_process_monitor_session.monitor_session_id","","新增表基础字段定义，后续可按数据库规范继续细化。"
"P0+++","数据采集与ThingsBoard最小闭环","pro_process_monitor_summary","过程监控摘要表","3","scada_point_id","采集点位ID","bigint","20","","Y","","","N","Y","pro_scada_point.scada_point_id","","新增表基础字段定义，后续可按数据库规范继续细化。"
"P0+++","数据采集与ThingsBoard最小闭环","pro_process_monitor_summary","过程监控摘要表","4","summary_name","摘要名称","varchar","128","","N","","","N","N","","","新增表基础字段定义，后续可按数据库规范继续细化。"
"P0+++","数据采集与ThingsBoard最小闭环","pro_process_monitor_summary","过程监控摘要表","5","max_value","最大值","numeric","18","6","Y","","","N","N","","","新增表基础字段定义，后续可按数据库规范继续细化。 PostgreSQL适配：由 decimal 调整为 numeric。"
"P0+++","数据采集与ThingsBoard最小闭环","pro_process_monitor_summary","过程监控摘要表","6","min_value","最小值","numeric","18","6","Y","","","N","N","","","新增表基础字段定义，后续可按数据库规范继续细化。 PostgreSQL适配：由 decimal 调整为 numeric。"
"P0+++","数据采集与ThingsBoard最小闭环","pro_process_monitor_summary","过程监控摘要表","7","avg_value","平均值","numeric","18","6","Y","","","N","N","","","新增表基础字段定义，后续可按数据库规范继续细化。 PostgreSQL适配：由 decimal 调整为 numeric。"
"P0+++","数据采集与ThingsBoard最小闭环","pro_process_monitor_summary","过程监控摘要表","8","over_limit_seconds","超限时长秒数","integer","11","","Y","","","N","N","","","新增表基础字段定义，后续可按数据库规范继续细化。 PostgreSQL适配：由 int 调整为 integer。"
"P0+++","数据采集与ThingsBoard最小闭环","pro_process_monitor_summary","过程监控摘要表","9","sample_count","采样数量","integer","11","","Y","","","N","N","","","新增表基础字段定义，后续可按数据库规范继续细化。 PostgreSQL适配：由 int 调整为 integer。"
"P0+++","数据采集与ThingsBoard最小闭环","pro_process_monitor_summary","过程监控摘要表","10","summary_judgement","摘要判定","varchar","32","","N","","mes_summary_judgement","N","N","","","新增表基础字段定义，后续可按数据库规范继续细化。"
"P0+++","数据采集与ThingsBoard最小闭环","pro_process_monitor_summary","过程监控摘要表","11","curve_uri","曲线链接","varchar","500","","Y","","","N","N","","","新增表基础字段定义，后续可按数据库规范继续细化。"
"P0+++","数据采集与ThingsBoard最小闭环","pro_process_monitor_summary","过程监控摘要表","12","ebr_param_id","EBR参数记录ID","bigint","20","","Y","","","N","Y","pro_ebr_param_record.ebr_param_id","","新增表基础字段定义，后续可按数据库规范继续细化。"
"P0+++","数据采集与ThingsBoard最小闭环","pro_process_monitor_summary","过程监控摘要表","13","create_by","创建人","varchar","64","","Y","","","N","N","","N","记录创建人。"
"P0+++","数据采集与ThingsBoard最小闭环","pro_process_monitor_summary","过程监控摘要表","14","create_time","创建时间","timestamp","","","N","","","N","N","","N","记录创建时间。 PostgreSQL适配：由 datetime 调整为 timestamp。"
"P0+++","数据采集与ThingsBoard最小闭环","pro_process_monitor_summary","过程监控摘要表","15","update_by","更新人","varchar","64","","Y","","","N","N","","N","记录最后更新人。"
"P0+++","数据采集与ThingsBoard最小闭环","pro_process_monitor_summary","过程监控摘要表","16","update_time","更新时间","timestamp","","","Y","","","N","N","","N","记录最后更新时间。 PostgreSQL适配：由 datetime 调整为 timestamp。"
"P0+++","数据采集与ThingsBoard最小闭环","pro_process_monitor_summary","过程监控摘要表","17","del_flag","逻辑删除标识","char","1","","N","0","sys_del_flag","N","N","","N","逻辑删除标识，0表示正常，1表示删除。"
"P0+++","数据采集与ThingsBoard最小闭环","pro_process_monitor_summary","过程监控摘要表","18","remark","备注","varchar","500","","Y","","","N","N","","N","补充说明。"
"P0+++","数据采集与ThingsBoard最小闭环","pro_scada_alarm_event","SCADA告警事件表","1","scada_alarm_event_id","SCADA告警事件ID","bigint","20","","N","","","Y","N","","N","主键，建议使用雪花ID或数据库统一ID生成策略。"
"P0+++","数据采集与ThingsBoard最小闭环","pro_scada_alarm_event","SCADA告警事件表","2","alarm_no","告警编号","varchar","64","","N","","","N","N","","Y","新增表基础字段定义，后续可按数据库规范继续细化。"
"P0+++","数据采集与ThingsBoard最小闭环","pro_scada_alarm_event","SCADA告警事件表","3","scada_system_id","SCADA系统ID","bigint","20","","Y","","","N","Y","pro_scada_system.scada_system_id","","新增表基础字段定义，后续可按数据库规范继续细化。"
"P0+++","数据采集与ThingsBoard最小闭环","pro_scada_alarm_event","SCADA告警事件表","4","scada_device_ref_id","SCADA设备参考ID","bigint","20","","Y","","","N","Y","pro_scada_device_ref.scada_device_ref_id","","新增表基础字段定义，后续可按数据库规范继续细化。"
"P0+++","数据采集与ThingsBoard最小闭环","pro_scada_alarm_event","SCADA告警事件表","5","scada_point_id","采集点位ID","bigint","20","","Y","","","N","Y","pro_scada_point.scada_point_id","","新增表基础字段定义，后续可按数据库规范继续细化。"
"P0+++","数据采集与ThingsBoard最小闭环","pro_scada_alarm_event","SCADA告警事件表","6","equipment_id","设备ID","bigint","20","","Y","","","N","Y","pro_equipment_master.equipment_id","","新增表基础字段定义，后续可按数据库规范继续细化。"
"P0+++","数据采集与ThingsBoard最小闭环","pro_scada_alarm_event","SCADA告警事件表","7","prod_order_id","生产工单ID","bigint","20","","Y","","","N","Y","pro_production_order.prod_order_id","","新增表基础字段定义，后续可按数据库规范继续细化。"
"P0+++","数据采集与ThingsBoard最小闭环","pro_scada_alarm_event","SCADA告警事件表","8","order_op_id","工单工序ID","bigint","20","","Y","","","N","Y","pro_order_operation.order_op_id","","新增表基础字段定义，后续可按数据库规范继续细化。"
"P0+++","数据采集与ThingsBoard最小闭环","pro_scada_alarm_event","SCADA告警事件表","9","ebr_step_id","EBR步骤记录ID","bigint","20","","Y","","","N","Y","pro_ebr_step_record.ebr_step_id","","新增表基础字段定义，后续可按数据库规范继续细化。"
"P0+++","数据采集与ThingsBoard最小闭环","pro_scada_alarm_event","SCADA告警事件表","10","alarm_type","告警类型","varchar","32","","N","","mes_scada_alarm_type","N","N","","","新增表基础字段定义，后续可按数据库规范继续细化。"
"P0+++","数据采集与ThingsBoard最小闭环","pro_scada_alarm_event","SCADA告警事件表","11","alarm_level","告警等级","varchar","32","","N","","mes_alarm_level","N","N","","","新增表基础字段定义，后续可按数据库规范继续细化。"
"P0+++","数据采集与ThingsBoard最小闭环","pro_scada_alarm_event","SCADA告警事件表","12","alarm_value","告警值","varchar","128","","Y","","","N","N","","","新增表基础字段定义，后续可按数据库规范继续细化。"
"P0+++","数据采集与ThingsBoard最小闭环","pro_scada_alarm_event","SCADA告警事件表","13","alarm_time","告警时间","timestamp","","","N","","","N","N","","","新增表基础字段定义，后续可按数据库规范继续细化。 PostgreSQL适配：由 datetime 调整为 timestamp。"
"P0+++","数据采集与ThingsBoard最小闭环","pro_scada_alarm_event","SCADA告警事件表","14","alarm_status","告警状态","varchar","32","","N","","mes_alarm_status","N","N","","","新增表基础字段定义，后续可按数据库规范继续细化。"
"P0+++","数据采集与ThingsBoard最小闭环","pro_scada_alarm_event","SCADA告警事件表","15","exception_id","异常记录ID","bigint","20","","Y","","","N","Y","pro_exception_record.exception_id","","新增表基础字段定义，后续可按数据库规范继续细化。"
"P0+++","数据采集与ThingsBoard最小闭环","pro_scada_alarm_event","SCADA告警事件表","16","create_by","创建人","varchar","64","","Y","","","N","N","","N","记录创建人。"
"P0+++","数据采集与ThingsBoard最小闭环","pro_scada_alarm_event","SCADA告警事件表","17","create_time","创建时间","timestamp","","","N","","","N","N","","N","记录创建时间。 PostgreSQL适配：由 datetime 调整为 timestamp。"
"P0+++","数据采集与ThingsBoard最小闭环","pro_scada_alarm_event","SCADA告警事件表","18","update_by","更新人","varchar","64","","Y","","","N","N","","N","记录最后更新人。"
"P0+++","数据采集与ThingsBoard最小闭环","pro_scada_alarm_event","SCADA告警事件表","19","update_time","更新时间","timestamp","","","Y","","","N","N","","N","记录最后更新时间。 PostgreSQL适配：由 datetime 调整为 timestamp。"
"P0+++","数据采集与ThingsBoard最小闭环","pro_scada_alarm_event","SCADA告警事件表","20","del_flag","逻辑删除标识","char","1","","N","0","sys_del_flag","N","N","","N","逻辑删除标识，0表示正常，1表示删除。"
"P0+++","数据采集与ThingsBoard最小闭环","pro_scada_alarm_event","SCADA告警事件表","21","remark","备注","varchar","500","","Y","","","N","N","","N","补充说明。"
"P1+++","IVD核心工艺采集增强域","pro_scale_device_check","电子天平点检校准记录表","1","scale_check_id","电子天平点检校准ID","bigint","20","","N","","","Y","N","","N","主键，建议使用雪花ID或数据库统一ID生成策略。"
"P1+++","IVD核心工艺采集增强域","pro_scale_device_check","电子天平点检校准记录表","2","check_no","点检校准编号","varchar","64","","N","","","N","N","","Y","新增表基础字段定义，后续可按数据库规范继续细化。"
"P1+++","IVD核心工艺采集增强域","pro_scale_device_check","电子天平点检校准记录表","3","scale_equipment_id","电子天平设备ID","bigint","20","","N","","","N","Y","pro_equipment_master.equipment_id","","新增表基础字段定义，后续可按数据库规范继续细化。"
"P1+++","IVD核心工艺采集增强域","pro_scale_device_check","电子天平点检校准记录表","4","check_type","检查类型","varchar","32","","N","","mes_scale_check_type","N","N","","","新增表基础字段定义，后续可按数据库规范继续细化。"
"P1+++","IVD核心工艺采集增强域","pro_scale_device_check","电子天平点检校准记录表","5","standard_weight","标准砝码重量","numeric","18","6","Y","","","N","N","","","新增表基础字段定义，后续可按数据库规范继续细化。 PostgreSQL适配：由 decimal 调整为 numeric。"
"P1+++","IVD核心工艺采集增强域","pro_scale_device_check","电子天平点检校准记录表","6","measured_weight","实测重量","numeric","18","6","Y","","","N","N","","","新增表基础字段定义，后续可按数据库规范继续细化。 PostgreSQL适配：由 decimal 调整为 numeric。"
"P1+++","IVD核心工艺采集增强域","pro_scale_device_check","电子天平点检校准记录表","7","weight_uom","重量单位","varchar","16","","Y","","mes_uom","N","N","","","新增表基础字段定义，后续可按数据库规范继续细化。"
"P1+++","IVD核心工艺采集增强域","pro_scale_device_check","电子天平点检校准记录表","8","check_result","检查结果","varchar","32","","N","","mes_check_result","N","N","","","新增表基础字段定义，后续可按数据库规范继续细化。"
"P1+++","IVD核心工艺采集增强域","pro_scale_device_check","电子天平点检校准记录表","9","valid_to","有效期至","timestamp","","","Y","","","N","N","","","新增表基础字段定义，后续可按数据库规范继续细化。 PostgreSQL适配：由 datetime 调整为 timestamp。"
"P1+++","IVD核心工艺采集增强域","pro_scale_device_check","电子天平点检校准记录表","10","checker_id","检查人ID","bigint","20","","Y","","","N","Y","pro_person_master.person_id","","新增表基础字段定义，后续可按数据库规范继续细化。"
"P1+++","IVD核心工艺采集增强域","pro_scale_device_check","电子天平点检校准记录表","11","reviewer_id","复核人ID","bigint","20","","Y","","","N","Y","pro_person_master.person_id","","新增表基础字段定义，后续可按数据库规范继续细化。"
"P1+++","IVD核心工艺采集增强域","pro_scale_device_check","电子天平点检校准记录表","12","signature_id","电子签名ID","bigint","20","","Y","","","N","Y","pro_e_signature_record.signature_id","","新增表基础字段定义，后续可按数据库规范继续细化。"
"P1+++","IVD核心工艺采集增强域","pro_scale_device_check","电子天平点检校准记录表","13","check_time","检查时间","timestamp","","","N","","","N","N","","","新增表基础字段定义，后续可按数据库规范继续细化。 PostgreSQL适配：由 datetime 调整为 timestamp。"
"P1+++","IVD核心工艺采集增强域","pro_scale_device_check","电子天平点检校准记录表","14","create_by","创建人","varchar","64","","Y","","","N","N","","N","记录创建人。"
"P1+++","IVD核心工艺采集增强域","pro_scale_device_check","电子天平点检校准记录表","15","create_time","创建时间","timestamp","","","N","","","N","N","","N","记录创建时间。 PostgreSQL适配：由 datetime 调整为 timestamp。"
"P1+++","IVD核心工艺采集增强域","pro_scale_device_check","电子天平点检校准记录表","16","update_by","更新人","varchar","64","","Y","","","N","N","","N","记录最后更新人。"
"P1+++","IVD核心工艺采集增强域","pro_scale_device_check","电子天平点检校准记录表","17","update_time","更新时间","timestamp","","","Y","","","N","N","","N","记录最后更新时间。 PostgreSQL适配：由 datetime 调整为 timestamp。"
"P1+++","IVD核心工艺采集增强域","pro_scale_device_check","电子天平点检校准记录表","18","del_flag","逻辑删除标识","char","1","","N","0","sys_del_flag","N","N","","N","逻辑删除标识，0表示正常，1表示删除。"
"P1+++","IVD核心工艺采集增强域","pro_scale_device_check","电子天平点检校准记录表","19","remark","备注","varchar","500","","Y","","","N","N","","N","补充说明。"
"P1+++","IVD核心工艺采集增强域","pro_weighing_audit_log","称量审计日志表","1","weighing_audit_id","称量审计日志ID","bigint","20","","N","","","Y","N","","N","主键，建议使用雪花ID或数据库统一ID生成策略。"
"P1+++","IVD核心工艺采集增强域","pro_weighing_audit_log","称量审计日志表","2","weighing_id","称量记录ID","bigint","20","","N","","","N","Y","pro_weighing_record.weighing_id","","新增表基础字段定义，后续可按数据库规范继续细化。"
"P1+++","IVD核心工艺采集增强域","pro_weighing_audit_log","称量审计日志表","3","audit_action","审计动作","varchar","32","","N","","mes_weighing_audit_action","N","N","","","新增表基础字段定义，后续可按数据库规范继续细化。"
"P1+++","IVD核心工艺采集增强域","pro_weighing_audit_log","称量审计日志表","4","before_value","操作前值","text","","","Y","","","N","N","","","新增表基础字段定义，后续可按数据库规范继续细化。"
"P1+++","IVD核心工艺采集增强域","pro_weighing_audit_log","称量审计日志表","5","after_value","操作后值","text","","","Y","","","N","N","","","新增表基础字段定义，后续可按数据库规范继续细化。"
"P1+++","IVD核心工艺采集增强域","pro_weighing_audit_log","称量审计日志表","6","action_reason","操作原因","varchar","1000","","Y","","","N","N","","","新增表基础字段定义，后续可按数据库规范继续细化。"
"P1+++","IVD核心工艺采集增强域","pro_weighing_audit_log","称量审计日志表","7","operator_id","操作人ID","bigint","20","","Y","","","N","Y","pro_person_master.person_id","","新增表基础字段定义，后续可按数据库规范继续细化。"
"P1+++","IVD核心工艺采集增强域","pro_weighing_audit_log","称量审计日志表","8","signature_id","电子签名ID","bigint","20","","Y","","","N","Y","pro_e_signature_record.signature_id","","新增表基础字段定义，后续可按数据库规范继续细化。"
"P1+++","IVD核心工艺采集增强域","pro_weighing_audit_log","称量审计日志表","9","action_time","操作时间","timestamp","","","N","","","N","N","","","新增表基础字段定义，后续可按数据库规范继续细化。 PostgreSQL适配：由 datetime 调整为 timestamp。"
"P1+++","IVD核心工艺采集增强域","pro_weighing_audit_log","称量审计日志表","10","create_by","创建人","varchar","64","","Y","","","N","N","","N","记录创建人。"
"P1+++","IVD核心工艺采集增强域","pro_weighing_audit_log","称量审计日志表","11","create_time","创建时间","timestamp","","","N","","","N","N","","N","记录创建时间。 PostgreSQL适配：由 datetime 调整为 timestamp。"
"P1+++","IVD核心工艺采集增强域","pro_weighing_audit_log","称量审计日志表","12","update_by","更新人","varchar","64","","Y","","","N","N","","N","记录最后更新人。"
"P1+++","IVD核心工艺采集增强域","pro_weighing_audit_log","称量审计日志表","13","update_time","更新时间","timestamp","","","Y","","","N","N","","N","记录最后更新时间。 PostgreSQL适配：由 datetime 调整为 timestamp。"
"P1+++","IVD核心工艺采集增强域","pro_weighing_audit_log","称量审计日志表","14","del_flag","逻辑删除标识","char","1","","N","0","sys_del_flag","N","N","","N","逻辑删除标识，0表示正常，1表示删除。"
"P1+++","IVD核心工艺采集增强域","pro_weighing_audit_log","称量审计日志表","15","remark","备注","varchar","500","","Y","","","N","N","","N","补充说明。"
"P1+++","IVD核心工艺采集增强域","pro_equipment_state_event","设备状态事件表","1","state_event_id","设备状态事件ID","bigint","20","","N","","","Y","N","","N","主键，建议使用雪花ID或数据库统一ID生成策略。"
"P1+++","IVD核心工艺采集增强域","pro_equipment_state_event","设备状态事件表","2","equipment_id","设备ID","bigint","20","","N","","","N","Y","pro_equipment_master.equipment_id","","新增表基础字段定义，后续可按数据库规范继续细化。"
"P1+++","IVD核心工艺采集增强域","pro_equipment_state_event","设备状态事件表","3","scada_device_ref_id","SCADA设备参考ID","bigint","20","","Y","","","N","Y","pro_scada_device_ref.scada_device_ref_id","","新增表基础字段定义，后续可按数据库规范继续细化。"
"P1+++","IVD核心工艺采集增强域","pro_equipment_state_event","设备状态事件表","4","scada_point_id","采集点位ID","bigint","20","","Y","","","N","Y","pro_scada_point.scada_point_id","","新增表基础字段定义，后续可按数据库规范继续细化。"
"P1+++","IVD核心工艺采集增强域","pro_equipment_state_event","设备状态事件表","5","prod_order_id","生产工单ID","bigint","20","","Y","","","N","Y","pro_production_order.prod_order_id","","新增表基础字段定义，后续可按数据库规范继续细化。"
"P1+++","IVD核心工艺采集增强域","pro_equipment_state_event","设备状态事件表","6","order_op_id","工单工序ID","bigint","20","","Y","","","N","Y","pro_order_operation.order_op_id","","新增表基础字段定义，后续可按数据库规范继续细化。"
"P1+++","IVD核心工艺采集增强域","pro_equipment_state_event","设备状态事件表","7","state_code","设备状态编码","varchar","32","","N","","mes_equipment_state","N","N","","","新增表基础字段定义，后续可按数据库规范继续细化。"
"P1+++","IVD核心工艺采集增强域","pro_equipment_state_event","设备状态事件表","8","state_start_time","状态开始时间","timestamp","","","N","","","N","N","","","新增表基础字段定义，后续可按数据库规范继续细化。 PostgreSQL适配：由 datetime 调整为 timestamp。"
"P1+++","IVD核心工艺采集增强域","pro_equipment_state_event","设备状态事件表","9","state_end_time","状态结束时间","timestamp","","","Y","","","N","N","","","新增表基础字段定义，后续可按数据库规范继续细化。 PostgreSQL适配：由 datetime 调整为 timestamp。"
"P1+++","IVD核心工艺采集增强域","pro_equipment_state_event","设备状态事件表","10","duration_seconds","持续秒数","integer","11","","Y","","","N","N","","","新增表基础字段定义，后续可按数据库规范继续细化。 PostgreSQL适配：由 int 调整为 integer。"
"P1+++","IVD核心工艺采集增强域","pro_equipment_state_event","设备状态事件表","11","downtime_reason_id","停机原因ID","bigint","20","","Y","","","N","Y","pro_downtime_reason.downtime_reason_id","","新增表基础字段定义，后续可按数据库规范继续细化。"
"P1+++","IVD核心工艺采集增强域","pro_equipment_state_event","设备状态事件表","12","micro_stop_flag","是否微停机","char","1","","N","N","sys_yes_no","N","N","","","新增表基础字段定义，后续可按数据库规范继续细化。"
"P1+++","IVD核心工艺采集增强域","pro_equipment_state_event","设备状态事件表","13","create_by","创建人","varchar","64","","Y","","","N","N","","N","记录创建人。"
"P1+++","IVD核心工艺采集增强域","pro_equipment_state_event","设备状态事件表","14","create_time","创建时间","timestamp","","","N","","","N","N","","N","记录创建时间。 PostgreSQL适配：由 datetime 调整为 timestamp。"
"P1+++","IVD核心工艺采集增强域","pro_equipment_state_event","设备状态事件表","15","update_by","更新人","varchar","64","","Y","","","N","N","","N","记录最后更新人。"
"P1+++","IVD核心工艺采集增强域","pro_equipment_state_event","设备状态事件表","16","update_time","更新时间","timestamp","","","Y","","","N","N","","N","记录最后更新时间。 PostgreSQL适配：由 datetime 调整为 timestamp。"
"P1+++","IVD核心工艺采集增强域","pro_equipment_state_event","设备状态事件表","17","del_flag","逻辑删除标识","char","1","","N","0","sys_del_flag","N","N","","N","逻辑删除标识，0表示正常，1表示删除。"
"P1+++","IVD核心工艺采集增强域","pro_equipment_state_event","设备状态事件表","18","remark","备注","varchar","500","","Y","","","N","N","","N","补充说明。"
"P1+++","IVD核心工艺采集增强域","pro_downtime_reason","停机原因字典表","1","downtime_reason_id","停机原因ID","bigint","20","","N","","","Y","N","","N","主键，建议使用雪花ID或数据库统一ID生成策略。"
"P1+++","IVD核心工艺采集增强域","pro_downtime_reason","停机原因字典表","2","reason_code","停机原因编码","varchar","64","","N","","","N","N","","Y","新增表基础字段定义，后续可按数据库规范继续细化。"
"P1+++","IVD核心工艺采集增强域","pro_downtime_reason","停机原因字典表","3","reason_name","停机原因名称","varchar","128","","N","","","N","N","","","新增表基础字段定义，后续可按数据库规范继续细化。"
"P1+++","IVD核心工艺采集增强域","pro_downtime_reason","停机原因字典表","4","reason_category","停机原因分类","varchar","32","","N","","mes_downtime_reason_category","N","N","","","新增表基础字段定义，后续可按数据库规范继续细化。"
"P1+++","IVD核心工艺采集增强域","pro_downtime_reason","停机原因字典表","5","responsible_dept","责任部门","varchar","128","","Y","","","N","N","","","新增表基础字段定义，后续可按数据库规范继续细化。"
"P1+++","IVD核心工艺采集增强域","pro_downtime_reason","停机原因字典表","6","planned_flag","是否计划停机","char","1","","N","N","sys_yes_no","N","N","","","新增表基础字段定义，后续可按数据库规范继续细化。"
"P1+++","IVD核心工艺采集增强域","pro_downtime_reason","停机原因字典表","7","oee_loss_type","OEE损失类型","varchar","32","","Y","","mes_oee_loss_type","N","N","","","新增表基础字段定义，后续可按数据库规范继续细化。"
"P1+++","IVD核心工艺采集增强域","pro_downtime_reason","停机原因字典表","8","status","状态","varchar","32","","N","","status_common","N","N","","","新增表基础字段定义，后续可按数据库规范继续细化。"
"P1+++","IVD核心工艺采集增强域","pro_downtime_reason","停机原因字典表","9","create_by","创建人","varchar","64","","Y","","","N","N","","N","记录创建人。"
"P1+++","IVD核心工艺采集增强域","pro_downtime_reason","停机原因字典表","10","create_time","创建时间","timestamp","","","N","","","N","N","","N","记录创建时间。 PostgreSQL适配：由 datetime 调整为 timestamp。"
"P1+++","IVD核心工艺采集增强域","pro_downtime_reason","停机原因字典表","11","update_by","更新人","varchar","64","","Y","","","N","N","","N","记录最后更新人。"
"P1+++","IVD核心工艺采集增强域","pro_downtime_reason","停机原因字典表","12","update_time","更新时间","timestamp","","","Y","","","N","N","","N","记录最后更新时间。 PostgreSQL适配：由 datetime 调整为 timestamp。"
"P1+++","IVD核心工艺采集增强域","pro_downtime_reason","停机原因字典表","13","del_flag","逻辑删除标识","char","1","","N","0","sys_del_flag","N","N","","N","逻辑删除标识，0表示正常，1表示删除。"
"P1+++","IVD核心工艺采集增强域","pro_downtime_reason","停机原因字典表","14","remark","备注","varchar","500","","Y","","","N","N","","N","补充说明。"
"P1+++","IVD核心工艺采集增强域","pro_oee_summary","OEE汇总表","1","oee_summary_id","OEE汇总ID","bigint","20","","N","","","Y","N","","N","主键，建议使用雪花ID或数据库统一ID生成策略。"
"P1+++","IVD核心工艺采集增强域","pro_oee_summary","OEE汇总表","2","summary_date","汇总日期","date","","","N","","","N","N","","","新增表基础字段定义，后续可按数据库规范继续细化。"
"P1+++","IVD核心工艺采集增强域","pro_oee_summary","OEE汇总表","3","summary_level","汇总层级","varchar","32","","N","","mes_oee_summary_level","N","N","","","新增表基础字段定义，后续可按数据库规范继续细化。"
"P1+++","IVD核心工艺采集增强域","pro_oee_summary","OEE汇总表","4","plant_id","工厂ID","bigint","20","","Y","","","N","Y","pro_plant_master.plant_id","","新增表基础字段定义，后续可按数据库规范继续细化。"
"P1+++","IVD核心工艺采集增强域","pro_oee_summary","OEE汇总表","5","line_id","产线ID","bigint","20","","Y","","","N","Y","pro_production_line_master.line_id","","新增表基础字段定义，后续可按数据库规范继续细化。"
"P1+++","IVD核心工艺采集增强域","pro_oee_summary","OEE汇总表","6","work_center_id","工作中心ID","bigint","20","","Y","","","N","Y","pro_work_center_master.work_center_id","","新增表基础字段定义，后续可按数据库规范继续细化。"
"P1+++","IVD核心工艺采集增强域","pro_oee_summary","OEE汇总表","7","equipment_id","设备ID","bigint","20","","Y","","","N","Y","pro_equipment_master.equipment_id","","新增表基础字段定义，后续可按数据库规范继续细化。"
"P1+++","IVD核心工艺采集增强域","pro_oee_summary","OEE汇总表","8","shift_id","班次ID","bigint","20","","Y","","","N","Y","pro_shift.shift_id","","新增表基础字段定义，后续可按数据库规范继续细化。"
"P1+++","IVD核心工艺采集增强域","pro_oee_summary","OEE汇总表","9","prod_order_id","生产工单ID","bigint","20","","Y","","","N","Y","pro_production_order.prod_order_id","","新增表基础字段定义，后续可按数据库规范继续细化。"
"P1+++","IVD核心工艺采集增强域","pro_oee_summary","OEE汇总表","10","planned_time_seconds","计划时间秒数","integer","11","","Y","","","N","N","","","新增表基础字段定义，后续可按数据库规范继续细化。 PostgreSQL适配：由 int 调整为 integer。"
"P1+++","IVD核心工艺采集增强域","pro_oee_summary","OEE汇总表","11","run_time_seconds","运行时间秒数","integer","11","","Y","","","N","N","","","新增表基础字段定义，后续可按数据库规范继续细化。 PostgreSQL适配：由 int 调整为 integer。"
"P1+++","IVD核心工艺采集增强域","pro_oee_summary","OEE汇总表","12","downtime_seconds","停机时间秒数","integer","11","","Y","","","N","N","","","新增表基础字段定义，后续可按数据库规范继续细化。 PostgreSQL适配：由 int 调整为 integer。"
"P1+++","IVD核心工艺采集增强域","pro_oee_summary","OEE汇总表","13","availability_rate","稼动率","numeric","18","6","Y","","","N","N","","","新增表基础字段定义，后续可按数据库规范继续细化。 PostgreSQL适配：由 decimal 调整为 numeric。"
"P1+++","IVD核心工艺采集增强域","pro_oee_summary","OEE汇总表","14","performance_rate","性能率","numeric","18","6","Y","","","N","N","","","新增表基础字段定义，后续可按数据库规范继续细化。 PostgreSQL适配：由 decimal 调整为 numeric。"
"P1+++","IVD核心工艺采集增强域","pro_oee_summary","OEE汇总表","15","quality_rate","良率","numeric","18","6","Y","","","N","N","","","新增表基础字段定义，后续可按数据库规范继续细化。 PostgreSQL适配：由 decimal 调整为 numeric。"
"P1+++","IVD核心工艺采集增强域","pro_oee_summary","OEE汇总表","16","oee_rate","OEE","numeric","18","6","Y","","","N","N","","","新增表基础字段定义，后续可按数据库规范继续细化。 PostgreSQL适配：由 decimal 调整为 numeric。"
"P1+++","IVD核心工艺采集增强域","pro_oee_summary","OEE汇总表","17","create_by","创建人","varchar","64","","Y","","","N","N","","N","记录创建人。"
"P1+++","IVD核心工艺采集增强域","pro_oee_summary","OEE汇总表","18","create_time","创建时间","timestamp","","","N","","","N","N","","N","记录创建时间。 PostgreSQL适配：由 datetime 调整为 timestamp。"
"P1+++","IVD核心工艺采集增强域","pro_oee_summary","OEE汇总表","19","update_by","更新人","varchar","64","","Y","","","N","N","","N","记录最后更新人。"
"P1+++","IVD核心工艺采集增强域","pro_oee_summary","OEE汇总表","20","update_time","更新时间","timestamp","","","Y","","","N","N","","N","记录最后更新时间。 PostgreSQL适配：由 datetime 调整为 timestamp。"
"P1+++","IVD核心工艺采集增强域","pro_oee_summary","OEE汇总表","21","del_flag","逻辑删除标识","char","1","","N","0","sys_del_flag","N","N","","N","逻辑删除标识，0表示正常，1表示删除。"
"P1+++","IVD核心工艺采集增强域","pro_oee_summary","OEE汇总表","22","remark","备注","varchar","500","","Y","","","N","N","","N","补充说明。"
"P1+++","IVD核心工艺采集增强域","pro_line_clearance_check","清场检查记录表","1","clearance_check_id","清场检查记录ID","bigint","20","","N","","","Y","N","","N","主键，建议使用雪花ID或数据库统一ID生成策略。"
"P1+++","IVD核心工艺采集增强域","pro_line_clearance_check","清场检查记录表","2","clearance_no","清场检查编号","varchar","64","","N","","","N","N","","Y","新增表基础字段定义，后续可按数据库规范继续细化。"
"P1+++","IVD核心工艺采集增强域","pro_line_clearance_check","清场检查记录表","3","prod_order_id","生产工单ID","bigint","20","","Y","","","N","Y","pro_production_order.prod_order_id","","新增表基础字段定义，后续可按数据库规范继续细化。"
"P1+++","IVD核心工艺采集增强域","pro_line_clearance_check","清场检查记录表","4","previous_order_id","上一工单ID","bigint","20","","Y","","","N","Y","pro_production_order.prod_order_id","","新增表基础字段定义，后续可按数据库规范继续细化。"
"P1+++","IVD核心工艺采集增强域","pro_line_clearance_check","清场检查记录表","5","line_id","产线ID","bigint","20","","Y","","","N","Y","pro_production_line_master.line_id","","新增表基础字段定义，后续可按数据库规范继续细化。"
"P1+++","IVD核心工艺采集增强域","pro_line_clearance_check","清场检查记录表","6","work_center_id","工作中心ID","bigint","20","","Y","","","N","Y","pro_work_center_master.work_center_id","","新增表基础字段定义，后续可按数据库规范继续细化。"
"P1+++","IVD核心工艺采集增强域","pro_line_clearance_check","清场检查记录表","7","clearance_type","清场类型","varchar","32","","N","","mes_clearance_type","N","N","","","新增表基础字段定义，后续可按数据库规范继续细化。"
"P1+++","IVD核心工艺采集增强域","pro_line_clearance_check","清场检查记录表","8","check_result","检查结果","varchar","32","","N","","mes_check_result","N","N","","","新增表基础字段定义，后续可按数据库规范继续细化。"
"P1+++","IVD核心工艺采集增强域","pro_line_clearance_check","清场检查记录表","9","checker_id","检查人ID","bigint","20","","Y","","","N","Y","pro_person_master.person_id","","新增表基础字段定义，后续可按数据库规范继续细化。"
"P1+++","IVD核心工艺采集增强域","pro_line_clearance_check","清场检查记录表","10","reviewer_id","复核人ID","bigint","20","","Y","","","N","Y","pro_person_master.person_id","","新增表基础字段定义，后续可按数据库规范继续细化。"
"P1+++","IVD核心工艺采集增强域","pro_line_clearance_check","清场检查记录表","11","signature_id","电子签名ID","bigint","20","","Y","","","N","Y","pro_e_signature_record.signature_id","","新增表基础字段定义，后续可按数据库规范继续细化。"
"P1+++","IVD核心工艺采集增强域","pro_line_clearance_check","清场检查记录表","12","exception_id","异常记录ID","bigint","20","","Y","","","N","Y","pro_exception_record.exception_id","","新增表基础字段定义，后续可按数据库规范继续细化。"
"P1+++","IVD核心工艺采集增强域","pro_line_clearance_check","清场检查记录表","13","check_time","检查时间","timestamp","","","N","","","N","N","","","新增表基础字段定义，后续可按数据库规范继续细化。 PostgreSQL适配：由 datetime 调整为 timestamp。"
"P1+++","IVD核心工艺采集增强域","pro_line_clearance_check","清场检查记录表","14","create_by","创建人","varchar","64","","Y","","","N","N","","N","记录创建人。"
"P1+++","IVD核心工艺采集增强域","pro_line_clearance_check","清场检查记录表","15","create_time","创建时间","timestamp","","","N","","","N","N","","N","记录创建时间。 PostgreSQL适配：由 datetime 调整为 timestamp。"
"P1+++","IVD核心工艺采集增强域","pro_line_clearance_check","清场检查记录表","16","update_by","更新人","varchar","64","","Y","","","N","N","","N","记录最后更新人。"
"P1+++","IVD核心工艺采集增强域","pro_line_clearance_check","清场检查记录表","17","update_time","更新时间","timestamp","","","Y","","","N","N","","N","记录最后更新时间。 PostgreSQL适配：由 datetime 调整为 timestamp。"
"P1+++","IVD核心工艺采集增强域","pro_line_clearance_check","清场检查记录表","18","del_flag","逻辑删除标识","char","1","","N","0","sys_del_flag","N","N","","N","逻辑删除标识，0表示正常，1表示删除。"
"P1+++","IVD核心工艺采集增强域","pro_line_clearance_check","清场检查记录表","19","remark","备注","varchar","500","","Y","","","N","N","","N","补充说明。"
"P1++++","环境公用工程冷链CIP/SIP采集域","pro_environment_area","环境监控区域表","1","environment_area_id","环境监控区域ID","bigint","20","","N","","","Y","N","","N","主键，建议使用雪花ID或数据库统一ID生成策略。"
"P1++++","环境公用工程冷链CIP/SIP采集域","pro_environment_area","环境监控区域表","2","area_code","区域编码","varchar","64","","N","","","N","N","","Y","新增表基础字段定义，后续可按数据库规范继续细化。"
"P1++++","环境公用工程冷链CIP/SIP采集域","pro_environment_area","环境监控区域表","3","area_name","区域名称","varchar","128","","N","","","N","N","","","新增表基础字段定义，后续可按数据库规范继续细化。"
"P1++++","环境公用工程冷链CIP/SIP采集域","pro_environment_area","环境监控区域表","4","area_type","区域类型","varchar","32","","N","","mes_environment_area_type","N","N","","","新增表基础字段定义，后续可按数据库规范继续细化。"
"P1++++","环境公用工程冷链CIP/SIP采集域","pro_environment_area","环境监控区域表","5","plant_id","工厂ID","bigint","20","","Y","","","N","Y","pro_plant_master.plant_id","","新增表基础字段定义，后续可按数据库规范继续细化。"
"P1++++","环境公用工程冷链CIP/SIP采集域","pro_environment_area","环境监控区域表","6","workshop_id","车间ID","bigint","20","","Y","","","N","Y","pro_workshop_master.workshop_id","","新增表基础字段定义，后续可按数据库规范继续细化。"
"P1++++","环境公用工程冷链CIP/SIP采集域","pro_environment_area","环境监控区域表","7","line_id","产线ID","bigint","20","","Y","","","N","Y","pro_production_line_master.line_id","","新增表基础字段定义，后续可按数据库规范继续细化。"
"P1++++","环境公用工程冷链CIP/SIP采集域","pro_environment_area","环境监控区域表","8","warehouse_id","仓库ID","bigint","20","","Y","","","N","Y","pro_warehouse_master.warehouse_id","","新增表基础字段定义，后续可按数据库规范继续细化。"
"P1++++","环境公用工程冷链CIP/SIP采集域","pro_environment_area","环境监控区域表","9","clean_level","洁净等级","varchar","32","","Y","","mes_clean_area_level","N","N","","","新增表基础字段定义，后续可按数据库规范继续细化。"
"P1++++","环境公用工程冷链CIP/SIP采集域","pro_environment_area","环境监控区域表","10","status","状态","varchar","32","","N","","status_common","N","N","","","新增表基础字段定义，后续可按数据库规范继续细化。"
"P1++++","环境公用工程冷链CIP/SIP采集域","pro_environment_area","环境监控区域表","11","create_by","创建人","varchar","64","","Y","","","N","N","","N","记录创建人。"
"P1++++","环境公用工程冷链CIP/SIP采集域","pro_environment_area","环境监控区域表","12","create_time","创建时间","timestamp","","","N","","","N","N","","N","记录创建时间。 PostgreSQL适配：由 datetime 调整为 timestamp。"
"P1++++","环境公用工程冷链CIP/SIP采集域","pro_environment_area","环境监控区域表","13","update_by","更新人","varchar","64","","Y","","","N","N","","N","记录最后更新人。"
"P1++++","环境公用工程冷链CIP/SIP采集域","pro_environment_area","环境监控区域表","14","update_time","更新时间","timestamp","","","Y","","","N","N","","N","记录最后更新时间。 PostgreSQL适配：由 datetime 调整为 timestamp。"
"P1++++","环境公用工程冷链CIP/SIP采集域","pro_environment_area","环境监控区域表","15","del_flag","逻辑删除标识","char","1","","N","0","sys_del_flag","N","N","","N","逻辑删除标识，0表示正常，1表示删除。"
"P1++++","环境公用工程冷链CIP/SIP采集域","pro_environment_area","环境监控区域表","16","remark","备注","varchar","500","","Y","","","N","N","","N","补充说明。"
"P1++++","环境公用工程冷链CIP/SIP采集域","pro_environment_monitor_record","环境监测记录表","1","environment_record_id","环境监测记录ID","bigint","20","","N","","","Y","N","","N","主键，建议使用雪花ID或数据库统一ID生成策略。"
"P1++++","环境公用工程冷链CIP/SIP采集域","pro_environment_monitor_record","环境监测记录表","2","environment_area_id","环境监控区域ID","bigint","20","","N","","","N","Y","pro_environment_area.environment_area_id","","新增表基础字段定义，后续可按数据库规范继续细化。"
"P1++++","环境公用工程冷链CIP/SIP采集域","pro_environment_monitor_record","环境监测记录表","3","scada_point_id","采集点位ID","bigint","20","","Y","","","N","Y","pro_scada_point.scada_point_id","","新增表基础字段定义，后续可按数据库规范继续细化。"
"P1++++","环境公用工程冷链CIP/SIP采集域","pro_environment_monitor_record","环境监测记录表","4","prod_order_id","生产工单ID","bigint","20","","Y","","","N","Y","pro_production_order.prod_order_id","","新增表基础字段定义，后续可按数据库规范继续细化。"
"P1++++","环境公用工程冷链CIP/SIP采集域","pro_environment_monitor_record","环境监测记录表","5","ebr_step_id","EBR步骤记录ID","bigint","20","","Y","","","N","Y","pro_ebr_step_record.ebr_step_id","","新增表基础字段定义，后续可按数据库规范继续细化。"
"P1++++","环境公用工程冷链CIP/SIP采集域","pro_environment_monitor_record","环境监测记录表","6","monitor_item","监测项目","varchar","64","","N","","mes_environment_monitor_item","N","N","","","新增表基础字段定义，后续可按数据库规范继续细化。"
"P1++++","环境公用工程冷链CIP/SIP采集域","pro_environment_monitor_record","环境监测记录表","7","monitor_value","监测值","numeric","18","6","N","","","N","N","","","新增表基础字段定义，后续可按数据库规范继续细化。 PostgreSQL适配：由 decimal 调整为 numeric。"
"P1++++","环境公用工程冷链CIP/SIP采集域","pro_environment_monitor_record","环境监测记录表","8","monitor_uom","监测单位","varchar","16","","Y","","mes_uom","N","N","","","新增表基础字段定义，后续可按数据库规范继续细化。"
"P1++++","环境公用工程冷链CIP/SIP采集域","pro_environment_monitor_record","环境监测记录表","9","upper_limit","上限值","numeric","18","6","Y","","","N","N","","","新增表基础字段定义，后续可按数据库规范继续细化。 PostgreSQL适配：由 decimal 调整为 numeric。"
"P1++++","环境公用工程冷链CIP/SIP采集域","pro_environment_monitor_record","环境监测记录表","10","lower_limit","下限值","numeric","18","6","Y","","","N","N","","","新增表基础字段定义，后续可按数据库规范继续细化。 PostgreSQL适配：由 decimal 调整为 numeric。"
"P1++++","环境公用工程冷链CIP/SIP采集域","pro_environment_monitor_record","环境监测记录表","11","result_judgement","结果判定","varchar","32","","N","","mes_inspection_result_judgement","N","N","","","新增表基础字段定义，后续可按数据库规范继续细化。"
"P1++++","环境公用工程冷链CIP/SIP采集域","pro_environment_monitor_record","环境监测记录表","12","monitor_time","监测时间","timestamp","","","N","","","N","N","","","新增表基础字段定义，后续可按数据库规范继续细化。 PostgreSQL适配：由 datetime 调整为 timestamp。"
"P1++++","环境公用工程冷链CIP/SIP采集域","pro_environment_monitor_record","环境监测记录表","13","exception_id","异常记录ID","bigint","20","","Y","","","N","Y","pro_exception_record.exception_id","","新增表基础字段定义，后续可按数据库规范继续细化。"
"P1++++","环境公用工程冷链CIP/SIP采集域","pro_environment_monitor_record","环境监测记录表","14","create_by","创建人","varchar","64","","Y","","","N","N","","N","记录创建人。"
"P1++++","环境公用工程冷链CIP/SIP采集域","pro_environment_monitor_record","环境监测记录表","15","create_time","创建时间","timestamp","","","N","","","N","N","","N","记录创建时间。 PostgreSQL适配：由 datetime 调整为 timestamp。"
"P1++++","环境公用工程冷链CIP/SIP采集域","pro_environment_monitor_record","环境监测记录表","16","update_by","更新人","varchar","64","","Y","","","N","N","","N","记录最后更新人。"
"P1++++","环境公用工程冷链CIP/SIP采集域","pro_environment_monitor_record","环境监测记录表","17","update_time","更新时间","timestamp","","","Y","","","N","N","","N","记录最后更新时间。 PostgreSQL适配：由 datetime 调整为 timestamp。"
"P1++++","环境公用工程冷链CIP/SIP采集域","pro_environment_monitor_record","环境监测记录表","18","del_flag","逻辑删除标识","char","1","","N","0","sys_del_flag","N","N","","N","逻辑删除标识，0表示正常，1表示删除。"
"P1++++","环境公用工程冷链CIP/SIP采集域","pro_environment_monitor_record","环境监测记录表","19","remark","备注","varchar","500","","Y","","","N","N","","N","补充说明。"
"P1++++","环境公用工程冷链CIP/SIP采集域","pro_utility_system","公用工程系统表","1","utility_system_id","公用工程系统ID","bigint","20","","N","","","Y","N","","N","主键，建议使用雪花ID或数据库统一ID生成策略。"
"P1++++","环境公用工程冷链CIP/SIP采集域","pro_utility_system","公用工程系统表","2","utility_code","公用工程编码","varchar","64","","N","","","N","N","","Y","新增表基础字段定义，后续可按数据库规范继续细化。"
"P1++++","环境公用工程冷链CIP/SIP采集域","pro_utility_system","公用工程系统表","3","utility_name","公用工程名称","varchar","128","","N","","","N","N","","","新增表基础字段定义，后续可按数据库规范继续细化。"
"P1++++","环境公用工程冷链CIP/SIP采集域","pro_utility_system","公用工程系统表","4","utility_type","公用工程类型","varchar","32","","N","","mes_utility_type","N","N","","","新增表基础字段定义，后续可按数据库规范继续细化。"
"P1++++","环境公用工程冷链CIP/SIP采集域","pro_utility_system","公用工程系统表","5","plant_id","工厂ID","bigint","20","","Y","","","N","Y","pro_plant_master.plant_id","","新增表基础字段定义，后续可按数据库规范继续细化。"
"P1++++","环境公用工程冷链CIP/SIP采集域","pro_utility_system","公用工程系统表","6","workshop_id","车间ID","bigint","20","","Y","","","N","Y","pro_workshop_master.workshop_id","","新增表基础字段定义，后续可按数据库规范继续细化。"
"P1++++","环境公用工程冷链CIP/SIP采集域","pro_utility_system","公用工程系统表","7","responsible_dept","责任部门","varchar","128","","Y","","","N","N","","","新增表基础字段定义，后续可按数据库规范继续细化。"
"P1++++","环境公用工程冷链CIP/SIP采集域","pro_utility_system","公用工程系统表","8","status","状态","varchar","32","","N","","status_common","N","N","","","新增表基础字段定义，后续可按数据库规范继续细化。"
"P1++++","环境公用工程冷链CIP/SIP采集域","pro_utility_system","公用工程系统表","9","create_by","创建人","varchar","64","","Y","","","N","N","","N","记录创建人。"
"P1++++","环境公用工程冷链CIP/SIP采集域","pro_utility_system","公用工程系统表","10","create_time","创建时间","timestamp","","","N","","","N","N","","N","记录创建时间。 PostgreSQL适配：由 datetime 调整为 timestamp。"
"P1++++","环境公用工程冷链CIP/SIP采集域","pro_utility_system","公用工程系统表","11","update_by","更新人","varchar","64","","Y","","","N","N","","N","记录最后更新人。"
"P1++++","环境公用工程冷链CIP/SIP采集域","pro_utility_system","公用工程系统表","12","update_time","更新时间","timestamp","","","Y","","","N","N","","N","记录最后更新时间。 PostgreSQL适配：由 datetime 调整为 timestamp。"
"P1++++","环境公用工程冷链CIP/SIP采集域","pro_utility_system","公用工程系统表","13","del_flag","逻辑删除标识","char","1","","N","0","sys_del_flag","N","N","","N","逻辑删除标识，0表示正常，1表示删除。"
"P1++++","环境公用工程冷链CIP/SIP采集域","pro_utility_system","公用工程系统表","14","remark","备注","varchar","500","","Y","","","N","N","","N","补充说明。"
"P1++++","环境公用工程冷链CIP/SIP采集域","pro_water_quality_record","纯化水质量记录表","1","water_quality_record_id","纯化水质量记录ID","bigint","20","","N","","","Y","N","","N","主键，建议使用雪花ID或数据库统一ID生成策略。"
"P1++++","环境公用工程冷链CIP/SIP采集域","pro_water_quality_record","纯化水质量记录表","2","utility_system_id","公用工程系统ID","bigint","20","","N","","","N","Y","pro_utility_system.utility_system_id","","新增表基础字段定义，后续可按数据库规范继续细化。"
"P1++++","环境公用工程冷链CIP/SIP采集域","pro_water_quality_record","纯化水质量记录表","3","scada_point_id","采集点位ID","bigint","20","","Y","","","N","Y","pro_scada_point.scada_point_id","","新增表基础字段定义，后续可按数据库规范继续细化。"
"P1++++","环境公用工程冷链CIP/SIP采集域","pro_water_quality_record","纯化水质量记录表","4","prod_order_id","生产工单ID","bigint","20","","Y","","","N","Y","pro_production_order.prod_order_id","","新增表基础字段定义，后续可按数据库规范继续细化。"
"P1++++","环境公用工程冷链CIP/SIP采集域","pro_water_quality_record","纯化水质量记录表","5","material_lot_id","物料批次ID","bigint","20","","Y","","","N","Y","pro_material_lot.material_lot_id","","新增表基础字段定义，后续可按数据库规范继续细化。"
"P1++++","环境公用工程冷链CIP/SIP采集域","pro_water_quality_record","纯化水质量记录表","6","ebr_step_id","EBR步骤记录ID","bigint","20","","Y","","","N","Y","pro_ebr_step_record.ebr_step_id","","新增表基础字段定义，后续可按数据库规范继续细化。"
"P1++++","环境公用工程冷链CIP/SIP采集域","pro_water_quality_record","纯化水质量记录表","7","conductivity","电导率","numeric","18","6","Y","","","N","N","","","新增表基础字段定义，后续可按数据库规范继续细化。 PostgreSQL适配：由 decimal 调整为 numeric。"
"P1++++","环境公用工程冷链CIP/SIP采集域","pro_water_quality_record","纯化水质量记录表","8","toc_value","TOC值","numeric","18","6","Y","","","N","N","","","新增表基础字段定义，后续可按数据库规范继续细化。 PostgreSQL适配：由 decimal 调整为 numeric。"
"P1++++","环境公用工程冷链CIP/SIP采集域","pro_water_quality_record","纯化水质量记录表","9","water_temp","水温","numeric","18","6","Y","","","N","N","","","新增表基础字段定义，后续可按数据库规范继续细化。 PostgreSQL适配：由 decimal 调整为 numeric。"
"P1++++","环境公用工程冷链CIP/SIP采集域","pro_water_quality_record","纯化水质量记录表","10","flow_rate","流速","numeric","18","6","Y","","","N","N","","","新增表基础字段定义，后续可按数据库规范继续细化。 PostgreSQL适配：由 decimal 调整为 numeric。"
"P1++++","环境公用工程冷链CIP/SIP采集域","pro_water_quality_record","纯化水质量记录表","11","result_judgement","结果判定","varchar","32","","N","","mes_inspection_result_judgement","N","N","","","新增表基础字段定义，后续可按数据库规范继续细化。"
"P1++++","环境公用工程冷链CIP/SIP采集域","pro_water_quality_record","纯化水质量记录表","12","record_time","记录时间","timestamp","","","N","","","N","N","","","新增表基础字段定义，后续可按数据库规范继续细化。 PostgreSQL适配：由 datetime 调整为 timestamp。"
"P1++++","环境公用工程冷链CIP/SIP采集域","pro_water_quality_record","纯化水质量记录表","13","exception_id","异常记录ID","bigint","20","","Y","","","N","Y","pro_exception_record.exception_id","","新增表基础字段定义，后续可按数据库规范继续细化。"
"P1++++","环境公用工程冷链CIP/SIP采集域","pro_water_quality_record","纯化水质量记录表","14","create_by","创建人","varchar","64","","Y","","","N","N","","N","记录创建人。"
"P1++++","环境公用工程冷链CIP/SIP采集域","pro_water_quality_record","纯化水质量记录表","15","create_time","创建时间","timestamp","","","N","","","N","N","","N","记录创建时间。 PostgreSQL适配：由 datetime 调整为 timestamp。"
"P1++++","环境公用工程冷链CIP/SIP采集域","pro_water_quality_record","纯化水质量记录表","16","update_by","更新人","varchar","64","","Y","","","N","N","","N","记录最后更新人。"
"P1++++","环境公用工程冷链CIP/SIP采集域","pro_water_quality_record","纯化水质量记录表","17","update_time","更新时间","timestamp","","","Y","","","N","N","","N","记录最后更新时间。 PostgreSQL适配：由 datetime 调整为 timestamp。"
"P1++++","环境公用工程冷链CIP/SIP采集域","pro_water_quality_record","纯化水质量记录表","18","del_flag","逻辑删除标识","char","1","","N","0","sys_del_flag","N","N","","N","逻辑删除标识，0表示正常，1表示删除。"
"P1++++","环境公用工程冷链CIP/SIP采集域","pro_water_quality_record","纯化水质量记录表","19","remark","备注","varchar","500","","Y","","","N","N","","N","补充说明。"
"P1++++","环境公用工程冷链CIP/SIP采集域","pro_cold_chain_monitor_record","冷链监控记录表","1","cold_chain_record_id","冷链监控记录ID","bigint","20","","N","","","Y","N","","N","主键，建议使用雪花ID或数据库统一ID生成策略。"
"P1++++","环境公用工程冷链CIP/SIP采集域","pro_cold_chain_monitor_record","冷链监控记录表","2","environment_area_id","环境监控区域ID","bigint","20","","Y","","","N","Y","pro_environment_area.environment_area_id","","新增表基础字段定义，后续可按数据库规范继续细化。"
"P1++++","环境公用工程冷链CIP/SIP采集域","pro_cold_chain_monitor_record","冷链监控记录表","3","equipment_id","冷链设备ID","bigint","20","","Y","","","N","Y","pro_equipment_master.equipment_id","","新增表基础字段定义，后续可按数据库规范继续细化。"
"P1++++","环境公用工程冷链CIP/SIP采集域","pro_cold_chain_monitor_record","冷链监控记录表","4","storage_location_id","库位ID","bigint","20","","Y","","","N","Y","pro_storage_location_master.storage_location_id","","新增表基础字段定义，后续可按数据库规范继续细化。"
"P1++++","环境公用工程冷链CIP/SIP采集域","pro_cold_chain_monitor_record","冷链监控记录表","5","scada_point_id","采集点位ID","bigint","20","","Y","","","N","Y","pro_scada_point.scada_point_id","","新增表基础字段定义，后续可按数据库规范继续细化。"
"P1++++","环境公用工程冷链CIP/SIP采集域","pro_cold_chain_monitor_record","冷链监控记录表","6","material_lot_id","物料批次ID","bigint","20","","Y","","","N","Y","pro_material_lot.material_lot_id","","新增表基础字段定义，后续可按数据库规范继续细化。"
"P1++++","环境公用工程冷链CIP/SIP采集域","pro_cold_chain_monitor_record","冷链监控记录表","7","temperature_value","温度值","numeric","18","6","N","","","N","N","","","新增表基础字段定义，后续可按数据库规范继续细化。 PostgreSQL适配：由 decimal 调整为 numeric。"
"P1++++","环境公用工程冷链CIP/SIP采集域","pro_cold_chain_monitor_record","冷链监控记录表","8","temperature_uom","温度单位","varchar","16","","N","","mes_uom","N","N","","","新增表基础字段定义，后续可按数据库规范继续细化。"
"P1++++","环境公用工程冷链CIP/SIP采集域","pro_cold_chain_monitor_record","冷链监控记录表","9","upper_limit","温度上限","numeric","18","6","Y","","","N","N","","","新增表基础字段定义，后续可按数据库规范继续细化。 PostgreSQL适配：由 decimal 调整为 numeric。"
"P1++++","环境公用工程冷链CIP/SIP采集域","pro_cold_chain_monitor_record","冷链监控记录表","10","lower_limit","温度下限","numeric","18","6","Y","","","N","N","","","新增表基础字段定义，后续可按数据库规范继续细化。 PostgreSQL适配：由 decimal 调整为 numeric。"
"P1++++","环境公用工程冷链CIP/SIP采集域","pro_cold_chain_monitor_record","冷链监控记录表","11","result_judgement","结果判定","varchar","32","","N","","mes_inspection_result_judgement","N","N","","","新增表基础字段定义，后续可按数据库规范继续细化。"
"P1++++","环境公用工程冷链CIP/SIP采集域","pro_cold_chain_monitor_record","冷链监控记录表","12","record_time","记录时间","timestamp","","","N","","","N","N","","","新增表基础字段定义，后续可按数据库规范继续细化。 PostgreSQL适配：由 datetime 调整为 timestamp。"
"P1++++","环境公用工程冷链CIP/SIP采集域","pro_cold_chain_monitor_record","冷链监控记录表","13","exception_id","异常记录ID","bigint","20","","Y","","","N","Y","pro_exception_record.exception_id","","新增表基础字段定义，后续可按数据库规范继续细化。"
"P1++++","环境公用工程冷链CIP/SIP采集域","pro_cold_chain_monitor_record","冷链监控记录表","14","create_by","创建人","varchar","64","","Y","","","N","N","","N","记录创建人。"
"P1++++","环境公用工程冷链CIP/SIP采集域","pro_cold_chain_monitor_record","冷链监控记录表","15","create_time","创建时间","timestamp","","","N","","","N","N","","N","记录创建时间。 PostgreSQL适配：由 datetime 调整为 timestamp。"
"P1++++","环境公用工程冷链CIP/SIP采集域","pro_cold_chain_monitor_record","冷链监控记录表","16","update_by","更新人","varchar","64","","Y","","","N","N","","N","记录最后更新人。"
"P1++++","环境公用工程冷链CIP/SIP采集域","pro_cold_chain_monitor_record","冷链监控记录表","17","update_time","更新时间","timestamp","","","Y","","","N","N","","N","记录最后更新时间。 PostgreSQL适配：由 datetime 调整为 timestamp。"
"P1++++","环境公用工程冷链CIP/SIP采集域","pro_cold_chain_monitor_record","冷链监控记录表","18","del_flag","逻辑删除标识","char","1","","N","0","sys_del_flag","N","N","","N","逻辑删除标识，0表示正常，1表示删除。"
"P1++++","环境公用工程冷链CIP/SIP采集域","pro_cold_chain_monitor_record","冷链监控记录表","19","remark","备注","varchar","500","","Y","","","N","N","","N","补充说明。"
"P1++++","环境公用工程冷链CIP/SIP采集域","pro_cold_chain_alarm_notice","冷链报警通知表","1","cold_chain_notice_id","冷链报警通知ID","bigint","20","","N","","","Y","N","","N","主键，建议使用雪花ID或数据库统一ID生成策略。"
"P1++++","环境公用工程冷链CIP/SIP采集域","pro_cold_chain_alarm_notice","冷链报警通知表","2","cold_chain_record_id","冷链监控记录ID","bigint","20","","Y","","","N","Y","pro_cold_chain_monitor_record.cold_chain_record_id","","新增表基础字段定义，后续可按数据库规范继续细化。"
"P1++++","环境公用工程冷链CIP/SIP采集域","pro_cold_chain_alarm_notice","冷链报警通知表","3","scada_alarm_event_id","SCADA告警事件ID","bigint","20","","Y","","","N","Y","pro_scada_alarm_event.scada_alarm_event_id","","新增表基础字段定义，后续可按数据库规范继续细化。"
"P1++++","环境公用工程冷链CIP/SIP采集域","pro_cold_chain_alarm_notice","冷链报警通知表","4","exception_id","异常记录ID","bigint","20","","Y","","","N","Y","pro_exception_record.exception_id","","新增表基础字段定义，后续可按数据库规范继续细化。"
"P1++++","环境公用工程冷链CIP/SIP采集域","pro_cold_chain_alarm_notice","冷链报警通知表","5","notice_person_id","通知人员ID","bigint","20","","Y","","","N","Y","pro_person_master.person_id","","新增表基础字段定义，后续可按数据库规范继续细化。"
"P1++++","环境公用工程冷链CIP/SIP采集域","pro_cold_chain_alarm_notice","冷链报警通知表","6","notice_method","通知方式","varchar","32","","N","","mes_notice_method","N","N","","","新增表基础字段定义，后续可按数据库规范继续细化。"
"P1++++","环境公用工程冷链CIP/SIP采集域","pro_cold_chain_alarm_notice","冷链报警通知表","7","notice_time","通知时间","timestamp","","","N","","","N","N","","","新增表基础字段定义，后续可按数据库规范继续细化。 PostgreSQL适配：由 datetime 调整为 timestamp。"
"P1++++","环境公用工程冷链CIP/SIP采集域","pro_cold_chain_alarm_notice","冷链报警通知表","8","response_time","响应时间","timestamp","","","Y","","","N","N","","","新增表基础字段定义，后续可按数据库规范继续细化。 PostgreSQL适配：由 datetime 调整为 timestamp。"
"P1++++","环境公用工程冷链CIP/SIP采集域","pro_cold_chain_alarm_notice","冷链报警通知表","9","response_result","响应结果","varchar","32","","Y","","mes_notice_response_result","N","N","","","新增表基础字段定义，后续可按数据库规范继续细化。"
"P1++++","环境公用工程冷链CIP/SIP采集域","pro_cold_chain_alarm_notice","冷链报警通知表","10","notice_status","通知状态","varchar","32","","N","","mes_notice_status","N","N","","","新增表基础字段定义，后续可按数据库规范继续细化。"
"P1++++","环境公用工程冷链CIP/SIP采集域","pro_cold_chain_alarm_notice","冷链报警通知表","11","create_by","创建人","varchar","64","","Y","","","N","N","","N","记录创建人。"
"P1++++","环境公用工程冷链CIP/SIP采集域","pro_cold_chain_alarm_notice","冷链报警通知表","12","create_time","创建时间","timestamp","","","N","","","N","N","","N","记录创建时间。 PostgreSQL适配：由 datetime 调整为 timestamp。"
"P1++++","环境公用工程冷链CIP/SIP采集域","pro_cold_chain_alarm_notice","冷链报警通知表","13","update_by","更新人","varchar","64","","Y","","","N","N","","N","记录最后更新人。"
"P1++++","环境公用工程冷链CIP/SIP采集域","pro_cold_chain_alarm_notice","冷链报警通知表","14","update_time","更新时间","timestamp","","","Y","","","N","N","","N","记录最后更新时间。 PostgreSQL适配：由 datetime 调整为 timestamp。"
"P1++++","环境公用工程冷链CIP/SIP采集域","pro_cold_chain_alarm_notice","冷链报警通知表","15","del_flag","逻辑删除标识","char","1","","N","0","sys_del_flag","N","N","","N","逻辑删除标识，0表示正常，1表示删除。"
"P1++++","环境公用工程冷链CIP/SIP采集域","pro_cold_chain_alarm_notice","冷链报警通知表","16","remark","备注","varchar","500","","Y","","","N","N","","N","补充说明。"
"P1++++","环境公用工程冷链CIP/SIP采集域","pro_cleaning_cycle","清洗灭菌周期表","1","cleaning_cycle_id","清洗灭菌周期ID","bigint","20","","N","","","Y","N","","N","主键，建议使用雪花ID或数据库统一ID生成策略。"
"P1++++","环境公用工程冷链CIP/SIP采集域","pro_cleaning_cycle","清洗灭菌周期表","2","cleaning_cycle_no","清洗灭菌周期编号","varchar","64","","N","","","N","N","","Y","新增表基础字段定义，后续可按数据库规范继续细化。"
"P1++++","环境公用工程冷链CIP/SIP采集域","pro_cleaning_cycle","清洗灭菌周期表","3","cleaning_type","清洗灭菌类型","varchar","32","","N","","mes_cleaning_type","N","N","","","新增表基础字段定义，后续可按数据库规范继续细化。"
"P1++++","环境公用工程冷链CIP/SIP采集域","pro_cleaning_cycle","清洗灭菌周期表","4","equipment_id","设备ID","bigint","20","","Y","","","N","Y","pro_equipment_master.equipment_id","","新增表基础字段定义，后续可按数据库规范继续细化。"
"P1++++","环境公用工程冷链CIP/SIP采集域","pro_cleaning_cycle","清洗灭菌周期表","5","prod_order_id","生产工单ID","bigint","20","","Y","","","N","Y","pro_production_order.prod_order_id","","新增表基础字段定义，后续可按数据库规范继续细化。"
"P1++++","环境公用工程冷链CIP/SIP采集域","pro_cleaning_cycle","清洗灭菌周期表","6","order_op_id","工单工序ID","bigint","20","","Y","","","N","Y","pro_order_operation.order_op_id","","新增表基础字段定义，后续可按数据库规范继续细化。"
"P1++++","环境公用工程冷链CIP/SIP采集域","pro_cleaning_cycle","清洗灭菌周期表","7","ebr_step_id","EBR步骤记录ID","bigint","20","","Y","","","N","Y","pro_ebr_step_record.ebr_step_id","","新增表基础字段定义，后续可按数据库规范继续细化。"
"P1++++","环境公用工程冷链CIP/SIP采集域","pro_cleaning_cycle","清洗灭菌周期表","8","start_time","开始时间","timestamp","","","N","","","N","N","","","新增表基础字段定义，后续可按数据库规范继续细化。 PostgreSQL适配：由 datetime 调整为 timestamp。"
"P1++++","环境公用工程冷链CIP/SIP采集域","pro_cleaning_cycle","清洗灭菌周期表","9","end_time","结束时间","timestamp","","","Y","","","N","N","","","新增表基础字段定义，后续可按数据库规范继续细化。 PostgreSQL适配：由 datetime 调整为 timestamp。"
"P1++++","环境公用工程冷链CIP/SIP采集域","pro_cleaning_cycle","清洗灭菌周期表","10","cycle_status","周期状态","varchar","32","","N","","mes_cleaning_cycle_status","N","N","","","新增表基础字段定义，后续可按数据库规范继续细化。"
"P1++++","环境公用工程冷链CIP/SIP采集域","pro_cleaning_cycle","清洗灭菌周期表","11","operator_id","操作人ID","bigint","20","","Y","","","N","Y","pro_person_master.person_id","","新增表基础字段定义，后续可按数据库规范继续细化。"
"P1++++","环境公用工程冷链CIP/SIP采集域","pro_cleaning_cycle","清洗灭菌周期表","12","reviewer_id","复核人ID","bigint","20","","Y","","","N","Y","pro_person_master.person_id","","新增表基础字段定义，后续可按数据库规范继续细化。"
"P1++++","环境公用工程冷链CIP/SIP采集域","pro_cleaning_cycle","清洗灭菌周期表","13","create_by","创建人","varchar","64","","Y","","","N","N","","N","记录创建人。"
"P1++++","环境公用工程冷链CIP/SIP采集域","pro_cleaning_cycle","清洗灭菌周期表","14","create_time","创建时间","timestamp","","","N","","","N","N","","N","记录创建时间。 PostgreSQL适配：由 datetime 调整为 timestamp。"
"P1++++","环境公用工程冷链CIP/SIP采集域","pro_cleaning_cycle","清洗灭菌周期表","15","update_by","更新人","varchar","64","","Y","","","N","N","","N","记录最后更新人。"
"P1++++","环境公用工程冷链CIP/SIP采集域","pro_cleaning_cycle","清洗灭菌周期表","16","update_time","更新时间","timestamp","","","Y","","","N","N","","N","记录最后更新时间。 PostgreSQL适配：由 datetime 调整为 timestamp。"
"P1++++","环境公用工程冷链CIP/SIP采集域","pro_cleaning_cycle","清洗灭菌周期表","17","del_flag","逻辑删除标识","char","1","","N","0","sys_del_flag","N","N","","N","逻辑删除标识，0表示正常，1表示删除。"
"P1++++","环境公用工程冷链CIP/SIP采集域","pro_cleaning_cycle","清洗灭菌周期表","18","remark","备注","varchar","500","","Y","","","N","N","","N","补充说明。"
"P1++++","环境公用工程冷链CIP/SIP采集域","pro_cleaning_cycle_parameter","清洗灭菌参数记录表","1","cleaning_param_id","清洗灭菌参数记录ID","bigint","20","","N","","","Y","N","","N","主键，建议使用雪花ID或数据库统一ID生成策略。"
"P1++++","环境公用工程冷链CIP/SIP采集域","pro_cleaning_cycle_parameter","清洗灭菌参数记录表","2","cleaning_cycle_id","清洗灭菌周期ID","bigint","20","","N","","","N","Y","pro_cleaning_cycle.cleaning_cycle_id","","新增表基础字段定义，后续可按数据库规范继续细化。"
"P1++++","环境公用工程冷链CIP/SIP采集域","pro_cleaning_cycle_parameter","清洗灭菌参数记录表","3","scada_point_id","采集点位ID","bigint","20","","Y","","","N","Y","pro_scada_point.scada_point_id","","新增表基础字段定义，后续可按数据库规范继续细化。"
"P1++++","环境公用工程冷链CIP/SIP采集域","pro_cleaning_cycle_parameter","清洗灭菌参数记录表","4","collect_id","采集结果ID","bigint","20","","Y","","","N","Y","pro_operation_data_collect.collect_id","","新增表基础字段定义，后续可按数据库规范继续细化。"
"P1++++","环境公用工程冷链CIP/SIP采集域","pro_cleaning_cycle_parameter","清洗灭菌参数记录表","5","ebr_param_id","EBR参数记录ID","bigint","20","","Y","","","N","Y","pro_ebr_param_record.ebr_param_id","","新增表基础字段定义，后续可按数据库规范继续细化。"
"P1++++","环境公用工程冷链CIP/SIP采集域","pro_cleaning_cycle_parameter","清洗灭菌参数记录表","6","param_code","参数编码","varchar","64","","N","","","N","N","","","新增表基础字段定义，后续可按数据库规范继续细化。"
"P1++++","环境公用工程冷链CIP/SIP采集域","pro_cleaning_cycle_parameter","清洗灭菌参数记录表","7","param_name","参数名称","varchar","128","","N","","","N","N","","","新增表基础字段定义，后续可按数据库规范继续细化。"
"P1++++","环境公用工程冷链CIP/SIP采集域","pro_cleaning_cycle_parameter","清洗灭菌参数记录表","8","param_value","参数值","numeric","18","6","Y","","","N","N","","","新增表基础字段定义，后续可按数据库规范继续细化。 PostgreSQL适配：由 decimal 调整为 numeric。"
"P1++++","环境公用工程冷链CIP/SIP采集域","pro_cleaning_cycle_parameter","清洗灭菌参数记录表","9","param_uom","参数单位","varchar","16","","Y","","mes_uom","N","N","","","新增表基础字段定义，后续可按数据库规范继续细化。"
"P1++++","环境公用工程冷链CIP/SIP采集域","pro_cleaning_cycle_parameter","清洗灭菌参数记录表","10","upper_limit","上限值","numeric","18","6","Y","","","N","N","","","新增表基础字段定义，后续可按数据库规范继续细化。 PostgreSQL适配：由 decimal 调整为 numeric。"
"P1++++","环境公用工程冷链CIP/SIP采集域","pro_cleaning_cycle_parameter","清洗灭菌参数记录表","11","lower_limit","下限值","numeric","18","6","Y","","","N","N","","","新增表基础字段定义，后续可按数据库规范继续细化。 PostgreSQL适配：由 decimal 调整为 numeric。"
"P1++++","环境公用工程冷链CIP/SIP采集域","pro_cleaning_cycle_parameter","清洗灭菌参数记录表","12","result_judgement","结果判定","varchar","32","","N","","mes_inspection_result_judgement","N","N","","","新增表基础字段定义，后续可按数据库规范继续细化。"
"P1++++","环境公用工程冷链CIP/SIP采集域","pro_cleaning_cycle_parameter","清洗灭菌参数记录表","13","record_time","记录时间","timestamp","","","N","","","N","N","","","新增表基础字段定义，后续可按数据库规范继续细化。 PostgreSQL适配：由 datetime 调整为 timestamp。"
"P1++++","环境公用工程冷链CIP/SIP采集域","pro_cleaning_cycle_parameter","清洗灭菌参数记录表","14","create_by","创建人","varchar","64","","Y","","","N","N","","N","记录创建人。"
"P1++++","环境公用工程冷链CIP/SIP采集域","pro_cleaning_cycle_parameter","清洗灭菌参数记录表","15","create_time","创建时间","timestamp","","","N","","","N","N","","N","记录创建时间。 PostgreSQL适配：由 datetime 调整为 timestamp。"
"P1++++","环境公用工程冷链CIP/SIP采集域","pro_cleaning_cycle_parameter","清洗灭菌参数记录表","16","update_by","更新人","varchar","64","","Y","","","N","N","","N","记录最后更新人。"
"P1++++","环境公用工程冷链CIP/SIP采集域","pro_cleaning_cycle_parameter","清洗灭菌参数记录表","17","update_time","更新时间","timestamp","","","Y","","","N","N","","N","记录最后更新时间。 PostgreSQL适配：由 datetime 调整为 timestamp。"
"P1++++","环境公用工程冷链CIP/SIP采集域","pro_cleaning_cycle_parameter","清洗灭菌参数记录表","18","del_flag","逻辑删除标识","char","1","","N","0","sys_del_flag","N","N","","N","逻辑删除标识，0表示正常，1表示删除。"
"P1++++","环境公用工程冷链CIP/SIP采集域","pro_cleaning_cycle_parameter","清洗灭菌参数记录表","19","remark","备注","varchar","500","","Y","","","N","N","","N","补充说明。"
"P1++++","环境公用工程冷链CIP/SIP采集域","pro_cleaning_release_record","清洗灭菌放行记录表","1","cleaning_release_id","清洗灭菌放行记录ID","bigint","20","","N","","","Y","N","","N","主键，建议使用雪花ID或数据库统一ID生成策略。"
"P1++++","环境公用工程冷链CIP/SIP采集域","pro_cleaning_release_record","清洗灭菌放行记录表","2","cleaning_cycle_id","清洗灭菌周期ID","bigint","20","","N","","","N","Y","pro_cleaning_cycle.cleaning_cycle_id","","新增表基础字段定义，后续可按数据库规范继续细化。"
"P1++++","环境公用工程冷链CIP/SIP采集域","pro_cleaning_release_record","清洗灭菌放行记录表","3","release_result","放行结论","varchar","32","","N","","mes_release_result","N","N","","","新增表基础字段定义，后续可按数据库规范继续细化。"
"P1++++","环境公用工程冷链CIP/SIP采集域","pro_cleaning_release_record","清洗灭菌放行记录表","4","release_comment","放行说明","varchar","1000","","Y","","","N","N","","","新增表基础字段定义，后续可按数据库规范继续细化。"
"P1++++","环境公用工程冷链CIP/SIP采集域","pro_cleaning_release_record","清洗灭菌放行记录表","5","reviewer_id","复核人ID","bigint","20","","Y","","","N","Y","pro_person_master.person_id","","新增表基础字段定义，后续可按数据库规范继续细化。"
"P1++++","环境公用工程冷链CIP/SIP采集域","pro_cleaning_release_record","清洗灭菌放行记录表","6","signature_id","电子签名ID","bigint","20","","Y","","","N","Y","pro_e_signature_record.signature_id","","新增表基础字段定义，后续可按数据库规范继续细化。"
"P1++++","环境公用工程冷链CIP/SIP采集域","pro_cleaning_release_record","清洗灭菌放行记录表","7","exception_id","异常记录ID","bigint","20","","Y","","","N","Y","pro_exception_record.exception_id","","新增表基础字段定义，后续可按数据库规范继续细化。"
"P1++++","环境公用工程冷链CIP/SIP采集域","pro_cleaning_release_record","清洗灭菌放行记录表","8","release_time","放行时间","timestamp","","","N","","","N","N","","","新增表基础字段定义，后续可按数据库规范继续细化。 PostgreSQL适配：由 datetime 调整为 timestamp。"
"P1++++","环境公用工程冷链CIP/SIP采集域","pro_cleaning_release_record","清洗灭菌放行记录表","9","create_by","创建人","varchar","64","","Y","","","N","N","","N","记录创建人。"
"P1++++","环境公用工程冷链CIP/SIP采集域","pro_cleaning_release_record","清洗灭菌放行记录表","10","create_time","创建时间","timestamp","","","N","","","N","N","","N","记录创建时间。 PostgreSQL适配：由 datetime 调整为 timestamp。"
"P1++++","环境公用工程冷链CIP/SIP采集域","pro_cleaning_release_record","清洗灭菌放行记录表","11","update_by","更新人","varchar","64","","Y","","","N","N","","N","记录最后更新人。"
"P1++++","环境公用工程冷链CIP/SIP采集域","pro_cleaning_release_record","清洗灭菌放行记录表","12","update_time","更新时间","timestamp","","","Y","","","N","N","","N","记录最后更新时间。 PostgreSQL适配：由 datetime 调整为 timestamp。"
"P1++++","环境公用工程冷链CIP/SIP采集域","pro_cleaning_release_record","清洗灭菌放行记录表","13","del_flag","逻辑删除标识","char","1","","N","0","sys_del_flag","N","N","","N","逻辑删除标识，0表示正常，1表示删除。"
"P1++++","环境公用工程冷链CIP/SIP采集域","pro_cleaning_release_record","清洗灭菌放行记录表","14","remark","备注","varchar","500","","Y","","","N","N","","N","补充说明。"
"P0++++","运行时韧性与架构支撑域","pro_mbr_execution_context","MBR执行上下文表","1","context_id","MBR执行上下文ID","bigint","20","","N","","","Y","N","","N","主键，建议使用雪花ID或数据库统一ID生成策略。"
"P0++++","运行时韧性与架构支撑域","pro_mbr_execution_context","MBR执行上下文表","2","context_no","执行上下文编号","varchar","64","","N","","","N","N","","Y","新增表基础字段定义，后续可按数据库规范继续细化。"
"P0++++","运行时韧性与架构支撑域","pro_mbr_execution_context","MBR执行上下文表","3","prod_order_id","生产工单ID","bigint","20","","N","","","N","Y","pro_production_order.prod_order_id","","新增表基础字段定义，后续可按数据库规范继续细化。"
"P0++++","运行时韧性与架构支撑域","pro_mbr_execution_context","MBR执行上下文表","4","mbr_version_id","MBR版本ID","bigint","20","","N","","","N","Y","pro_mbr_version.mbr_version_id","","新增表基础字段定义，后续可按数据库规范继续细化。"
"P0++++","运行时韧性与架构支撑域","pro_mbr_execution_context","MBR执行上下文表","5","ebr_id","电子批记录ID","bigint","20","","Y","","","N","Y","pro_ebr_header.ebr_id","","新增表基础字段定义，后续可按数据库规范继续细化。"
"P0++++","运行时韧性与架构支撑域","pro_mbr_execution_context","MBR执行上下文表","6","previous_context_id","上一版上下文ID","bigint","20","","Y","","","N","Y","pro_mbr_execution_context.context_id","","新增表基础字段定义，后续可按数据库规范继续细化。"
"P0++++","运行时韧性与架构支撑域","pro_mbr_execution_context","MBR执行上下文表","7","source_ecn_id","来源ECN ID","bigint","20","","Y","","","N","Y","pro_ecn_order.ecn_id","","新增表基础字段定义，后续可按数据库规范继续细化。"
"P0++++","运行时韧性与架构支撑域","pro_mbr_execution_context","MBR执行上下文表","8","context_version","上下文版本号","varchar","32","","N","","","N","N","","","新增表基础字段定义，后续可按数据库规范继续细化。"
"P0++++","运行时韧性与架构支撑域","pro_mbr_execution_context","MBR执行上下文表","9","context_hash","上下文哈希","varchar","128","","N","","","N","N","","","新增表基础字段定义，后续可按数据库规范继续细化。"
"P0++++","运行时韧性与架构支撑域","pro_mbr_execution_context","MBR执行上下文表","10","context_status","上下文状态","varchar","32","","N","","mes_mbr_context_status","N","N","","","新增表基础字段定义，后续可按数据库规范继续细化。"
"P0++++","运行时韧性与架构支撑域","pro_mbr_execution_context","MBR执行上下文表","11","refresh_status","刷新状态","varchar","32","","Y","","mes_context_refresh_status","N","N","","","新增表基础字段定义，后续可按数据库规范继续细化。"
"P0++++","运行时韧性与架构支撑域","pro_mbr_execution_context","MBR执行上下文表","12","hold_reason","暂停原因","varchar","1000","","Y","","","N","N","","","新增表基础字段定义，后续可按数据库规范继续细化。"
"P0++++","运行时韧性与架构支撑域","pro_mbr_execution_context","MBR执行上下文表","13","cache_key","缓存键","varchar","256","","Y","","","N","N","","","新增表基础字段定义，后续可按数据库规范继续细化。"
"P0++++","运行时韧性与架构支撑域","pro_mbr_execution_context","MBR执行上下文表","14","context_json","上下文JSON快照","jsonb","","","N","","","N","N","","","新增表基础字段定义，后续可按数据库规范继续细化。 PostgreSQL适配：由 text 调整为 jsonb。"
"P0++++","运行时韧性与架构支撑域","pro_mbr_execution_context","MBR执行上下文表","15","current_step_id","当前步骤ID","bigint","20","","Y","","","N","Y","pro_mbr_step.step_id","","新增表基础字段定义，后续可按数据库规范继续细化。"
"P0++++","运行时韧性与架构支撑域","pro_mbr_execution_context","MBR执行上下文表","16","expire_time","过期时间","timestamp","","","Y","","","N","N","","","新增表基础字段定义，后续可按数据库规范继续细化。 PostgreSQL适配：由 datetime 调整为 timestamp。"
"P0++++","运行时韧性与架构支撑域","pro_mbr_execution_context","MBR执行上下文表","17","lock_version","乐观锁版本","integer","11","","N","0","","N","N","","","新增表基础字段定义，后续可按数据库规范继续细化。 PostgreSQL适配：由 int 调整为 integer。"
"P0++++","运行时韧性与架构支撑域","pro_mbr_execution_context","MBR执行上下文表","18","create_by","创建人","varchar","64","","Y","","","N","N","","N","记录创建人。"
"P0++++","运行时韧性与架构支撑域","pro_mbr_execution_context","MBR执行上下文表","19","create_time","创建时间","timestamp","","","N","","","N","N","","N","记录创建时间。 PostgreSQL适配：由 datetime 调整为 timestamp。"
"P0++++","运行时韧性与架构支撑域","pro_mbr_execution_context","MBR执行上下文表","20","update_by","更新人","varchar","64","","Y","","","N","N","","N","记录最后更新人。"
"P0++++","运行时韧性与架构支撑域","pro_mbr_execution_context","MBR执行上下文表","21","update_time","更新时间","timestamp","","","Y","","","N","N","","N","记录最后更新时间。 PostgreSQL适配：由 datetime 调整为 timestamp。"
"P0++++","运行时韧性与架构支撑域","pro_mbr_execution_context","MBR执行上下文表","22","del_flag","逻辑删除标识","char","1","","N","0","sys_del_flag","N","N","","N","逻辑删除标识，0表示正常，1表示删除。"
"P0++++","运行时韧性与架构支撑域","pro_mbr_execution_context","MBR执行上下文表","23","remark","备注","varchar","500","","Y","","","N","N","","N","补充说明。"
"P0++++","运行时韧性与架构支撑域","pro_mbr_context_refresh_log","MBR执行上下文刷新日志表","1","refresh_log_id","MBR执行上下文刷新日志ID","bigint","20","","N","","","Y","N","","N","主键，建议使用雪花ID或数据库统一ID生成策略。"
"P0++++","运行时韧性与架构支撑域","pro_mbr_context_refresh_log","MBR执行上下文刷新日志表","2","old_context_id","旧上下文ID","bigint","20","","Y","","","N","Y","pro_mbr_execution_context.context_id","","新增表基础字段定义，后续可按数据库规范继续细化。"
"P0++++","运行时韧性与架构支撑域","pro_mbr_context_refresh_log","MBR执行上下文刷新日志表","3","new_context_id","新上下文ID","bigint","20","","Y","","","N","Y","pro_mbr_execution_context.context_id","","新增表基础字段定义，后续可按数据库规范继续细化。"
"P0++++","运行时韧性与架构支撑域","pro_mbr_context_refresh_log","MBR执行上下文刷新日志表","4","source_type","刷新来源类型","varchar","32","","N","","mes_context_refresh_source_type","N","N","","","新增表基础字段定义，后续可按数据库规范继续细化。"
"P0++++","运行时韧性与架构支撑域","pro_mbr_context_refresh_log","MBR执行上下文刷新日志表","5","source_ecn_id","来源ECN ID","bigint","20","","Y","","","N","Y","pro_ecn_order.ecn_id","","新增表基础字段定义，后续可按数据库规范继续细化。"
"P0++++","运行时韧性与架构支撑域","pro_mbr_context_refresh_log","MBR执行上下文刷新日志表","6","affected_scope","影响范围","varchar","1000","","Y","","","N","N","","","新增表基础字段定义，后续可按数据库规范继续细化。"
"P0++++","运行时韧性与架构支撑域","pro_mbr_context_refresh_log","MBR执行上下文刷新日志表","7","old_context_hash","旧上下文哈希","varchar","128","","Y","","","N","N","","","新增表基础字段定义，后续可按数据库规范继续细化。"
"P0++++","运行时韧性与架构支撑域","pro_mbr_context_refresh_log","MBR执行上下文刷新日志表","8","new_context_hash","新上下文哈希","varchar","128","","Y","","","N","N","","","新增表基础字段定义，后续可按数据库规范继续细化。"
"P0++++","运行时韧性与架构支撑域","pro_mbr_context_refresh_log","MBR执行上下文刷新日志表","9","before_status","刷新前状态","varchar","32","","Y","","mes_mbr_context_status","N","N","","","新增表基础字段定义，后续可按数据库规范继续细化。"
"P0++++","运行时韧性与架构支撑域","pro_mbr_context_refresh_log","MBR执行上下文刷新日志表","10","after_status","刷新后状态","varchar","32","","Y","","mes_mbr_context_status","N","N","","","新增表基础字段定义，后续可按数据库规范继续细化。"
"P0++++","运行时韧性与架构支撑域","pro_mbr_context_refresh_log","MBR执行上下文刷新日志表","11","refresh_result","刷新结果","varchar","32","","N","","mes_context_refresh_result","N","N","","","新增表基础字段定义，后续可按数据库规范继续细化。"
"P0++++","运行时韧性与架构支撑域","pro_mbr_context_refresh_log","MBR执行上下文刷新日志表","12","diff_summary","差异摘要","varchar","1000","","Y","","","N","N","","","新增表基础字段定义，后续可按数据库规范继续细化。"
"P0++++","运行时韧性与架构支撑域","pro_mbr_context_refresh_log","MBR执行上下文刷新日志表","13","failure_reason","失败原因","varchar","1000","","Y","","","N","N","","","新增表基础字段定义，后续可按数据库规范继续细化。"
"P0++++","运行时韧性与架构支撑域","pro_mbr_context_refresh_log","MBR执行上下文刷新日志表","14","operator_id","处理人ID","bigint","20","","Y","","","N","Y","pro_person_master.person_id","","新增表基础字段定义，后续可按数据库规范继续细化。"
"P0++++","运行时韧性与架构支撑域","pro_mbr_context_refresh_log","MBR执行上下文刷新日志表","15","signature_id","电子签名ID","bigint","20","","Y","","","N","Y","pro_e_signature_record.signature_id","","新增表基础字段定义，后续可按数据库规范继续细化。"
"P0++++","运行时韧性与架构支撑域","pro_mbr_context_refresh_log","MBR执行上下文刷新日志表","16","audit_trail_id","审计追踪ID","bigint","20","","Y","","","N","Y","pro_audit_trail.audit_trail_id","","新增表基础字段定义，后续可按数据库规范继续细化。"
"P0++++","运行时韧性与架构支撑域","pro_mbr_context_refresh_log","MBR执行上下文刷新日志表","17","refresh_time","刷新时间","timestamp","","","N","","","N","N","","","新增表基础字段定义，后续可按数据库规范继续细化。 PostgreSQL适配：由 datetime 调整为 timestamp。"
"P0++++","运行时韧性与架构支撑域","pro_mbr_context_refresh_log","MBR执行上下文刷新日志表","18","create_by","创建人","varchar","64","","Y","","","N","N","","N","记录创建人。"
"P0++++","运行时韧性与架构支撑域","pro_mbr_context_refresh_log","MBR执行上下文刷新日志表","19","create_time","创建时间","timestamp","","","N","","","N","N","","N","记录创建时间。 PostgreSQL适配：由 datetime 调整为 timestamp。"
"P0++++","运行时韧性与架构支撑域","pro_mbr_context_refresh_log","MBR执行上下文刷新日志表","20","update_by","更新人","varchar","64","","Y","","","N","N","","N","记录最后更新人。"
"P0++++","运行时韧性与架构支撑域","pro_mbr_context_refresh_log","MBR执行上下文刷新日志表","21","update_time","更新时间","timestamp","","","Y","","","N","N","","N","记录最后更新时间。 PostgreSQL适配：由 datetime 调整为 timestamp。"
"P0++++","运行时韧性与架构支撑域","pro_mbr_context_refresh_log","MBR执行上下文刷新日志表","22","del_flag","逻辑删除标识","char","1","","N","0","sys_del_flag","N","N","","N","逻辑删除标识，0表示正常，1表示删除。"
"P0++++","运行时韧性与架构支撑域","pro_mbr_context_refresh_log","MBR执行上下文刷新日志表","23","remark","备注","varchar","500","","Y","","","N","N","","N","补充说明。"
"P0++++","运行时韧性与架构支撑域","pro_transactional_outbox","事务外箱事件表","1","outbox_id","事务外箱事件ID","bigint","20","","N","","","Y","N","","N","主键，建议使用雪花ID或数据库统一ID生成策略。"
"P0++++","运行时韧性与架构支撑域","pro_transactional_outbox","事务外箱事件表","2","event_type","事件类型","varchar","64","","N","","mes_outbox_event_type","N","N","","","新增表基础字段定义，后续可按数据库规范继续细化。"
"P0++++","运行时韧性与架构支撑域","pro_transactional_outbox","事务外箱事件表","3","biz_table","业务表名","varchar","128","","N","","","N","N","","","新增表基础字段定义，后续可按数据库规范继续细化。"
"P0++++","运行时韧性与架构支撑域","pro_transactional_outbox","事务外箱事件表","4","biz_id","业务ID","bigint","20","","N","","","N","N","","","新增表基础字段定义，后续可按数据库规范继续细化。"
"P0++++","运行时韧性与架构支撑域","pro_transactional_outbox","事务外箱事件表","5","target_system","目标系统","varchar","32","","N","","mes_target_system","N","N","","","新增表基础字段定义，后续可按数据库规范继续细化。"
"P0++++","运行时韧性与架构支撑域","pro_transactional_outbox","事务外箱事件表","6","payload","事件载荷","jsonb","","","N","","","N","N","","","新增表基础字段定义，后续可按数据库规范继续细化。 PostgreSQL适配：由 text 调整为 jsonb。"
"P0++++","运行时韧性与架构支撑域","pro_transactional_outbox","事务外箱事件表","7","idempotency_key","幂等键","varchar","128","","Y","","","N","N","","","新增表基础字段定义，后续可按数据库规范继续细化。"
"P0++++","运行时韧性与架构支撑域","pro_transactional_outbox","事务外箱事件表","8","partition_key","分区键","varchar","128","","Y","","","N","N","","","新增表基础字段定义，后续可按数据库规范继续细化。"
"P0++++","运行时韧性与架构支撑域","pro_transactional_outbox","事务外箱事件表","9","event_version","事件版本","varchar","32","","Y","","","N","N","","","新增表基础字段定义，后续可按数据库规范继续细化。"
"P0++++","运行时韧性与架构支撑域","pro_transactional_outbox","事务外箱事件表","10","trace_id","链路追踪ID","varchar","128","","Y","","","N","N","","","新增表基础字段定义，后续可按数据库规范继续细化。"
"P0++++","运行时韧性与架构支撑域","pro_transactional_outbox","事务外箱事件表","11","publish_mode","发布模式","varchar","32","","N","","mes_outbox_publish_mode","N","N","","","新增表基础字段定义，后续可按数据库规范继续细化。"
"P0++++","运行时韧性与架构支撑域","pro_transactional_outbox","事务外箱事件表","12","cdc_published_flag","CDC是否已发布","char","1","","N","N","sys_yes_no","N","N","","","新增表基础字段定义，后续可按数据库规范继续细化。"
"P0++++","运行时韧性与架构支撑域","pro_transactional_outbox","事务外箱事件表","13","event_status","事件状态","varchar","32","","N","","mes_outbox_event_status","N","N","","","新增表基础字段定义，后续可按数据库规范继续细化。"
"P0++++","运行时韧性与架构支撑域","pro_transactional_outbox","事务外箱事件表","14","retry_count","重试次数","integer","11","","N","0","","N","N","","","新增表基础字段定义，后续可按数据库规范继续细化。 PostgreSQL适配：由 int 调整为 integer。"
"P0++++","运行时韧性与架构支撑域","pro_transactional_outbox","事务外箱事件表","15","next_retry_time","下次重试时间","timestamp","","","Y","","","N","N","","","新增表基础字段定义，后续可按数据库规范继续细化。 PostgreSQL适配：由 datetime 调整为 timestamp。"
"P0++++","运行时韧性与架构支撑域","pro_transactional_outbox","事务外箱事件表","16","dead_letter_id","死信消息ID","bigint","20","","Y","","","N","Y","pro_dead_letter_message.dead_letter_id","","新增表基础字段定义，后续可按数据库规范继续细化。"
"P0++++","运行时韧性与架构支撑域","pro_transactional_outbox","事务外箱事件表","17","last_error_message","最后错误信息","varchar","1000","","Y","","","N","N","","","新增表基础字段定义，后续可按数据库规范继续细化。"
"P0++++","运行时韧性与架构支撑域","pro_transactional_outbox","事务外箱事件表","18","sent_time","发送时间","timestamp","","","Y","","","N","N","","","新增表基础字段定义，后续可按数据库规范继续细化。 PostgreSQL适配：由 datetime 调整为 timestamp。"
"P0++++","运行时韧性与架构支撑域","pro_transactional_outbox","事务外箱事件表","19","create_by","创建人","varchar","64","","Y","","","N","N","","N","记录创建人。"
"P0++++","运行时韧性与架构支撑域","pro_transactional_outbox","事务外箱事件表","20","create_time","创建时间","timestamp","","","N","","","N","N","","N","记录创建时间。 PostgreSQL适配：由 datetime 调整为 timestamp。"
"P0++++","运行时韧性与架构支撑域","pro_transactional_outbox","事务外箱事件表","21","update_by","更新人","varchar","64","","Y","","","N","N","","N","记录最后更新人。"
"P0++++","运行时韧性与架构支撑域","pro_transactional_outbox","事务外箱事件表","22","update_time","更新时间","timestamp","","","Y","","","N","N","","N","记录最后更新时间。 PostgreSQL适配：由 datetime 调整为 timestamp。"
"P0++++","运行时韧性与架构支撑域","pro_transactional_outbox","事务外箱事件表","23","del_flag","逻辑删除标识","char","1","","N","0","sys_del_flag","N","N","","N","逻辑删除标识，0表示正常，1表示删除。"
"P0++++","运行时韧性与架构支撑域","pro_transactional_outbox","事务外箱事件表","24","remark","备注","varchar","500","","Y","","","N","N","","N","补充说明。"
"P0++++","运行时韧性与架构支撑域","pro_integration_reconcile_task","集成对账补偿任务表","1","reconcile_task_id","集成对账补偿任务ID","bigint","20","","N","","","Y","N","","N","主键，建议使用雪花ID或数据库统一ID生成策略。"
"P0++++","运行时韧性与架构支撑域","pro_integration_reconcile_task","集成对账补偿任务表","2","task_no","补偿任务编号","varchar","64","","N","","","N","N","","Y","新增表基础字段定义，后续可按数据库规范继续细化。"
"P0++++","运行时韧性与架构支撑域","pro_integration_reconcile_task","集成对账补偿任务表","3","outbox_id","事务外箱事件ID","bigint","20","","Y","","","N","Y","pro_transactional_outbox.outbox_id","","新增表基础字段定义，后续可按数据库规范继续细化。"
"P0++++","运行时韧性与架构支撑域","pro_integration_reconcile_task","集成对账补偿任务表","4","interface_msg_id","接口消息ID","bigint","20","","Y","","","N","Y","pro_interface_message.interface_msg_id","","新增表基础字段定义，后续可按数据库规范继续细化。"
"P0++++","运行时韧性与架构支撑域","pro_integration_reconcile_task","集成对账补偿任务表","5","dead_letter_id","死信消息ID","bigint","20","","Y","","","N","Y","pro_dead_letter_message.dead_letter_id","","新增表基础字段定义，后续可按数据库规范继续细化。"
"P0++++","运行时韧性与架构支撑域","pro_integration_reconcile_task","集成对账补偿任务表","6","target_system","目标系统","varchar","32","","N","","mes_target_system","N","N","","","新增表基础字段定义，后续可按数据库规范继续细化。"
"P0++++","运行时韧性与架构支撑域","pro_integration_reconcile_task","集成对账补偿任务表","7","task_type","任务类型","varchar","32","","N","","mes_reconcile_task_type","N","N","","","新增表基础字段定义，后续可按数据库规范继续细化。"
"P0++++","运行时韧性与架构支撑域","pro_integration_reconcile_task","集成对账补偿任务表","8","task_action","处理动作","varchar","32","","Y","","mes_reconcile_action","N","N","","","新增表基础字段定义，后续可按数据库规范继续细化。"
"P0++++","运行时韧性与架构支撑域","pro_integration_reconcile_task","集成对账补偿任务表","9","task_status","任务状态","varchar","32","","N","","mes_reconcile_task_status","N","N","","","新增表基础字段定义，后续可按数据库规范继续细化。"
"P0++++","运行时韧性与架构支撑域","pro_integration_reconcile_task","集成对账补偿任务表","10","owner_id","负责人ID","bigint","20","","Y","","","N","Y","pro_person_master.person_id","","新增表基础字段定义，后续可按数据库规范继续细化。"
"P0++++","运行时韧性与架构支撑域","pro_integration_reconcile_task","集成对账补偿任务表","11","sla_due_time","SLA到期时间","timestamp","","","Y","","","N","N","","","新增表基础字段定义，后续可按数据库规范继续细化。 PostgreSQL适配：由 datetime 调整为 timestamp。"
"P0++++","运行时韧性与架构支撑域","pro_integration_reconcile_task","集成对账补偿任务表","12","resolved_time","解决时间","timestamp","","","Y","","","N","N","","","新增表基础字段定义，后续可按数据库规范继续细化。 PostgreSQL适配：由 datetime 调整为 timestamp。"
"P0++++","运行时韧性与架构支撑域","pro_integration_reconcile_task","集成对账补偿任务表","13","resolution_comment","处理结论","varchar","1000","","Y","","","N","N","","","新增表基础字段定义，后续可按数据库规范继续细化。"
"P0++++","运行时韧性与架构支撑域","pro_integration_reconcile_task","集成对账补偿任务表","14","create_by","创建人","varchar","64","","Y","","","N","N","","N","记录创建人。"
"P0++++","运行时韧性与架构支撑域","pro_integration_reconcile_task","集成对账补偿任务表","15","create_time","创建时间","timestamp","","","N","","","N","N","","N","记录创建时间。 PostgreSQL适配：由 datetime 调整为 timestamp。"
"P0++++","运行时韧性与架构支撑域","pro_integration_reconcile_task","集成对账补偿任务表","16","update_by","更新人","varchar","64","","Y","","","N","N","","N","记录最后更新人。"
"P0++++","运行时韧性与架构支撑域","pro_integration_reconcile_task","集成对账补偿任务表","17","update_time","更新时间","timestamp","","","Y","","","N","N","","N","记录最后更新时间。 PostgreSQL适配：由 datetime 调整为 timestamp。"
"P0++++","运行时韧性与架构支撑域","pro_integration_reconcile_task","集成对账补偿任务表","18","del_flag","逻辑删除标识","char","1","","N","0","sys_del_flag","N","N","","N","逻辑删除标识，0表示正常，1表示删除。"
"P0++++","运行时韧性与架构支撑域","pro_integration_reconcile_task","集成对账补偿任务表","19","remark","备注","varchar","500","","Y","","","N","N","","N","补充说明。"
"P0++++","运行时韧性与架构支撑域","pro_idempotency_request","幂等请求记录表","1","idempotency_id","幂等请求记录ID","bigint","20","","N","","","Y","N","","N","主键，建议使用雪花ID或数据库统一ID生成策略。"
"P0++++","运行时韧性与架构支撑域","pro_idempotency_request","幂等请求记录表","2","idempotency_key","幂等键","varchar","128","","N","","","N","N","","Y","新增表基础字段定义，后续可按数据库规范继续细化。"
"P0++++","运行时韧性与架构支撑域","pro_idempotency_request","幂等请求记录表","3","source_terminal","来源终端","varchar","128","","Y","","","N","N","","","新增表基础字段定义，后续可按数据库规范继续细化。"
"P0++++","运行时韧性与架构支撑域","pro_idempotency_request","幂等请求记录表","4","operator_id","操作人ID","bigint","20","","Y","","","N","Y","pro_person_master.person_id","","新增表基础字段定义，后续可按数据库规范继续细化。"
"P0++++","运行时韧性与架构支撑域","pro_idempotency_request","幂等请求记录表","5","biz_type","业务类型","varchar","64","","N","","mes_idempotency_biz_type","N","N","","","新增表基础字段定义，后续可按数据库规范继续细化。"
"P0++++","运行时韧性与架构支撑域","pro_idempotency_request","幂等请求记录表","6","biz_id","业务ID","bigint","20","","Y","","","N","N","","","新增表基础字段定义，后续可按数据库规范继续细化。"
"P0++++","运行时韧性与架构支撑域","pro_idempotency_request","幂等请求记录表","7","request_hash","请求内容哈希","varchar","128","","N","","","N","N","","","新增表基础字段定义，后续可按数据库规范继续细化。"
"P0++++","运行时韧性与架构支撑域","pro_idempotency_request","幂等请求记录表","8","process_status","处理状态","varchar","32","","N","","mes_idempotency_status","N","N","","","新增表基础字段定义，后续可按数据库规范继续细化。"
"P0++++","运行时韧性与架构支撑域","pro_idempotency_request","幂等请求记录表","9","response_snapshot","响应快照","jsonb","","","Y","","","N","N","","","新增表基础字段定义，后续可按数据库规范继续细化。 PostgreSQL适配：由 text 调整为 jsonb。"
"P0++++","运行时韧性与架构支撑域","pro_idempotency_request","幂等请求记录表","10","expire_time","过期时间","timestamp","","","N","","","N","N","","","新增表基础字段定义，后续可按数据库规范继续细化。 PostgreSQL适配：由 datetime 调整为 timestamp。"
"P0++++","运行时韧性与架构支撑域","pro_idempotency_request","幂等请求记录表","11","archive_flag","是否已归档","char","1","","N","N","sys_yes_no","N","N","","","新增表基础字段定义，后续可按数据库规范继续细化。"
"P0++++","运行时韧性与架构支撑域","pro_idempotency_request","幂等请求记录表","12","create_by","创建人","varchar","64","","Y","","","N","N","","N","记录创建人。"
"P0++++","运行时韧性与架构支撑域","pro_idempotency_request","幂等请求记录表","13","create_time","创建时间","timestamp","","","N","","","N","N","","N","记录创建时间。 PostgreSQL适配：由 datetime 调整为 timestamp。"
"P0++++","运行时韧性与架构支撑域","pro_idempotency_request","幂等请求记录表","14","update_by","更新人","varchar","64","","Y","","","N","N","","N","记录最后更新人。"
"P0++++","运行时韧性与架构支撑域","pro_idempotency_request","幂等请求记录表","15","update_time","更新时间","timestamp","","","Y","","","N","N","","N","记录最后更新时间。 PostgreSQL适配：由 datetime 调整为 timestamp。"
"P0++++","运行时韧性与架构支撑域","pro_idempotency_request","幂等请求记录表","16","del_flag","逻辑删除标识","char","1","","N","0","sys_del_flag","N","N","","N","逻辑删除标识，0表示正常，1表示删除。"
"P0++++","运行时韧性与架构支撑域","pro_idempotency_request","幂等请求记录表","17","remark","备注","varchar","500","","Y","","","N","N","","N","补充说明。"
"P0++++","运行时韧性与架构支撑域","pro_dead_letter_message","死信消息表","1","dead_letter_id","死信消息ID","bigint","20","","N","","","Y","N","","N","主键，建议使用雪花ID或数据库统一ID生成策略。"
"P0++++","运行时韧性与架构支撑域","pro_dead_letter_message","死信消息表","2","source_table","来源表名","varchar","128","","Y","","","N","N","","","新增表基础字段定义，后续可按数据库规范继续细化。"
"P0++++","运行时韧性与架构支撑域","pro_dead_letter_message","死信消息表","3","source_id","来源业务ID","bigint","20","","Y","","","N","N","","","新增表基础字段定义，后续可按数据库规范继续细化。"
"P0++++","运行时韧性与架构支撑域","pro_dead_letter_message","死信消息表","4","message_type","消息类型","varchar","64","","N","","mes_dead_letter_message_type","N","N","","","新增表基础字段定义，后续可按数据库规范继续细化。"
"P0++++","运行时韧性与架构支撑域","pro_dead_letter_message","死信消息表","5","target_system","目标系统","varchar","32","","Y","","mes_target_system","N","N","","","新增表基础字段定义，后续可按数据库规范继续细化。"
"P0++++","运行时韧性与架构支撑域","pro_dead_letter_message","死信消息表","6","payload","消息载荷","jsonb","","","Y","","","N","N","","","新增表基础字段定义，后续可按数据库规范继续细化。 PostgreSQL适配：由 text 调整为 jsonb。"
"P0++++","运行时韧性与架构支撑域","pro_dead_letter_message","死信消息表","7","failure_count","失败次数","integer","11","","N","0","","N","N","","","新增表基础字段定义，后续可按数据库规范继续细化。 PostgreSQL适配：由 int 调整为 integer。"
"P0++++","运行时韧性与架构支撑域","pro_dead_letter_message","死信消息表","8","last_fail_time","最后失败时间","timestamp","","","Y","","","N","N","","","新增表基础字段定义，后续可按数据库规范继续细化。 PostgreSQL适配：由 datetime 调整为 timestamp。"
"P0++++","运行时韧性与架构支撑域","pro_dead_letter_message","死信消息表","9","last_error_message","最后错误信息","varchar","1000","","Y","","","N","N","","","新增表基础字段定义，后续可按数据库规范继续细化。"
"P0++++","运行时韧性与架构支撑域","pro_dead_letter_message","死信消息表","10","process_status","处理状态","varchar","32","","N","","mes_dead_letter_status","N","N","","","新增表基础字段定义，后续可按数据库规范继续细化。"
"P0++++","运行时韧性与架构支撑域","pro_dead_letter_message","死信消息表","11","owner_id","负责人ID","bigint","20","","Y","","","N","Y","pro_person_master.person_id","","新增表基础字段定义，后续可按数据库规范继续细化。"
"P0++++","运行时韧性与架构支撑域","pro_dead_letter_message","死信消息表","12","sla_due_time","SLA到期时间","timestamp","","","Y","","","N","N","","","新增表基础字段定义，后续可按数据库规范继续细化。 PostgreSQL适配：由 datetime 调整为 timestamp。"
"P0++++","运行时韧性与架构支撑域","pro_dead_letter_message","死信消息表","13","resolved_time","解决时间","timestamp","","","Y","","","N","N","","","新增表基础字段定义，后续可按数据库规范继续细化。 PostgreSQL适配：由 datetime 调整为 timestamp。"
"P0++++","运行时韧性与架构支撑域","pro_dead_letter_message","死信消息表","14","reconcile_task_id","补偿任务ID","bigint","20","","Y","","","N","Y","pro_integration_reconcile_task.reconcile_task_id","","新增表基础字段定义，后续可按数据库规范继续细化。"
"P0++++","运行时韧性与架构支撑域","pro_dead_letter_message","死信消息表","15","create_by","创建人","varchar","64","","Y","","","N","N","","N","记录创建人。"
"P0++++","运行时韧性与架构支撑域","pro_dead_letter_message","死信消息表","16","create_time","创建时间","timestamp","","","N","","","N","N","","N","记录创建时间。 PostgreSQL适配：由 datetime 调整为 timestamp。"
"P0++++","运行时韧性与架构支撑域","pro_dead_letter_message","死信消息表","17","update_by","更新人","varchar","64","","Y","","","N","N","","N","记录最后更新人。"
"P0++++","运行时韧性与架构支撑域","pro_dead_letter_message","死信消息表","18","update_time","更新时间","timestamp","","","Y","","","N","N","","N","记录最后更新时间。 PostgreSQL适配：由 datetime 调整为 timestamp。"
"P0++++","运行时韧性与架构支撑域","pro_dead_letter_message","死信消息表","19","del_flag","逻辑删除标识","char","1","","N","0","sys_del_flag","N","N","","N","逻辑删除标识，0表示正常，1表示删除。"
"P0++++","运行时韧性与架构支撑域","pro_dead_letter_message","死信消息表","20","remark","备注","varchar","500","","Y","","","N","N","","N","补充说明。"
P0,核心运行层,pro_production_order,生产工单头表,23,plan_no,配套计划号,varchar,64,,Y,,,N,N,,Y,DM-20260512-002：跨成品/半成品/校准品/质控品的配套追踪主线。
P0,核心运行层,pro_production_order,生产工单头表,24,local_request_no,MES本地请求号,varchar,64,,Y,,,N,N,,Y,DM-20260512-002：MES本地生成的SAP半成品订单请求号。
P0,核心运行层,pro_production_order,生产工单头表,25,sap_order_no,SAP生产订单号,varchar,64,,Y,,,N,N,,N,DM-20260512-002：SAP返回的正式生产订单号。
P0,核心运行层,pro_production_order,生产工单头表,26,sap_sync_status,SAP同步状态,varchar,20,,Y,,mes_sap_sync_status,N,N,,N,DM-20260512-002：待同步/同步中/已同步/同步失败。
P0,核心运行层,pro_production_order,生产工单头表,27,sap_message,SAP返回消息,varchar,500,,Y,,,N,N,,N,DM-20260512-002：SAP接口返回的消息或错误信息。
P2,高级追溯与接口运营层,pro_wip_lot,在制品批次表,15,plan_no,配套计划号,varchar,64,,Y,,,N,N,,N,DM-20260512-002：继承自生产工单的配套计划号，用于配套追溯。
P2,高级追溯与接口运营层,pro_finished_good_lot,成品批次表,15,plan_no,配套计划号,varchar,64,,Y,,,N,N,,N,DM-20260512-002：继承自生产工单的配套计划号，用于配套追溯。
P0+,补充核心表,pro_kit_plan,配套计划主表,1,kit_plan_id,配套计划ID,bigint,20,,N,,,Y,N,,N,主键。
P0+,补充核心表,pro_kit_plan,配套计划主表,2,plan_no,配套计划号,varchar,64,,N,,,N,N,,Y,跨成品/半成品/校准品/质控品的配套追踪主线。
P0+,补充核心表,pro_kit_plan,配套计划主表,3,campaign_no,Campaign编号,varchar,64,,Y,,,N,N,,N,批次Campaign编号。
P0+,补充核心表,pro_kit_plan,配套计划主表,4,fg_material_id,成品物料ID,bigint,20,,N,,,N,Y,pro_material_master.material_id,N,成品物料。
P0+,补充核心表,pro_kit_plan,配套计划主表,5,fg_order_id,成品工单ID,bigint,20,,N,,,N,Y,pro_production_order.prod_order_id,N,成品生产工单。
P0+,补充核心表,pro_kit_plan,配套计划主表,6,total_demand_qty,总需求量,numeric,18,6,Y,0,,N,N,,N,成品总需求量。
P0+,补充核心表,pro_kit_plan,配套计划主表,7,plan_status,计划状态,varchar,20,,N,0,mes_kit_plan_status,N,N,,N,草稿/已确认/执行中/已完成/已取消。
P0+,补充核心表,pro_kit_plan,配套计划主表,8,sap_mrp_status,SAP MRP冲抵状态,varchar,20,,Y,,mes_sap_mrp_status,N,N,,N,未冲抵/已冲抵/部分冲抵/冲抵失败。
P0+,补充核心表,pro_kit_plan,配套计划主表,9,create_by,创建人,varchar,64,,N,,,N,N,,N,记录创建人。
P0+,补充核心表,pro_kit_plan,配套计划主表,10,create_time,创建时间,timestamp,,,N,,,N,N,,N,记录创建时间。
P0+,补充核心表,pro_kit_plan,配套计划主表,11,update_by,更新人,varchar,64,,Y,,,N,N,,N,记录最后更新人。
P0+,补充核心表,pro_kit_plan,配套计划主表,12,update_time,更新时间,timestamp,,,Y,,,N,N,,N,记录最后更新时间。
P0+,补充核心表,pro_kit_plan,配套计划主表,13,del_flag,逻辑删除标识,char,1,,N,0,sys_del_flag,N,N,,N,逻辑删除标识。
P0+,补充核心表,pro_kit_plan,配套计划主表,14,remark,备注,varchar,500,,Y,,,N,N,,N,补充说明。
P0+,补充核心表,pro_kit_plan_order_rel,配套计划订单关系表,1,rel_id,关系ID,bigint,20,,N,,,Y,N,,N,主键。
P0+,补充核心表,pro_kit_plan_order_rel,配套计划订单关系表,2,kit_plan_id,配套计划ID,bigint,20,,N,,,N,Y,pro_kit_plan.kit_plan_id,N,关联配套计划。
P0+,补充核心表,pro_kit_plan_order_rel,配套计划订单关系表,3,prod_order_id,生产工单ID,bigint,20,,N,,,N,Y,pro_production_order.prod_order_id,N,关联生产工单。
P0+,补充核心表,pro_kit_plan_order_rel,配套计划订单关系表,4,order_role,订单角色,varchar,20,,N,,mes_order_role,N,N,,N,成品/半成品/校准品/质控品。
P0+,补充核心表,pro_kit_plan_order_rel,配套计划订单关系表,5,demand_qty,需求量,numeric,18,6,Y,0,,N,N,,N,该订单需求量。
P0+,补充核心表,pro_kit_plan_order_rel,配套计划订单关系表,6,sap_order_no,SAP订单号,varchar,64,,Y,,,N,N,,N,SAP返回的生产订单号。
P0+,补充核心表,pro_kit_plan_order_rel,配套计划订单关系表,7,create_by,创建人,varchar,64,,N,,,N,N,,N,记录创建人。
P0+,补充核心表,pro_kit_plan_order_rel,配套计划订单关系表,8,create_time,创建时间,timestamp,,,N,,,N,N,,N,记录创建时间。
P0+,补充核心表,pro_kit_plan_order_rel,配套计划订单关系表,9,update_by,更新人,varchar,64,,Y,,,N,N,,N,记录最后更新人。
P0+,补充核心表,pro_kit_plan_order_rel,配套计划订单关系表,10,update_time,更新时间,timestamp,,,Y,,,N,N,,N,记录最后更新时间。
P0+,补充核心表,pro_kit_plan_order_rel,配套计划订单关系表,11,del_flag,逻辑删除标识,char,1,,N,0,sys_del_flag,N,N,,N,逻辑删除标识。
P0+,补充核心表,pro_traceability_task,量值溯源任务表,1,trace_task_id,溯源任务ID,bigint,20,,N,,,Y,N,,N,主键。
P0+,补充核心表,pro_traceability_task,量值溯源任务表,2,kit_plan_id,配套计划ID,bigint,20,,N,,,N,Y,pro_kit_plan.kit_plan_id,N,关联配套计划。
P0+,补充核心表,pro_traceability_task,量值溯源任务表,3,plan_no,配套计划号,varchar,64,,N,,,N,N,,N,配套计划号。
P0+,补充核心表,pro_traceability_task,量值溯源任务表,4,task_status,任务状态,varchar,20,,N,0,mes_trace_task_status,N,N,,N,待溯源/溯源中/已审核/已解锁。
P0+,补充核心表,pro_traceability_task,量值溯源任务表,5,reference_standard,参考品/标准品,varchar,200,,Y,,,N,N,,N,参考品或标准品描述。
P0+,补充核心表,pro_traceability_task,量值溯源任务表,6,instrument_id,仪器ID,bigint,20,,Y,,,N,Y,pro_equipment_master.equipment_id,N,溯源使用仪器。
P0+,补充核心表,pro_traceability_task,量值溯源任务表,7,method_desc,方法描述,varchar,500,,Y,,,N,N,,N,溯源方法描述。
P0+,补充核心表,pro_traceability_task,量值溯源任务表,8,target_value,靶值,numeric,18,6,,Y,,,N,N,,N,溯源靶值。
P0+,补充核心表,pro_traceability_task,量值溯源任务表,9,uncertainty,不确定度,numeric,18,6,,Y,,,N,N,,N,测量不确定度。
P0+,补充核心表,pro_traceability_task,量值溯源任务表,10,review_status,审核状态,varchar,20,,N,0,mes_review_status,N,N,,N,待审核/审核通过/审核驳回。
P0+,补充核心表,pro_traceability_task,量值溯源任务表,11,review_by,审核人,varchar,64,,Y,,,N,N,,N,审核人。
P0+,补充核心表,pro_traceability_task,量值溯源任务表,12,review_time,审核时间,timestamp,,,Y,,,N,N,,N,审核时间。
P0+,补充核心表,pro_traceability_task,量值溯源任务表,13,create_by,创建人,varchar,64,,N,,,N,N,,N,记录创建人。
P0+,补充核心表,pro_traceability_task,量值溯源任务表,14,create_time,创建时间,timestamp,,,N,,,N,N,,N,记录创建时间。
P0+,补充核心表,pro_traceability_task,量值溯源任务表,15,update_by,更新人,varchar,64,,Y,,,N,N,,N,记录最后更新人。
P0+,补充核心表,pro_traceability_task,量值溯源任务表,16,update_time,更新时间,timestamp,,,Y,,,N,N,,N,记录最后更新时间。
P0+,补充核心表,pro_traceability_task,量值溯源任务表,17,del_flag,逻辑删除标识,char,1,,N,0,sys_del_flag,N,N,,N,逻辑删除标识。
P0+,补充核心表,pro_traceability_task,量值溯源任务表,18,remark,备注,varchar,500,,Y,,,N,N,,N,补充说明。
P0+,补充核心表,pro_traceability_task_lot,量值溯源任务批次明细表,1,trace_task_lot_id,明细ID,bigint,20,,N,,,Y,N,,N,主键。
P0+,补充核心表,pro_traceability_task_lot,量值溯源任务批次明细表,2,trace_task_id,溯源任务ID,bigint,20,,N,,,N,Y,pro_traceability_task.trace_task_id,N,关联溯源任务。
P0+,补充核心表,pro_traceability_task_lot,量值溯源任务批次明细表,3,lot_type,批次类型,varchar,20,,N,,mes_lot_object_type,N,N,,N,物料批次/在制批次/成品批次。
P0+,补充核心表,pro_traceability_task_lot,量值溯源任务批次明细表,4,lot_id,批次ID,bigint,20,,N,,,N,N,,N,泛型批次ID。
P0+,补充核心表,pro_traceability_task_lot,量值溯源任务批次明细表,5,material_lot_id,物料批次ID,bigint,20,,Y,,,N,Y,pro_material_lot.material_lot_id,N,物料批次时使用。
P0+,补充核心表,pro_traceability_task_lot,量值溯源任务批次明细表,6,wip_lot_id,在制批次ID,bigint,20,,Y,,,N,Y,pro_wip_lot.wip_lot_id,N,在制批次时使用。
P0+,补充核心表,pro_traceability_task_lot,量值溯源任务批次明细表,7,fg_lot_id,成品批次ID,bigint,20,,Y,,,N,Y,pro_finished_good_lot.fg_lot_id,N,成品批次时使用。
P0+,补充核心表,pro_traceability_task_lot,量值溯源任务批次明细表,8,assigned_value,赋值结果,numeric,18,6,,Y,,,N,N,,N,量值溯源赋值结果。
P0+,补充核心表,pro_traceability_task_lot,量值溯源任务批次明细表,9,unlock_flag,是否已解锁,char,1,,N,0,sys_yes_no,N,N,,N,赋值审核通过后解锁质检。
P0+,补充核心表,pro_traceability_task_lot,量值溯源任务批次明细表,10,create_by,创建人,varchar,64,,N,,,N,N,,N,记录创建人。
P0+,补充核心表,pro_traceability_task_lot,量值溯源任务批次明细表,11,create_time,创建时间,timestamp,,,N,,,N,N,,N,记录创建时间。
P0+,补充核心表,pro_traceability_task_lot,量值溯源任务批次明细表,12,update_by,更新人,varchar,64,,Y,,,N,N,,N,记录最后更新人。
P0+,补充核心表,pro_traceability_task_lot,量值溯源任务批次明细表,13,update_time,更新时间,timestamp,,,Y,,,N,N,,N,记录最后更新时间。
P0+,补充核心表,pro_traceability_task_lot,量值溯源任务批次明细表,14,del_flag,逻辑删除标识,char,1,,N,0,sys_del_flag,N,N,,N,逻辑删除标识。
P0+,补充核心表,pro_dispatch_template,派工单模板表,1,template_id,模板ID,bigint,20,,N,,,Y,N,,N,主键。
P0+,补充核心表,pro_dispatch_template,派工单模板表,2,template_code,模板编码,varchar,64,,N,,,N,N,,Y,模板唯一编码。
P0+,补充核心表,pro_dispatch_template,派工单模板表,3,template_name,模板名称,varchar,128,,N,,,N,N,,N,模板名称。
P0+,补充核心表,pro_dispatch_template,派工单模板表,4,template_version,模板版本,varchar,20,,N,1,,N,N,,N,模板版本号。
P0+,补充核心表,pro_dispatch_template,派工单模板表,5,status,状态,varchar,20,,N,0,status_dict,N,N,,N,草稿/已发布/已停用。
P0+,补充核心表,pro_dispatch_template,派工单模板表,6,remark,备注,varchar,500,,Y,,,N,N,,N,模板说明。
P0+,补充核心表,pro_dispatch_template,派工单模板表,7,create_by,创建人,varchar,64,,N,,,N,N,,N,记录创建人。
P0+,补充核心表,pro_dispatch_template,派工单模板表,8,create_time,创建时间,timestamp,,,N,,,N,N,,N,记录创建时间。
P0+,补充核心表,pro_dispatch_template,派工单模板表,9,update_by,更新人,varchar,64,,Y,,,N,N,,N,记录最后更新人。
P0+,补充核心表,pro_dispatch_template,派工单模板表,10,update_time,更新时间,timestamp,,,Y,,,N,N,,N,记录最后更新时间。
P0+,补充核心表,pro_dispatch_template,派工单模板表,11,del_flag,逻辑删除标识,char,1,,N,0,sys_del_flag,N,N,,N,逻辑删除标识。
P0+,补充核心表,pro_dispatch_template_section,派工单模板分区表,1,section_id,分区ID,bigint,20,,N,,,Y,N,,N,主键。
P0+,补充核心表,pro_dispatch_template_section,派工单模板分区表,2,template_id,模板ID,bigint,20,,N,,,N,Y,pro_dispatch_template.template_id,N,关联模板。
P0+,补充核心表,pro_dispatch_template_section,派工单模板分区表,3,section_code,分区编码,varchar,64,,N,,,N,N,,N,如basic/material/file/alert/order等。
P0+,补充核心表,pro_dispatch_template_section,派工单模板分区表,4,section_name,分区名称,varchar,128,,N,,,N,N,,N,分区显示名称。
P0+,补充核心表,pro_dispatch_template_section,派工单模板分区表,5,sort_no,排序号,integer,11,,N,0,,N,N,,N,分区内排序。
P0+,补充核心表,pro_dispatch_template_section,派工单模板分区表,6,visible_flag,是否可见,char,1,,N,1,sys_yes_no,N,N,,N,是否在派工单中显示。
P0+,补充核心表,pro_dispatch_template_section,派工单模板分区表,7,create_by,创建人,varchar,64,,N,,,N,N,,N,记录创建人。
P0+,补充核心表,pro_dispatch_template_section,派工单模板分区表,8,create_time,创建时间,timestamp,,,N,,,N,N,,N,记录创建时间。
P0+,补充核心表,pro_dispatch_template_section,派工单模板分区表,9,update_by,更新人,varchar,64,,Y,,,N,N,,N,记录最后更新人。
P0+,补充核心表,pro_dispatch_template_section,派工单模板分区表,10,update_time,更新时间,timestamp,,,Y,,,N,N,,N,记录最后更新时间。
P0+,补充核心表,pro_dispatch_template_section,派工单模板分区表,11,del_flag,逻辑删除标识,char,1,,N,0,sys_del_flag,N,N,,N,逻辑删除标识。
P0+,补充核心表,pro_dispatch_template_field,派工单模板字段表,1,field_id,字段ID,bigint,20,,N,,,Y,N,,N,主键。
P0+,补充核心表,pro_dispatch_template_field,派工单模板字段表,2,section_id,分区ID,bigint,20,,N,,,N,Y,pro_dispatch_template_section.section_id,N,关联分区。
P0+,补充核心表,pro_dispatch_template_field,派工单模板字段表,3,field_code,字段编码,varchar,64,,N,,,N,N,,N,字段唯一编码。
P0+,补充核心表,pro_dispatch_template_field,派工单模板字段表,4,field_name,字段名称,varchar,128,,N,,,N,N,,N,字段显示名称。
P0+,补充核心表,pro_dispatch_template_field,派工单模板字段表,5,field_type,字段类型,varchar,20,,N,,mes_field_type,N,N,,N,text/number/date/select/table等。
P0+,补充核心表,pro_dispatch_template_field,派工单模板字段表,6,required_flag,是否必填,char,1,,N,0,sys_yes_no,N,N,,N,是否必填。
P0+,补充核心表,pro_dispatch_template_field,派工单模板字段表,7,default_value,默认值,varchar,500,,Y,,,N,N,,N,字段默认值。
P0+,补充核心表,pro_dispatch_template_field,派工单模板字段表,8,sort_no,排序号,integer,11,,N,0,,N,N,,N,字段内排序。
P0+,补充核心表,pro_dispatch_template_field,派工单模板字段表,9,create_by,创建人,varchar,64,,N,,,N,N,,N,记录创建人。
P0+,补充核心表,pro_dispatch_template_field,派工单模板字段表,10,create_time,创建时间,timestamp,,,N,,,N,N,,N,记录创建时间。
P0+,补充核心表,pro_dispatch_template_field,派工单模板字段表,11,update_by,更新人,varchar,64,,Y,,,N,N,,N,记录最后更新人。
P0+,补充核心表,pro_dispatch_template_field,派工单模板字段表,12,update_time,更新时间,timestamp,,,Y,,,N,N,,N,记录最后更新时间。
P0+,补充核心表,pro_dispatch_template_field,派工单模板字段表,13,del_flag,逻辑删除标识,char,1,,N,0,sys_del_flag,N,N,,N,逻辑删除标识。
P0+,补充核心表,pro_dispatch_template_bind,派工单模板工序绑定表,1,bind_id,绑定ID,bigint,20,,N,,,Y,N,,N,主键。
P0+,补充核心表,pro_dispatch_template_bind,派工单模板工序绑定表,2,template_id,模板ID,bigint,20,,N,,,N,Y,pro_dispatch_template.template_id,N,关联模板。
P0+,补充核心表,pro_dispatch_template_bind,派工单模板工序绑定表,3,operation_id,工序ID,bigint,20,,Y,,,N,Y,pro_routing_operation.operation_id,N,绑定工序。
P0+,补充核心表,pro_dispatch_template_bind,派工单模板工序绑定表,4,operation_type,工序类型,varchar,32,,Y,,,N,N,,N,按工序类型匹配。
P0+,补充核心表,pro_dispatch_template_bind,派工单模板工序绑定表,5,material_id,物料ID,bigint,20,,Y,,,N,Y,pro_material_master.material_id,N,按产品物料匹配。
P0+,补充核心表,pro_dispatch_template_bind,派工单模板工序绑定表,6,work_center_id,工作中心ID,bigint,20,,Y,,,N,Y,pro_work_center_master.work_center_id,N,按工作中心匹配。
P0+,补充核心表,pro_dispatch_template_bind,派工单模板工序绑定表,7,order_type,订单类型,varchar,32,,Y,,,N,N,,N,按订单类型匹配。
P0+,补充核心表,pro_dispatch_template_bind,派工单模板工序绑定表,8,match_priority,匹配优先级,integer,11,,N,0,,N,N,,N,多条件命中时取优先级最高的模板。
P0+,补充核心表,pro_dispatch_template_bind,派工单模板工序绑定表,9,create_by,创建人,varchar,64,,N,,,N,N,,N,记录创建人。
P0+,补充核心表,pro_dispatch_template_bind,派工单模板工序绑定表,10,create_time,创建时间,timestamp,,,N,,,N,N,,N,记录创建时间。
P0+,补充核心表,pro_dispatch_template_bind,派工单模板工序绑定表,11,update_by,更新人,varchar,64,,Y,,,N,N,,N,记录最后更新人。
P0+,补充核心表,pro_dispatch_template_bind,派工单模板工序绑定表,12,update_time,更新时间,timestamp,,,Y,,,N,N,,N,记录最后更新时间。
P0+,补充核心表,pro_dispatch_template_bind,派工单模板工序绑定表,13,del_flag,逻辑删除标识,char,1,,N,0,sys_del_flag,N,N,,N,逻辑删除标识。
P0+,补充核心表,pro_dispatch_instance_field_value,派工单实例字段值表,1,instance_field_id,实例字段值ID,bigint,20,,N,,,Y,N,,N,主键。
P0+,补充核心表,pro_dispatch_instance_field_value,派工单实例字段值表,2,dispatch_id,派工单ID,bigint,20,,N,,,N,Y,pro_shop_floor_dispatch.dispatch_id,N,关联派工单。
P0+,补充核心表,pro_dispatch_instance_field_value,派工单实例字段值表,3,field_id,字段ID,bigint,20,,N,,,N,Y,pro_dispatch_template_field.field_id,N,关联模板字段。
P0+,补充核心表,pro_dispatch_instance_field_value,派工单实例字段值表,4,field_value,字段值,text,,,Y,,,N,N,,N,实际字段值。
P0+,补充核心表,pro_dispatch_instance_field_value,派工单实例字段值表,5,create_by,创建人,varchar,64,,N,,,N,N,,N,记录创建人。
P0+,补充核心表,pro_dispatch_instance_field_value,派工单实例字段值表,6,create_time,创建时间,timestamp,,,N,,,N,N,,N,记录创建时间。
P0+,补充核心表,pro_dispatch_instance_field_value,派工单实例字段值表,7,update_by,更新人,varchar,64,,Y,,,N,N,,N,记录最后更新人。
P0+,补充核心表,pro_dispatch_instance_field_value,派工单实例字段值表,8,update_time,更新时间,timestamp,,,Y,,,N,N,,N,记录最后更新时间。
P0+,补充核心表,pro_dispatch_instance_field_value,派工单实例字段值表,9,del_flag,逻辑删除标识,char,1,,N,0,sys_del_flag,N,N,,N,逻辑删除标识。
P0+,补充核心表,pro_material_requisition,生产领料申请表,1,requisition_id,领料申请ID,bigint,20,,N,,,Y,N,,N,主键。
P0+,补充核心表,pro_material_requisition,生产领料申请表,2,prod_order_id,生产工单ID,bigint,20,,N,,,N,Y,pro_production_order.prod_order_id,N,关联工单。
P0+,补充核心表,pro_material_requisition,生产领料申请表,3,order_op_id,工单工序ID,bigint,20,,Y,,,N,Y,pro_order_operation.order_op_id,N,关联工序。
P0+,补充核心表,pro_material_requisition,生产领料申请表,4,requisition_no,领料单号,varchar,64,,N,,,N,N,,Y,领料单号。
P0+,补充核心表,pro_material_requisition,生产领料申请表,5,requisition_status,领料状态,varchar,20,,N,0,mes_requisition_status,N,N,,N,草稿/已提交/已发料/已确认/已取消。
P0+,补充核心表,pro_material_requisition,生产领料申请表,6,create_by,创建人,varchar,64,,N,,,N,N,,N,记录创建人。
P0+,补充核心表,pro_material_requisition,生产领料申请表,7,create_time,创建时间,timestamp,,,N,,,N,N,,N,记录创建时间。
P0+,补充核心表,pro_material_requisition,生产领料申请表,8,update_by,更新人,varchar,64,,Y,,,N,N,,N,记录最后更新人。
P0+,补充核心表,pro_material_requisition,生产领料申请表,9,update_time,更新时间,timestamp,,,Y,,,N,N,,N,记录最后更新时间。
P0+,补充核心表,pro_material_requisition,生产领料申请表,10,del_flag,逻辑删除标识,char,1,,N,0,sys_del_flag,N,N,,N,逻辑删除标识。
P0+,补充核心表,pro_material_requisition,生产领料申请表,11,remark,备注,varchar,500,,Y,,,N,N,,N,补充说明。
P0+,补充核心表,pro_material_requisition_item,生产领料明细表,1,requisition_item_id,领料明细ID,bigint,20,,N,,,Y,N,,N,主键。
P0+,补充核心表,pro_material_requisition_item,生产领料明细表,2,requisition_id,领料申请ID,bigint,20,,N,,,N,Y,pro_material_requisition.requisition_id,N,关联领料申请。
P0+,补充核心表,pro_material_requisition_item,生产领料明细表,3,material_id,物料ID,bigint,20,,N,,,N,Y,pro_material_master.material_id,N,物料。
P0+,补充核心表,pro_material_requisition_item,生产领料明细表,4,demand_qty,需求量,numeric,18,6,N,0,,N,N,,N,需求量。
P0+,补充核心表,pro_material_requisition_item,生产领料明细表,5,uom,单位,varchar,20,,Y,,mes_uom,N,N,,N,单位。
P0+,补充核心表,pro_material_requisition_item,生产领料明细表,6,batch_strategy,批次策略,varchar,20,,Y,,mes_batch_strategy,N,N,,N,FIFO/FEFO/指定批次。
P0+,补充核心表,pro_material_requisition_item,生产领料明细表,7,create_by,创建人,varchar,64,,N,,,N,N,,N,记录创建人。
P0+,补充核心表,pro_material_requisition_item,生产领料明细表,8,create_time,创建时间,timestamp,,,N,,,N,N,,N,记录创建时间。
P0+,补充核心表,pro_material_requisition_item,生产领料明细表,9,update_by,更新人,varchar,64,,Y,,,N,N,,N,记录最后更新人。
P0+,补充核心表,pro_material_requisition_item,生产领料明细表,10,update_time,更新时间,timestamp,,,Y,,,N,N,,N,记录最后更新时间。
P0+,补充核心表,pro_material_requisition_item,生产领料明细表,11,del_flag,逻辑删除标识,char,1,,N,0,sys_del_flag,N,N,,N,逻辑删除标识。
P0+,补充核心表,pro_wms_transfer_result,WMS移库结果表,1,transfer_id,移库结果ID,bigint,20,,N,,,Y,N,,N,主键。
P0+,补充核心表,pro_wms_transfer_result,WMS移库结果表,2,requisition_id,领料申请ID,bigint,20,,Y,,,N,Y,pro_material_requisition.requisition_id,N,关联领料申请。
P0+,补充核心表,pro_wms_transfer_result,WMS移库结果表,3,wms_transfer_no,WMS移库单号,varchar,64,,Y,,,N,N,,N,WMS移库单号。
P0+,补充核心表,pro_wms_transfer_result,WMS移库结果表,4,transfer_status,移库状态,varchar,20,,N,0,mes_transfer_status,N,N,,N,已移库/已确认/已退回。
P0+,补充核心表,pro_wms_transfer_result,WMS移库结果表,5,create_by,创建人,varchar,64,,N,,,N,N,,N,记录创建人。
P0+,补充核心表,pro_wms_transfer_result,WMS移库结果表,6,create_time,创建时间,timestamp,,,N,,,N,N,,N,记录创建时间。
P0+,补充核心表,pro_wms_transfer_result,WMS移库结果表,7,update_by,更新人,varchar,64,,Y,,,N,N,,N,记录最后更新人。
P0+,补充核心表,pro_wms_transfer_result,WMS移库结果表,8,update_time,更新时间,timestamp,,,Y,,,N,N,,N,记录最后更新时间。
P0+,补充核心表,pro_wms_transfer_result,WMS移库结果表,9,del_flag,逻辑删除标识,char,1,,N,0,sys_del_flag,N,N,,N,逻辑删除标识。
P0+,补充核心表,pro_wms_transfer_result_item,WMS移库结果明细表,1,transfer_item_id,移库明细ID,bigint,20,,N,,,Y,N,,N,主键。
P0+,补充核心表,pro_wms_transfer_result_item,WMS移库结果明细表,2,transfer_id,移库结果ID,bigint,20,,N,,,N,Y,pro_wms_transfer_result.transfer_id,N,关联移库结果。
P0+,补充核心表,pro_wms_transfer_result_item,WMS移库结果明细表,3,material_id,物料ID,bigint,20,,N,,,N,Y,pro_material_master.material_id,N,物料。
P0+,补充核心表,pro_wms_transfer_result_item,WMS移库结果明细表,4,material_lot_id,物料批次ID,bigint,20,,Y,,,N,Y,pro_material_lot.material_lot_id,N,物料批次。
P0+,补充核心表,pro_wms_transfer_result_item,WMS移库结果明细表,5,transfer_qty,移库数量,numeric,18,6,N,0,,N,N,,N,实际移库数量。
P0+,补充核心表,pro_wms_transfer_result_item,WMS移库结果明细表,6,uom,单位,varchar,20,,Y,,mes_uom,N,N,,N,单位。
P0+,补充核心表,pro_wms_transfer_result_item,WMS移库结果明细表,7,storage_location_id,目标库位ID,bigint,20,,Y,,,N,Y,pro_storage_location_master.storage_location_id,N,线边仓库位。
P0+,补充核心表,pro_wms_transfer_result_item,WMS移库结果明细表,8,create_by,创建人,varchar,64,,N,,,N,N,,N,记录创建人。
P0+,补充核心表,pro_wms_transfer_result_item,WMS移库结果明细表,9,create_time,创建时间,timestamp,,,N,,,N,N,,N,记录创建时间。
P0+,补充核心表,pro_wms_transfer_result_item,WMS移库结果明细表,10,update_by,更新人,varchar,64,,Y,,,N,N,,N,记录最后更新人。
P0+,补充核心表,pro_wms_transfer_result_item,WMS移库结果明细表,11,update_time,更新时间,timestamp,,,Y,,,N,N,,N,记录最后更新时间。
P0+,补充核心表,pro_wms_transfer_result_item,WMS移库结果明细表,12,del_flag,逻辑删除标识,char,1,,N,0,sys_del_flag,N,N,,N,逻辑删除标识。
P0+,补充核心表,pro_line_side_inventory,线边仓库存表,1,inventory_id,库存ID,bigint,20,,N,,,Y,N,,N,主键。
P0+,补充核心表,pro_line_side_inventory,线边仓库存表,2,prod_order_id,生产工单ID,bigint,20,,N,,,N,Y,pro_production_order.prod_order_id,N,关联工单。
P0+,补充核心表,pro_line_side_inventory,线边仓库存表,3,material_id,物料ID,bigint,20,,N,,,N,Y,pro_material_master.material_id,N,物料。
P0+,补充核心表,pro_line_side_inventory,线边仓库存表,4,material_lot_id,物料批次ID,bigint,20,,Y,,,N,Y,pro_material_lot.material_lot_id,N,物料批次。
P0+,补充核心表,pro_line_side_inventory,线边仓库存表,5,serial_no,序列号,varchar,64,,Y,,,N,N,,N,单件码物料时使用。
P0+,补充核心表,pro_line_side_inventory,线边仓库存表,6,storage_location_id,库位ID,bigint,20,,Y,,,N,Y,pro_storage_location_master.storage_location_id,N,线边仓库位。
P0+,补充核心表,pro_line_side_inventory,线边仓库存表,7,qty,库存数量,numeric,18,6,N,0,,N,N,,N,当前库存量。
P0+,补充核心表,pro_line_side_inventory,线边仓库存表,8,uom,单位,varchar,20,,Y,,mes_uom,N,N,,N,单位。
P0+,补充核心表,pro_line_side_inventory,线边仓库存表,9,create_by,创建人,varchar,64,,N,,,N,N,,N,记录创建人。
P0+,补充核心表,pro_line_side_inventory,线边仓库存表,10,create_time,创建时间,timestamp,,,N,,,N,N,,N,记录创建时间。
P0+,补充核心表,pro_line_side_inventory,线边仓库存表,11,update_by,更新人,varchar,64,,Y,,,N,N,,N,记录最后更新人。
P0+,补充核心表,pro_line_side_inventory,线边仓库存表,12,update_time,更新时间,timestamp,,,Y,,,N,N,,N,记录最后更新时间。
P0+,补充核心表,pro_line_side_inventory,线边仓库存表,13,del_flag,逻辑删除标识,char,1,,N,0,sys_del_flag,N,N,,N,逻辑删除标识。
P0+,补充核心表,pro_line_side_txn,线边仓库存流水表,1,txn_id,流水ID,bigint,20,,N,,,Y,N,,N,主键。
P0+,补充核心表,pro_line_side_txn,线边仓库存流水表,2,inventory_id,库存ID,bigint,20,,N,,,N,Y,pro_line_side_inventory.inventory_id,N,关联库存。
P0+,补充核心表,pro_line_side_txn,线边仓库存流水表,3,txn_type,流水类型,varchar,20,,N,,mes_line_side_txn_type,N,N,,N,入库/出库/退料/盘点调整。
P0+,补充核心表,pro_line_side_txn,线边仓库存流水表,4,txn_qty,流水数量,numeric,18,6,N,0,,N,N,,N,正数入库，负数出库。
P0+,补充核心表,pro_line_side_txn,线边仓库存流水表,5,source_type,来源类型,varchar,32,,Y,,,N,N,,N,领料/投料/退料/盘点等。
P0+,补充核心表,pro_line_side_txn,线边仓库存流水表,6,source_id,来源ID,bigint,20,,Y,,,N,N,,N,来源业务ID。
P0+,补充核心表,pro_line_side_txn,线边仓库存流水表,7,create_by,创建人,varchar,64,,N,,,N,N,,N,记录创建人。
P0+,补充核心表,pro_line_side_txn,线边仓库存流水表,8,create_time,创建时间,timestamp,,,N,,,N,N,,N,记录创建时间。
P0+,补充核心表,pro_line_side_txn,线边仓库存流水表,9,update_by,更新人,varchar,64,,Y,,,N,N,,N,记录最后更新人。
P0+,补充核心表,pro_line_side_txn,线边仓库存流水表,10,update_time,更新时间,timestamp,,,Y,,,N,N,,N,记录最后更新时间。
P0+,补充核心表,pro_line_side_txn,线边仓库存流水表,11,del_flag,逻辑删除标识,char,1,,N,0,sys_del_flag,N,N,,N,逻辑删除标识。
P0+,补充核心表,pro_line_side_stocktake,线边仓盘点表,1,stocktake_id,盘点ID,bigint,20,,N,,,Y,N,,N,主键。
P0+,补充核心表,pro_line_side_stocktake,线边仓盘点表,2,prod_order_id,生产工单ID,bigint,20,,Y,,,N,Y,pro_production_order.prod_order_id,N,关联工单。
P0+,补充核心表,pro_line_side_stocktake,线边仓盘点表,3,stocktake_no,盘点单号,varchar,64,,N,,,N,N,,Y,盘点单号。
P0+,补充核心表,pro_line_side_stocktake,线边仓盘点表,4,stocktake_status,盘点状态,varchar,20,,N,0,mes_stocktake_status,N,N,,N,草稿/盘点中/已完成/已调整。
P0+,补充核心表,pro_line_side_stocktake,线边仓盘点表,5,create_by,创建人,varchar,64,,N,,,N,N,,N,记录创建人。
P0+,补充核心表,pro_line_side_stocktake,线边仓盘点表,6,create_time,创建时间,timestamp,,,N,,,N,N,,N,记录创建时间。
P0+,补充核心表,pro_line_side_stocktake,线边仓盘点表,7,update_by,更新人,varchar,64,,Y,,,N,N,,N,记录最后更新人。
P0+,补充核心表,pro_line_side_stocktake,线边仓盘点表,8,update_time,更新时间,timestamp,,,Y,,,N,N,,N,记录最后更新时间。
P0+,补充核心表,pro_line_side_stocktake,线边仓盘点表,9,del_flag,逻辑删除标识,char,1,,N,0,sys_del_flag,N,N,,N,逻辑删除标识。
P0+,补充核心表,pro_line_side_stocktake,线边仓盘点表,10,remark,备注,varchar,500,,Y,,,N,N,,N,补充说明。
P0+,补充核心表,pro_production_return,生产退料表,1,return_id,退料ID,bigint,20,,N,,,Y,N,,N,主键。
P0+,补充核心表,pro_production_return,生产退料表,2,prod_order_id,生产工单ID,bigint,20,,N,,,N,Y,pro_production_order.prod_order_id,N,关联工单。
P0+,补充核心表,pro_production_return,生产退料表,3,return_no,退料单号,varchar,64,,N,,,N,N,,Y,退料单号。
P0+,补充核心表,pro_production_return,生产退料表,4,return_status,退料状态,varchar,20,,N,0,mes_return_status,N,N,,N,草稿/已提交/已确认/已退回。
P0+,补充核心表,pro_production_return,生产退料表,5,create_by,创建人,varchar,64,,N,,,N,N,,N,记录创建人。
P0+,补充核心表,pro_production_return,生产退料表,6,create_time,创建时间,timestamp,,,N,,,N,N,,N,记录创建时间。
P0+,补充核心表,pro_production_return,生产退料表,7,update_by,更新人,varchar,64,,Y,,,N,N,,N,记录最后更新人。
P0+,补充核心表,pro_production_return,生产退料表,8,update_time,更新时间,timestamp,,,Y,,,N,N,,N,记录最后更新时间。
P0+,补充核心表,pro_production_return,生产退料表,9,del_flag,逻辑删除标识,char,1,,N,0,sys_del_flag,N,N,,N,逻辑删除标识。
P0+,补充核心表,pro_production_return,生产退料表,10,remark,备注,varchar,500,,Y,,,N,N,,N,补充说明。
P0++,MBR/EBR与执行引擎域,pro_mbr_import_batch,MBR导入批次表,1,import_batch_id,导入批次ID,bigint,20,,N,,,Y,N,,N,主键。
P0++,MBR/EBR与执行引擎域,pro_mbr_import_batch,MBR导入批次表,2,source_type,来源类型,varchar,20,,N,,mes_mbr_source_type,N,N,,N,PLM下发/Excel批导。
P0++,MBR/EBR与执行引擎域,pro_mbr_import_batch,MBR导入批次表,3,source_version,来源版本,varchar,64,,Y,,,N,N,,N,PLM版本号或Excel模板版本。
P0++,MBR/EBR与执行引擎域,pro_mbr_import_batch,MBR导入批次表,4,file_hash,文件哈希,varchar,128,,Y,,,N,N,,N,Excel批导时的文件SHA256。
P0++,MBR/EBR与执行引擎域,pro_mbr_import_batch,MBR导入批次表,5,import_status,导入状态,varchar,20,,N,0,mes_import_status,N,N,,N,待校验/校验中/校验通过/校验失败/已导入/已作废。
P0++,MBR/EBR与执行引擎域,pro_mbr_import_batch,MBR导入批次表,6,review_status,审核状态,varchar,20,,N,0,mes_review_status,N,N,,N,待审核/审核通过/审核驳回。
P0++,MBR/EBR与执行引擎域,pro_mbr_import_batch,MBR导入批次表,7,total_items,总条目数,integer,11,,Y,0,,N,N,,N,导入总条目数。
P0++,MBR/EBR与执行引擎域,pro_mbr_import_batch,MBR导入批次表,8,error_items,错误条目数,integer,11,,Y,0,,N,N,,N,校验失败条目数。
P0++,MBR/EBR与执行引擎域,pro_mbr_import_batch,MBR导入批次表,9,create_by,创建人,varchar,64,,N,,,N,N,,N,记录创建人。
P0++,MBR/EBR与执行引擎域,pro_mbr_import_batch,MBR导入批次表,10,create_time,创建时间,timestamp,,,N,,,N,N,,N,记录创建时间。
P0++,MBR/EBR与执行引擎域,pro_mbr_import_batch,MBR导入批次表,11,update_by,更新人,varchar,64,,Y,,,N,N,,N,记录最后更新人。
P0++,MBR/EBR与执行引擎域,pro_mbr_import_batch,MBR导入批次表,12,update_time,更新时间,timestamp,,,Y,,,N,N,,N,记录最后更新时间。
P0++,MBR/EBR与执行引擎域,pro_mbr_import_batch,MBR导入批次表,13,del_flag,逻辑删除标识,char,1,,N,0,sys_del_flag,N,N,,N,逻辑删除标识。
P0++,MBR/EBR与执行引擎域,pro_mbr_import_batch,MBR导入批次表,14,remark,备注,varchar,500,,Y,,,N,N,,N,补充说明。
P0++,MBR/EBR与执行引擎域,pro_mbr_import_item,MBR导入明细表,1,import_item_id,导入明细ID,bigint,20,,N,,,Y,N,,N,主键。
P0++,MBR/EBR与执行引擎域,pro_mbr_import_item,MBR导入明细表,2,import_batch_id,导入批次ID,bigint,20,,N,,,N,Y,pro_mbr_import_batch.import_batch_id,N,关联导入批次。
P0++,MBR/EBR与执行引擎域,pro_mbr_import_item,MBR导入明细表,3,item_type,条目类型,varchar,32,,N,,mes_mbr_import_item_type,N,N,,N,镜像头/阶段/步骤/参数/物料/设备/质控/流转规则。
P0++,MBR/EBR与执行引擎域,pro_mbr_import_item,MBR导入明细表,4,item_no,条目序号,integer,11,,Y,,,N,N,,N,导入文件中的行号。
P0++,MBR/EBR与执行引擎域,pro_mbr_import_item,MBR导入明细表,5,raw_data,原始数据,jsonb,,,Y,,,N,N,,N,导入文件中的原始数据。
P0++,MBR/EBR与执行引擎域,pro_mbr_import_item,MBR导入明细表,6,validate_status,校验状态,varchar,20,,N,0,mes_validate_status,N,N,,N,待校验/通过/失败。
P0++,MBR/EBR与执行引擎域,pro_mbr_import_item,MBR导入明细表,7,target_id,目标对象ID,bigint,20,,Y,,,N,N,,N,校验通过后生成的目标对象ID。
P0++,MBR/EBR与执行引擎域,pro_mbr_import_item,MBR导入明细表,8,create_by,创建人,varchar,64,,N,,,N,N,,N,记录创建人。
P0++,MBR/EBR与执行引擎域,pro_mbr_import_item,MBR导入明细表,9,create_time,创建时间,timestamp,,,N,,,N,N,,N,记录创建时间。
P0++,MBR/EBR与执行引擎域,pro_mbr_import_item,MBR导入明细表,10,update_by,更新人,varchar,64,,Y,,,N,N,,N,记录最后更新人。
P0++,MBR/EBR与执行引擎域,pro_mbr_import_item,MBR导入明细表,11,update_time,更新时间,timestamp,,,Y,,,N,N,,N,记录最后更新时间。
P0++,MBR/EBR与执行引擎域,pro_mbr_import_item,MBR导入明细表,12,del_flag,逻辑删除标识,char,1,,N,0,sys_del_flag,N,N,,N,逻辑删除标识。
P0++,MBR/EBR与执行引擎域,pro_mbr_import_validate_log,MBR导入校验日志表,1,validate_log_id,校验日志ID,bigint,20,,N,,,Y,N,,N,主键。
P0++,MBR/EBR与执行引擎域,pro_mbr_import_validate_log,MBR导入校验日志表,2,import_batch_id,导入批次ID,bigint,20,,N,,,N,Y,pro_mbr_import_batch.import_batch_id,N,关联导入批次。
P0++,MBR/EBR与执行引擎域,pro_mbr_import_validate_log,MBR导入校验日志表,3,import_item_id,导入明细ID,bigint,20,,Y,,,N,Y,pro_mbr_import_item.import_item_id,N,关联导入明细。
P0++,MBR/EBR与执行引擎域,pro_mbr_import_validate_log,MBR导入校验日志表,4,validate_type,校验类型,varchar,32,,N,,mes_validate_type,N,N,,N,结构完整性/引用对象/字典项/单位精度/映射。
P0++,MBR/EBR与执行引擎域,pro_mbr_import_validate_log,MBR导入校验日志表,5,validate_level,校验级别,varchar,20,,N,,mes_validate_level,N,N,,N,ERROR/WARNING/INFO。
P0++,MBR/EBR与执行引擎域,pro_mbr_import_validate_log,MBR导入校验日志表,6,validate_message,校验信息,varchar,1000,,Y,,,N,N,,N,校验结果描述。
P0++,MBR/EBR与执行引擎域,pro_mbr_import_validate_log,MBR导入校验日志表,7,create_by,创建人,varchar,64,,N,,,N,N,,N,记录创建人。
P0++,MBR/EBR与执行引擎域,pro_mbr_import_validate_log,MBR导入校验日志表,8,create_time,创建时间,timestamp,,,N,,,N,N,,N,记录创建时间。
P0++,MBR/EBR与执行引擎域,pro_mbr_import_validate_log,MBR导入校验日志表,9,update_by,更新人,varchar,64,,Y,,,N,N,,N,记录最后更新人。
P0++,MBR/EBR与执行引擎域,pro_mbr_import_validate_log,MBR导入校验日志表,10,update_time,更新时间,timestamp,,,Y,,,N,N,,N,记录最后更新时间。
P0++,MBR/EBR与执行引擎域,pro_mbr_import_validate_log,MBR导入校验日志表,11,del_flag,逻辑删除标识,char,1,,N,0,sys_del_flag,N,N,,N,逻辑删除标识。
P0++,MBR/EBR与执行引擎域,pro_mbr_import_error,MBR导入错误表,1,error_id,错误ID,bigint,20,,N,,,Y,N,,N,主键。
P0++,MBR/EBR与执行引擎域,pro_mbr_import_error,MBR导入错误表,2,import_batch_id,导入批次ID,bigint,20,,N,,,N,Y,pro_mbr_import_batch.import_batch_id,N,关联导入批次。
P0++,MBR/EBR与执行引擎域,pro_mbr_import_error,MBR导入错误表,3,import_item_id,导入明细ID,bigint,20,,Y,,,N,Y,pro_mbr_import_item.import_item_id,N,关联导入明细。
P0++,MBR/EBR与执行引擎域,pro_mbr_import_error,MBR导入错误表,4,error_code,错误代码,varchar,32,,N,,,N,N,,N,错误代码。
P0++,MBR/EBR与执行引擎域,pro_mbr_import_error,MBR导入错误表,5,error_message,错误信息,varchar,1000,,N,,,N,N,,N,错误描述。
P0++,MBR/EBR与执行引擎域,pro_mbr_import_error,MBR导入错误表,6,error_level,错误级别,varchar,20,,N,,mes_validate_level,N,N,,N,ERROR/WARNING。
P0++,MBR/EBR与执行引擎域,pro_mbr_import_error,MBR导入错误表,7,create_by,创建人,varchar,64,,N,,,N,N,,N,记录创建人。
P0++,MBR/EBR与执行引擎域,pro_mbr_import_error,MBR导入错误表,8,create_time,创建时间,timestamp,,,N,,,N,N,,N,记录创建时间。
P0++,MBR/EBR与执行引擎域,pro_mbr_import_error,MBR导入错误表,9,update_by,更新人,varchar,64,,Y,,,N,N,,N,记录最后更新人。
P0++,MBR/EBR与执行引擎域,pro_mbr_import_error,MBR导入错误表,10,update_time,更新时间,timestamp,,,Y,,,N,N,,N,记录最后更新时间。
P0++,MBR/EBR与执行引擎域,pro_mbr_import_error,MBR导入错误表,11,del_flag,逻辑删除标识,char,1,,N,0,sys_del_flag,N,N,,N,逻辑删除标识。
P0++,MBR/EBR与执行引擎域,pro_mbr_source_file,MBR来源文件表,1,source_file_id,来源文件ID,bigint,20,,N,,,Y,N,,N,主键。
P0++,MBR/EBR与执行引擎域,pro_mbr_source_file,MBR来源文件表,2,import_batch_id,导入批次ID,bigint,20,,N,,,N,Y,pro_mbr_import_batch.import_batch_id,N,关联导入批次。
P0++,MBR/EBR与执行引擎域,pro_mbr_source_file,MBR来源文件表,3,file_name,文件名,varchar,256,,N,,,N,N,,N,原始文件名。
P0++,MBR/EBR与执行引擎域,pro_mbr_source_file,MBR来源文件表,4,file_path,文件路径,varchar,500,,Y,,,N,N,,N,存储路径。
P0++,MBR/EBR与执行引擎域,pro_mbr_source_file,MBR来源文件表,5,file_hash,文件哈希,varchar,128,,Y,,,N,N,,N,SHA256。
P0++,MBR/EBR与执行引擎域,pro_mbr_source_file,MBR来源文件表,6,file_size,文件大小,bigint,20,,Y,,,N,N,,N,字节数。
P0++,MBR/EBR与执行引擎域,pro_mbr_source_file,MBR来源文件表,7,create_by,创建人,varchar,64,,N,,,N,N,,N,记录创建人。
P0++,MBR/EBR与执行引擎域,pro_mbr_source_file,MBR来源文件表,8,create_time,创建时间,timestamp,,,N,,,N,N,,N,记录创建时间。
P0++,MBR/EBR与执行引擎域,pro_mbr_source_file,MBR来源文件表,9,update_by,更新人,varchar,64,,Y,,,N,N,,N,记录最后更新人。
P0++,MBR/EBR与执行引擎域,pro_mbr_source_file,MBR来源文件表,10,update_time,更新时间,timestamp,,,Y,,,N,N,,N,记录最后更新时间。
P0++,MBR/EBR与执行引擎域,pro_mbr_source_file,MBR来源文件表,11,del_flag,逻辑删除标识,char,1,,N,0,sys_del_flag,N,N,,N,逻辑删除标识。
P0++,MBR/EBR与执行引擎域,pro_mbr_source_map,MBR来源映射表,1,source_map_id,来源映射ID,bigint,20,,N,,,Y,N,,N,主键。
P0++,MBR/EBR与执行引擎域,pro_mbr_source_map,MBR来源映射表,2,import_batch_id,导入批次ID,bigint,20,,N,,,N,Y,pro_mbr_import_batch.import_batch_id,N,关联导入批次。
P0++,MBR/EBR与执行引擎域,pro_mbr_source_map,MBR来源映射表,3,plm_version,PLM版本号,varchar,64,,Y,,,N,N,,N,PLM系统中的版本号。
P0++,MBR/EBR与执行引擎域,pro_mbr_source_map,MBR来源映射表,4,plm_mbr_id,PLM MBR ID,varchar,64,,Y,,,N,N,,N,PLM系统中的MBR标识。
P0++,MBR/EBR与执行引擎域,pro_mbr_source_map,MBR来源映射表,5,mes_mbr_id,MES MBR ID,bigint,20,,Y,,,N,Y,pro_mbr_header.mbr_id,N,MES本地MBR。
P0++,MBR/EBR与执行引擎域,pro_mbr_source_map,MBR来源映射表,6,mes_mbr_version_id,MES MBR版本ID,bigint,20,,Y,,,N,Y,pro_mbr_version.mbr_version_id,N,MES本地MBR版本。
P0++,MBR/EBR与执行引擎域,pro_mbr_source_map,MBR来源映射表,7,create_by,创建人,varchar,64,,N,,,N,N,,N,记录创建人。
P0++,MBR/EBR与执行引擎域,pro_mbr_source_map,MBR来源映射表,8,create_time,创建时间,timestamp,,,N,,,N,N,,N,记录创建时间。
P0++,MBR/EBR与执行引擎域,pro_mbr_source_map,MBR来源映射表,9,update_by,更新人,varchar,64,,Y,,,N,N,,N,记录最后更新人。
P0++,MBR/EBR与执行引擎域,pro_mbr_source_map,MBR来源映射表,10,update_time,更新时间,timestamp,,,Y,,,N,N,,N,记录最后更新时间。
P0++,MBR/EBR与执行引擎域,pro_mbr_source_map,MBR来源映射表,11,del_flag,逻辑删除标识,char,1,,N,0,sys_del_flag,N,N,,N,逻辑删除标识。
P0+,补充核心表,pro_dhr_data_source,DHR取数来源配置表,1,data_source_id,取数来源ID,bigint,20,,N,,,Y,N,,N,主键。
P0+,补充核心表,pro_dhr_data_source,DHR取数来源配置表,2,source_code,来源编码,varchar,64,,N,,,N,N,,Y,如ebr_step/ebr_param/weighing/inspection/scada等。
P0+,补充核心表,pro_dhr_data_source,DHR取数来源配置表,3,source_name,来源名称,varchar,128,,N,,,N,N,,N,来源显示名称。
P0+,补充核心表,pro_dhr_data_source,DHR取数来源配置表,4,source_table,来源表名,varchar,128,,Y,,,N,N,,N,来源数据库表名。
P0+,补充核心表,pro_dhr_data_source,DHR取数来源配置表,5,source_query,来源查询SQL,text,,,Y,,,N,N,,N,自定义取数查询。
P0+,补充核心表,pro_dhr_data_source,DHR取数来源配置表,6,status,状态,varchar,20,,N,0,status_dict,N,N,,N,启用/停用。
P0+,补充核心表,pro_dhr_data_source,DHR取数来源配置表,7,create_by,创建人,varchar,64,,N,,,N,N,,N,记录创建人。
P0+,补充核心表,pro_dhr_data_source,DHR取数来源配置表,8,create_time,创建时间,timestamp,,,N,,,N,N,,N,记录创建时间。
P0+,补充核心表,pro_dhr_data_source,DHR取数来源配置表,9,update_by,更新人,varchar,64,,Y,,,N,N,,N,记录最后更新人。
P0+,补充核心表,pro_dhr_data_source,DHR取数来源配置表,10,update_time,更新时间,timestamp,,,Y,,,N,N,,N,记录最后更新时间。
P0+,补充核心表,pro_dhr_data_source,DHR取数来源配置表,11,del_flag,逻辑删除标识,char,1,,N,0,sys_del_flag,N,N,,N,逻辑删除标识。
P0+,补充核心表,pro_dhr_field_mapping,DHR字段映射配置表,1,mapping_id,映射ID,bigint,20,,N,,,Y,N,,N,主键。
P0+,补充核心表,pro_dhr_field_mapping,DHR字段映射配置表,2,data_source_id,取数来源ID,bigint,20,,N,,,N,Y,pro_dhr_data_source.data_source_id,N,关联取数来源。
P0+,补充核心表,pro_dhr_field_mapping,DHR字段映射配置表,3,dhr_field_code,DHR字段编码,varchar,64,,N,,,N,N,,N,DHR模板中的字段编码。
P0+,补充核心表,pro_dhr_field_mapping,DHR字段映射配置表,4,source_field,来源字段,varchar,128,,Y,,,N,N,,N,来源表中的字段名。
P0+,补充核心表,pro_dhr_field_mapping,DHR字段映射配置表,5,aggregate_rule,聚合规则,varchar,32,,Y,,mes_aggregate_rule,N,N,,N,SUM/AVG/MAX/MIN/COUNT/LIST/FIRST/LAST。
P0+,补充核心表,pro_dhr_field_mapping,DHR字段映射配置表,6,format_rule,格式化规则,varchar,200,,Y,,,N,N,,N,日期格式、精度、单位转换等。
P0+,补充核心表,pro_dhr_field_mapping,DHR字段映射配置表,7,missing_value,缺失值处理,varchar,200,,Y,,,N,N,,N,数据缺失时的默认值或提示。
P0+,补充核心表,pro_dhr_field_mapping,DHR字段映射配置表,8,required_flag,是否必填,char,1,,N,0,sys_yes_no,N,N,,N,是否必填。
P0+,补充核心表,pro_dhr_field_mapping,DHR字段映射配置表,9,create_by,创建人,varchar,64,,N,,,N,N,,N,记录创建人。
P0+,补充核心表,pro_dhr_field_mapping,DHR字段映射配置表,10,create_time,创建时间,timestamp,,,N,,,N,N,,N,记录创建时间。
P0+,补充核心表,pro_dhr_field_mapping,DHR字段映射配置表,11,update_by,更新人,varchar,64,,Y,,,N,N,,N,记录最后更新人。
P0+,补充核心表,pro_dhr_field_mapping,DHR字段映射配置表,12,update_time,更新时间,timestamp,,,Y,,,N,N,,N,记录最后更新时间。
P0+,补充核心表,pro_dhr_field_mapping,DHR字段映射配置表,13,del_flag,逻辑删除标识,char,1,,N,0,sys_del_flag,N,N,,N,逻辑删除标识。
P0+,补充核心表,pro_dhr_render_task,DHR渲染任务表,1,render_task_id,渲染任务ID,bigint,20,,N,,,Y,N,,N,主键。
P0+,补充核心表,pro_dhr_render_task,DHR渲染任务表,2,dhr_template_id,DHR模板ID,bigint,20,,N,,,N,Y,pro_dhr_header.dhr_id,N,关联DHR模板。
P0+,补充核心表,pro_dhr_render_task,DHR渲染任务表,3,template_version,模板版本,varchar,20,,Y,,,N,N,,N,渲染时使用的模板版本。
P0+,补充核心表,pro_dhr_render_task,DHR渲染任务表,4,business_type,业务对象类型,varchar,32,,N,,,N,N,,N,工单/批次/序列号。
P0+,补充核心表,pro_dhr_render_task,DHR渲染任务表,5,business_id,业务对象ID,bigint,20,,N,,,N,N,,N,业务对象主键。
P0+,补充核心表,pro_dhr_render_task,DHR渲染任务表,6,plan_no,配套计划号,varchar,64,,Y,,,N,N,,N,配套计划号。
P0+,补充核心表,pro_dhr_render_task,DHR渲染任务表,7,lot_no,批次号,varchar,64,,Y,,,N,N,,N,批次号。
P0+,补充核心表,pro_dhr_render_task,DHR渲染任务表,8,snapshot_time,数据快照时间,timestamp,,,Y,,,N,N,,N,取数快照时间。
P0+,补充核心表,pro_dhr_render_task,DHR渲染任务表,9,render_status,渲染状态,varchar,20,,N,0,mes_render_status,N,N,,N,待渲染/渲染中/已完成/失败。
P0+,补充核心表,pro_dhr_render_task,DHR渲染任务表,10,fail_reason,失败原因,varchar,1000,,Y,,,N,N,,N,渲染失败原因。
P0+,补充核心表,pro_dhr_render_task,DHR渲染任务表,11,retry_count,重试次数,integer,11,,N,0,,N,N,,N,已重试次数。
P0+,补充核心表,pro_dhr_render_task,DHR渲染任务表,12,output_file_path,输出文件路径,varchar,500,,Y,,,N,N,,N,渲染结果文件路径。
P0+,补充核心表,pro_dhr_render_task,DHR渲染任务表,13,create_by,创建人,varchar,64,,N,,,N,N,,N,记录创建人。
P0+,补充核心表,pro_dhr_render_task,DHR渲染任务表,14,create_time,创建时间,timestamp,,,N,,,N,N,,N,记录创建时间。
P0+,补充核心表,pro_dhr_render_task,DHR渲染任务表,15,update_by,更新人,varchar,64,,Y,,,N,N,,N,记录最后更新人。
P0+,补充核心表,pro_dhr_render_task,DHR渲染任务表,16,update_time,更新时间,timestamp,,,Y,,,N,N,,N,记录最后更新时间。
P0+,补充核心表,pro_dhr_render_task,DHR渲染任务表,17,del_flag,逻辑删除标识,char,1,,N,0,sys_del_flag,N,N,,N,逻辑删除标识。
P0+,补充核心表,pro_dhr_render_result,DHR渲染结果表,1,render_result_id,渲染结果ID,bigint,20,,N,,,Y,N,,N,主键。
P0+,补充核心表,pro_dhr_render_result,DHR渲染结果表,2,render_task_id,渲染任务ID,bigint,20,,N,,,N,Y,pro_dhr_render_task.render_task_id,N,关联渲染任务。
P0+,补充核心表,pro_dhr_render_result,DHR渲染结果表,3,file_name,文件名,varchar,256,,Y,,,N,N,,N,生成的文件名。
P0+,补充核心表,pro_dhr_render_result,DHR渲染结果表,4,file_path,文件路径,varchar,500,,Y,,,N,N,,N,文件存储路径。
P0+,补充核心表,pro_dhr_render_result,DHR渲染结果表,5,file_hash,文件哈希,varchar,128,,Y,,,N,N,,N,文件SHA256。
P0+,补充核心表,pro_dhr_render_result,DHR渲染结果表,6,result_status,结果状态,varchar,20,,N,0,mes_render_result_status,N,N,,N,有效/已重生成/已作废。
P0+,补充核心表,pro_dhr_render_result,DHR渲染结果表,7,regenerate_reason,重生成原因,varchar,500,,Y,,,N,N,,N,重生成时填写原因。
P0+,补充核心表,pro_dhr_render_result,DHR渲染结果表,8,prev_result_id,前一版本结果ID,bigint,20,,Y,,,N,Y,pro_dhr_render_result.render_result_id,N,重生成时关联前一版本。
P0+,补充核心表,pro_dhr_render_result,DHR渲染结果表,9,create_by,创建人,varchar,64,,N,,,N,N,,N,记录创建人。
P0+,补充核心表,pro_dhr_render_result,DHR渲染结果表,10,create_time,创建时间,timestamp,,,N,,,N,N,,N,记录创建时间。
P0+,补充核心表,pro_dhr_render_result,DHR渲染结果表,11,update_by,更新人,varchar,64,,Y,,,N,N,,N,记录最后更新人。
P0+,补充核心表,pro_dhr_render_result,DHR渲染结果表,12,update_time,更新时间,timestamp,,,Y,,,N,N,,N,记录最后更新时间。
P0+,补充核心表,pro_dhr_render_result,DHR渲染结果表,13,del_flag,逻辑删除标识,char,1,,N,0,sys_del_flag,N,N,,N,逻辑删除标识。
P0+,补充核心表,pro_dhr_render_log,DHR渲染日志表,1,render_log_id,日志ID,bigint,20,,N,,,Y,N,,N,主键。
P0+,补充核心表,pro_dhr_render_log,DHR渲染日志表,2,render_task_id,渲染任务ID,bigint,20,,N,,,N,Y,pro_dhr_render_task.render_task_id,N,关联渲染任务。
P0+,补充核心表,pro_dhr_render_log,DHR渲染日志表,3,log_level,日志级别,varchar,20,,N,,mes_log_level,N,N,,N,INFO/WARN/ERROR。
P0+,补充核心表,pro_dhr_render_log,DHR渲染日志表,4,log_message,日志信息,text,,,Y,,,N,N,,N,日志内容。
P0+,补充核心表,pro_dhr_render_log,DHR渲染日志表,5,create_by,创建人,varchar,64,,N,,,N,N,,N,记录创建人。
P0+,补充核心表,pro_dhr_render_log,DHR渲染日志表,6,create_time,创建时间,timestamp,,,N,,,N,N,,N,记录创建时间。
P0+,补充核心表,pro_dhr_render_log,DHR渲染日志表,7,update_by,更新人,varchar,64,,Y,,,N,N,,N,记录最后更新人。
P0+,补充核心表,pro_dhr_render_log,DHR渲染日志表,8,update_time,更新时间,timestamp,,,Y,,,N,N,,N,记录最后更新时间。
P0+,补充核心表,pro_dhr_render_log,DHR渲染日志表,9,del_flag,逻辑删除标识,char,1,,N,0,sys_del_flag,N,N,,N,逻辑删除标识。
